{
  "bank_name": "BOI",
  "account_number": "609838031166",
  "account_holder": "VIVEK DESAI",
  "statement_period": "April 01, 2024 to March 31, 2025",
  "transactions": [
    {
      "transaction_date": "2024-04-01",
      "description": "BUPI/756975056441/01-04-2024\n19:56:57/UPI",
      "amount": 1490.17,
      "transaction_type": "DEBIT",
      "bank_name": "BOI",
      "account_number": "609838031166",
      "balance": 289074.67
    },
    {
      "transaction_date": "2024-04-01",
      "description": "BUPI/736048914088/01-04-2024\n20:41:12/UPI",
      "amount": 1363.46,
      "transaction_type": "DEBIT",
      "bank_name": "BOI",
      "account_number": "609838031166",
      "balance": 287711.21
    },
    {
      "transaction_date": "2024-04-02",
      "description": "NEFT-REFUND",
      "amount": 2263.49,
      "transaction_type": "CREDIT",
      "bank_name": "BOI",
      "account_number": "609838031166",
      "balance": 289974.7
    },
    {
      "transaction_date": "2024-04-03",
      "description": "BUPI/761583981798/03-04-2024\n21:57:21/UPI",
      "amount": 1053.31,
      "transaction_type": "DEBIT",
      "bank_name": "BOI",
      "account_number": "609838031166",
      "balance": 288921.39
    },
    {
      "transaction_date": "2024-04-03",
      "description": "CWDR//182011/MSO9047",
      "amount": 7473.02,
      "transaction_type": "DEBIT",
      "bank_name": "BOI",
      "account_number": "609838031166",
      "balance": 281448.37
    },
    {
      "transaction_date": "2024-04-04",
      "description": "salary",
      "amount": 44480.4,
      "transaction_type": "CREDIT",
      "bank_name": "BOI",
      "account_number": "609838031166",
      "balance": 325928.77
    },
    {
      "transaction_date": "2024-04-04",
      "description": "loan rec",
      "amount": 9108.18,
      "transaction_type": "DEBIT",
      "bank_name": "BOI",
      "account_number": "609838031166",
      "balance": 316820.59
    },
    {
      "transaction_date": "2024-04-04",
      "description": "MEDR/HATHWAY/630630/",
      "amount": 1929.85,
      "transaction_type": "DEBIT",
      "bank_name": "BOI",
      "account_number": "609838031166",
      "balance": 314890.74
    },
    {
      "transaction_date": "2024-04-04",
      "description": "NEFT-TRANSFER",
      "amount": 1982.34,
      "transaction_type": "CREDIT",
      "bank_name": "BOI",
      "account_number": "609838031166",
      "balance": 316873.08
    },
    {
      "transaction_date": "2024-04-04",
      "description": "BUPI/772588658177/04-04-2024\n05:40:02/UPI",
      "amount": 2091.69,
      "transaction_type": "DEBIT",
      "bank_name": "BOI",
      "account_number": "609838031166",
      "balance": 314781.39
    },
    {
      "transaction_date": "2024-04-05",
      "description": "CWDR//699407/ID046101",
      "amount": 4462.04,
      "transaction_type": "DEBIT",
      "bank_name": "BOI",
      "account_number": "609838031166",
      "balance": 310319.35
    },
    {
      "transaction_date": "2024-04-06",
      "description": "MEDR/ZOMATO ORD/681095/",
      "amount": 299.18,
      "transaction_type": "DEBIT",
      "bank_name": "BOI",
      "account_number": "609838031166",
      "balance": 310020.17
    },
    {
      "transaction_date": "2024-04-06",
      "description": "NEFT-REFUND",
      "amount": 567.06,
      "transaction_type": "CREDIT",
      "bank_name": "BOI",
      "account_number": "609838031166",
      "balance": 310587.23
    },
    {
      "transaction_date": "2024-04-06",
      "description": "MEDR/SPENCER RET/878294/",
      "amount": 1917.38,
      "transaction_type": "DEBIT",
      "bank_name": "BOI",
      "account_number": "609838031166",
      "balance": 308669.85
    },
    {
      "transaction_date": "2024-04-07",
      "description": "CWDR//194235/TPCN1257",
      "amount": 1382.54,
      "transaction_type": "DEBIT",
      "bank_name": "BOI",
      "account_number": "609838031166",
      "balance": 307287.31
    },
    {
      "transaction_date": "2024-04-07",
      "description": "CWDR//662424/MSO9047",
      "amount": 6539.7,
      "transaction_type": "DEBIT",
      "bank_name": "BOI",
      "account_number": "609838031166",
      "balance": 300747.61
    },
    {
      "transaction_date": "2024-04-07",
      "description": "BUPI/760427324692/07-04-2024\n02:56:50/UPI",
      "amount": 2480.35,
      "transaction_type": "DEBIT",
      "bank_name": "BOI",
      "account_number": "609838031166",
      "balance": 298267.26
    },
    {
      "transaction_date": "2024-04-07",
      "description": "MEDR/SCH ADMIS/353780/",
      "amount": 14980.29,
      "transaction_type": "DEBIT",
      "bank_name": "BOI",
      "account_number": "609838031166",
      "balance": 283286.97
    },
    {
      "transaction_date": "2024-04-08",
      "description": "MEDR/ZOMATO DEL/584745/",
      "amount": 1477.7,
      "transaction_type": "DEBIT",
      "bank_name": "BOI",
      "account_number": "609838031166",
      "balance": 281809.27
    },
    {
      "transaction_date": "2024-04-08",
      "description": "SMSChargesQtrAPR24-JUN24+GST@18",
      "amount": 12.08,
      "transaction_type": "DEBIT",
      "bank_name": "BOI",
      "account_number": "609838031166",
      "balance": 281797.19
    },
    {
      "transaction_date": "2024-04-08",
      "description": "MEDR/MSEDCL/588558/",
      "amount": 1243.84,
      "transaction_type": "DEBIT",
      "bank_name": "BOI",
      "account_number": "609838031166",
      "balance": 280553.35
    },
    {
      "transaction_date": "2024-04-08",
      "description": "MEDR/SHELL FUEL/748884/",
      "amount": 1411.84,
      "transaction_type": "DEBIT",
      "bank_name": "BOI",
      "account_number": "609838031166",
      "balance": 279141.51
    },
    {
      "transaction_date": "2024-04-09",
      "description": "BUPI/776373716302/09-04-2024\n14:09:20/UPI",
      "amount": 1213.8,
      "transaction_type": "DEBIT",
      "bank_name": "BOI",
      "account_number": "609838031166",
      "balance": 277927.71
    },
    {
      "transaction_date": "2024-04-09",
      "description": "MEDR/HPCL PUMP/613952/",
      "amount": 954.94,
      "transaction_type": "DEBIT",
      "bank_name": "BOI",
      "account_number": "609838031166",
      "balance": 276972.77
    },
    {
      "transaction_date": "2024-04-10",
      "description": "BUPI/746517890786/10-04-2024\n02:12:10/UPI",
      "amount": 1986.17,
      "transaction_type": "DEBIT",
      "bank_name": "BOI",
      "account_number": "609838031166",
      "balance": 274986.6
    },
    {
      "transaction_date": "2024-04-10",
      "description": "NEFT-TRANSFER",
      "amount": 4633.55,
      "transaction_type": "CREDIT",
      "bank_name": "BOI",
      "account_number": "609838031166",
      "balance": 279620.15
    },
    {
      "transaction_date": "2024-04-10",
      "description": "MEDR/AIRTEL RCH/971989/",
      "amount": 1905.43,
      "transaction_type": "DEBIT",
      "bank_name": "BOI",
      "account_number": "609838031166",
      "balance": 277714.72
    },
    {
      "transaction_date": "2024-04-11",
      "description": "MEDR/BESCOM/229740/",
      "amount": 694.47,
      "transaction_type": "DEBIT",
      "bank_name": "BOI",
      "account_number": "609838031166",
      "balance": 277020.25
    },
    {
      "transaction_date": "2024-04-11",
      "description": "MEDR/SWIGGY/406358/",
      "amount": 304.93,
      "transaction_type": "DEBIT",
      "bank_name": "BOI",
      "account_number": "609838031166",
      "balance": 276715.32
    },
    {
      "transaction_date": "2024-04-11",
      "description": "MEDR/FLIPKART IND/152475/",
      "amount": 1759.6,
      "transaction_type": "DEBIT",
      "bank_name": "BOI",
      "account_number": "609838031166",
      "balance": 274955.72
    },
    {
      "transaction_date": "2024-04-11",
      "description": "MEDR/METRO RCH/860590/",
      "amount": 121.14,
      "transaction_type": "DEBIT",
      "bank_name": "BOI",
      "account_number": "609838031166",
      "balance": 274834.58
    },
    {
      "transaction_date": "2024-04-12",
      "description": "NACH DR INW - HDFC BANK LIMITED\n/ 7271436262 / AGL",
      "amount": 10372.29,
      "transaction_type": "DEBIT",
      "bank_name": "BOI",
      "account_number": "609838031166",
      "balance": 264462.29
    },
    {
      "transaction_date": "2024-04-12",
      "description": "BUPI/759973487740/12-04-2024\n21:46:18/UPI",
      "amount": 1496.16,
      "transaction_type": "DEBIT",
      "bank_name": "BOI",
      "account_number": "609838031166",
      "balance": 262966.13
    },
    {
      "transaction_date": "2024-04-12",
      "description": "MEDR/PIZZA HUT/132316/",
      "amount": 1476.64,
      "transaction_type": "DEBIT",
      "bank_name": "BOI",
      "account_number": "609838031166",
      "balance": 261489.49
    },
    {
      "transaction_date": "2024-04-13",
      "description": "CWDR//114549/CS046112",
      "amount": 7177.59,
      "transaction_type": "DEBIT",
      "bank_name": "BOI",
      "account_number": "609838031166",
      "balance": 254311.9
    },
    {
      "transaction_date": "2024-04-13",
      "description": "CWDR//348505/DWCW278",
      "amount": 3488.58,
      "transaction_type": "DEBIT",
      "bank_name": "BOI",
      "account_number": "609838031166",
      "balance": 250823.32
    },
    {
      "transaction_date": "2024-04-13",
      "description": "NEFT-REFUND",
      "amount": 4334.89,
      "transaction_type": "CREDIT",
      "bank_name": "BOI",
      "account_number": "609838031166",
      "balance": 255158.21
    },
    {
      "transaction_date": "2024-04-14",
      "description": "MEDR/HP GAS/354579/",
      "amount": 562.45,
      "transaction_type": "DEBIT",
      "bank_name": "BOI",
      "account_number": "609838031166",
      "balance": 254595.76
    },
    {
      "transaction_date": "2024-04-14",
      "description": "CWDR//291894/ID046101",
      "amount": 2374.43,
      "transaction_type": "DEBIT",
      "bank_name": "BOI",
      "account_number": "609838031166",
      "balance": 252221.33
    },
    {
      "transaction_date": "2024-04-14",
      "description": "NACH DR INW - AXIS BANK\n/ 6027722640 / AGL",
      "amount": 10301.41,
      "transaction_type": "DEBIT",
      "bank_name": "BOI",
      "account_number": "609838031166",
      "balance": 241919.92
    },
    {
      "transaction_date": "2024-04-14",
      "description": "BUPI/798842446182/14-04-2024\n15:51:55/UPI",
      "amount": 2299.12,
      "transaction_type": "DEBIT",
      "bank_name": "BOI",
      "account_number": "609838031166",
      "balance": 239620.8
    },
    {
      "transaction_date": "2024-04-15",
      "description": "BUPI/718604096908/15-04-2024\n17:09:12/UPI",
      "amount": 2365.71,
      "transaction_type": "DEBIT",
      "bank_name": "BOI",
      "account_number": "609838031166",
      "balance": 237255.09
    },
    {
      "transaction_date": "2024-04-16",
      "description": "BUPI/793990607645/16-04-2024\n15:50:26/UPI",
      "amount": 209.51,
      "transaction_type": "DEBIT",
      "bank_name": "BOI",
      "account_number": "609838031166",
      "balance": 237045.58
    },
    {
      "transaction_date": "2024-04-17",
      "description": "BUPI/700180629556/17-04-2024\n20:30:46/UPI",
      "amount": 2403.11,
      "transaction_type": "DEBIT",
      "bank_name": "BOI",
      "account_number": "609838031166",
      "balance": 234642.47
    },
    {
      "transaction_date": "2024-04-17",
      "description": "NEFT-PAYMENT",
      "amount": 1630.05,
      "transaction_type": "CREDIT",
      "bank_name": "BOI",
      "account_number": "609838031166",
      "balance": 236272.52
    },
    {
      "transaction_date": "2024-04-17",
      "description": "CWDR//198912/MSO9047",
      "amount": 5304.46,
      "transaction_type": "DEBIT",
      "bank_name": "BOI",
      "account_number": "609838031166",
      "balance": 230968.06
    },
    {
      "transaction_date": "2024-04-17",
      "description": "SMSChargesQtrAPR24-JUN24+GST@18",
      "amount": 92.31,
      "transaction_type": "DEBIT",
      "bank_name": "BOI",
      "account_number": "609838031166",
      "balance": 230875.75
    },
    {
      "transaction_date": "2024-04-18",
      "description": "NACH DR INW - AXIS BANK\n/ 6847462830 / AGL",
      "amount": 10503.36,
      "transaction_type": "DEBIT",
      "bank_name": "BOI",
      "account_number": "609838031166",
      "balance": 220372.39
    },
    {
      "transaction_date": "2024-04-18",
      "description": "MEDR/AIRTEL NET/430052/",
      "amount": 1875.92,
      "transaction_type": "DEBIT",
      "bank_name": "BOI",
      "account_number": "609838031166",
      "balance": 218496.47
    },
    {
      "transaction_date": "2024-04-18",
      "description": "Service Charges",
      "amount": 91.21,
      "transaction_type": "DEBIT",
      "bank_name": "BOI",
      "account_number": "609838031166",
      "balance": 218405.26
    },
    {
      "transaction_date": "2024-04-18",
      "description": "MEDR/RELIANCE FRS/331098/",
      "amount": 1471.52,
      "transaction_type": "DEBIT",
      "bank_name": "BOI",
      "account_number": "609838031166",
      "balance": 216933.74
    },
    {
      "transaction_date": "2024-04-19",
      "description": "SMSChargesQtrAPR24-JUN24+GST@18",
      "amount": 38.65,
      "transaction_type": "DEBIT",
      "bank_name": "BOI",
      "account_number": "609838031166",
      "balance": 216895.09
    },
    {
      "transaction_date": "2024-04-19",
      "description": "MEDR/SWIGGY ORD/438529/",
      "amount": 1499.9,
      "transaction_type": "DEBIT",
      "bank_name": "BOI",
      "account_number": "609838031166",
      "balance": 215395.19
    },
    {
      "transaction_date": "2024-04-20",
      "description": "BUPI/773816224714/20-04-2024\n21:55:26/UPI",
      "amount": 919.37,
      "transaction_type": "DEBIT",
      "bank_name": "BOI",
      "account_number": "609838031166",
      "balance": 214475.82
    },
    {
      "transaction_date": "2024-04-20",
      "description": "CWDR//117304/ID046101",
      "amount": 4182.55,
      "transaction_type": "DEBIT",
      "bank_name": "BOI",
      "account_number": "609838031166",
      "balance": 210293.27
    },
    {
      "transaction_date": "2024-04-20",
      "description": "NEFT-PAYMENT",
      "amount": 2393.1,
      "transaction_type": "CREDIT",
      "bank_name": "BOI",
      "account_number": "609838031166",
      "balance": 212686.37
    },
    {
      "transaction_date": "2024-04-20",
      "description": "CWDR//477021/TPCN1257",
      "amount": 1254.26,
      "transaction_type": "DEBIT",
      "bank_name": "BOI",
      "account_number": "609838031166",
      "balance": 211432.11
    },
    {
      "transaction_date": "2024-04-20",
      "description": "CWRR//477021/TPCN1257",
      "amount": 1254.26,
      "transaction_type": "CREDIT",
      "bank_name": "BOI",
      "account_number": "609838031166",
      "balance": 212686.37
    },
    {
      "transaction_date": "2024-04-21",
      "description": "CWDR//888640/ID046101",
      "amount": 2932.91,
      "transaction_type": "DEBIT",
      "bank_name": "BOI",
      "account_number": "609838031166",
      "balance": 209753.46
    },
    {
      "transaction_date": "2024-04-21",
      "description": "MEDR/NETMEDS/887485/",
      "amount": 1160.44,
      "transaction_type": "DEBIT",
      "bank_name": "BOI",
      "account_number": "609838031166",
      "balance": 208593.02
    },
    {
      "transaction_date": "2024-04-21",
      "description": "MEDR/IRCTC/227601/",
      "amount": 1571.95,
      "transaction_type": "DEBIT",
      "bank_name": "BOI",
      "account_number": "609838031166",
      "balance": 207021.07
    },
    {
      "transaction_date": "2024-04-22",
      "description": "CWDR//471363/CSO9013",
      "amount": 2816.97,
      "transaction_type": "DEBIT",
      "bank_name": "BOI",
      "account_number": "609838031166",
      "balance": 204204.1
    },
    {
      "transaction_date": "2024-04-22",
      "description": "BUPI/702575711455/22-04-2024\n21:11:47/UPI",
      "amount": 1322.79,
      "transaction_type": "DEBIT",
      "bank_name": "BOI",
      "account_number": "609838031166",
      "balance": 202881.31
    },
    {
      "transaction_date": "2024-04-22",
      "description": "CWDR//972879/CS046112",
      "amount": 6558.75,
      "transaction_type": "DEBIT",
      "bank_name": "BOI",
      "account_number": "609838031166",
      "balance": 196322.56
    },
    {
      "transaction_date": "2024-04-22",
      "description": "MEDR/BMRC METRO/929179/",
      "amount": 815.98,
      "transaction_type": "DEBIT",
      "bank_name": "BOI",
      "account_number": "609838031166",
      "balance": 195506.58
    },
    {
      "transaction_date": "2024-04-23",
      "description": "BUPI/724560274181/23-04-2024\n06:36:43/UPI",
      "amount": 2341.97,
      "transaction_type": "DEBIT",
      "bank_name": "BOI",
      "account_number": "609838031166",
      "balance": 193164.61
    },
    {
      "transaction_date": "2024-04-24",
      "description": "BUPI/711454528819/24-04-2024\n05:33:59/UPI",
      "amount": 2428.04,
      "transaction_type": "DEBIT",
      "bank_name": "BOI",
      "account_number": "609838031166",
      "balance": 190736.57
    },
    {
      "transaction_date": "2024-04-24",
      "description": "NEFT-REIMBURSEMENT",
      "amount": 2832.33,
      "transaction_type": "CREDIT",
      "bank_name": "BOI",
      "account_number": "609838031166",
      "balance": 193568.9
    },
    {
      "transaction_date": "2024-04-24",
      "description": "NEFT-PAYMENT",
      "amount": 1371.84,
      "transaction_type": "CREDIT",
      "bank_name": "BOI",
      "account_number": "609838031166",
      "balance": 194940.74
    },
    {
      "transaction_date": "2024-04-24",
      "description": "CWDR//808206/MSO9047",
      "amount": 3380.14,
      "transaction_type": "DEBIT",
      "bank_name": "BOI",
      "account_number": "609838031166",
      "balance": 191560.6
    },
    {
      "transaction_date": "2024-04-25",
      "description": "BUPI/781829401447/25-04-2024\n00:44:20/UPI",
      "amount": 850.5,
      "transaction_type": "DEBIT",
      "bank_name": "BOI",
      "account_number": "609838031166",
      "balance": 190710.1
    },
    {
      "transaction_date": "2024-04-25",
      "description": "CWDR//480668/NKOL6146",
      "amount": 1666.89,
      "transaction_type": "DEBIT",
      "bank_name": "BOI",
      "account_number": "609838031166",
      "balance": 189043.21
    },
    {
      "transaction_date": "2024-04-25",
      "description": "MEDR/ADANI GAS/779922/",
      "amount": 1716.77,
      "transaction_type": "DEBIT",
      "bank_name": "BOI",
      "account_number": "609838031166",
      "balance": 187326.44
    },
    {
      "transaction_date": "2024-04-26",
      "description": "BUPI/774538087554/26-04-2024\n10:45:49/UPI",
      "amount": 1646.58,
      "transaction_type": "DEBIT",
      "bank_name": "BOI",
      "account_number": "609838031166",
      "balance": 185679.86
    },
    {
      "transaction_date": "2024-04-27",
      "description": "BUPI/752202102248/27-04-2024\n19:17:54/UPI",
      "amount": 1652.68,
      "transaction_type": "DEBIT",
      "bank_name": "BOI",
      "account_number": "609838031166",
      "balance": 184027.18
    },
    {
      "transaction_date": "2024-04-27",
      "description": "BUPI/747095379333/27-04-2024\n00:21:51/UPI",
      "amount": 242.82,
      "transaction_type": "DEBIT",
      "bank_name": "BOI",
      "account_number": "609838031166",
      "balance": 183784.36
    },
    {
      "transaction_date": "2024-04-27",
      "description": "CWDR//795384/CS046112",
      "amount": 2078.59,
      "transaction_type": "DEBIT",
      "bank_name": "BOI",
      "account_number": "609838031166",
      "balance": 181705.77
    },
    {
      "transaction_date": "2024-04-27",
      "description": "NACH DR INW - ICICI BANK\n/ 2138132804 / AGL",
      "amount": 5132.03,
      "transaction_type": "DEBIT",
      "bank_name": "BOI",
      "account_number": "609838031166",
      "balance": 176573.74
    },
    {
      "transaction_date": "2024-04-28",
      "description": "MEDR/CINEPOLIS/664684/",
      "amount": 1124.55,
      "transaction_type": "DEBIT",
      "bank_name": "BOI",
      "account_number": "609838031166",
      "balance": 175449.19
    },
    {
      "transaction_date": "2024-04-28",
      "description": "CWDR//395082/TPCN1257",
      "amount": 1880.86,
      "transaction_type": "DEBIT",
      "bank_name": "BOI",
      "account_number": "609838031166",
      "balance": 173568.33
    },
    {
      "transaction_date": "2024-04-28",
      "description": "MEDR/RAPIDO/560396/",
      "amount": 1669.1,
      "transaction_type": "DEBIT",
      "bank_name": "BOI",
      "account_number": "609838031166",
      "balance": 171899.23
    },
    {
      "transaction_date": "2024-04-28",
      "description": "MEDR/ZOMATO FD/996127/",
      "amount": 1389.23,
      "transaction_type": "DEBIT",
      "bank_name": "BOI",
      "account_number": "609838031166",
      "balance": 170510.0
    },
    {
      "transaction_date": "2024-04-29",
      "description": "NEFT-MONTHLY RENT602612/",
      "amount": 13635.13,
      "transaction_type": "DEBIT",
      "bank_name": "BOI",
      "account_number": "609838031166",
      "balance": 156874.87
    },
    {
      "transaction_date": "2024-04-29",
      "description": "BUPI/743518203509/29-04-2024\n12:05:59/UPI",
      "amount": 586.25,
      "transaction_type": "DEBIT",
      "bank_name": "BOI",
      "account_number": "609838031166",
      "balance": 156288.62
    },
    {
      "transaction_date": "2024-04-30",
      "description": "MEDR/KFC REST/374174/",
      "amount": 1212.68,
      "transaction_type": "DEBIT",
      "bank_name": "BOI",
      "account_number": "609838031166",
      "balance": 155075.94
    },
    {
      "transaction_date": "2024-04-30",
      "description": "NEFT-RENT PAYMENT585198/",
      "amount": 8694.07,
      "transaction_type": "DEBIT",
      "bank_name": "BOI",
      "account_number": "609838031166",
      "balance": 146381.87
    },
    {
      "transaction_date": "2024-04-30",
      "description": "MEDR/FLIPKART PAY/420196/",
      "amount": 199.43,
      "transaction_type": "DEBIT",
      "bank_name": "BOI",
      "account_number": "609838031166",
      "balance": 146182.44
    },
    {
      "transaction_date": "2024-05-01",
      "description": "BUPI/776068770162/01-05-2024\n18:22:15/UPI",
      "amount": 1063.0,
      "transaction_type": "DEBIT",
      "bank_name": "BOI",
      "account_number": "609838031166",
      "balance": 145119.44
    },
    {
      "transaction_date": "2024-05-02",
      "description": "CWDR//583225/ID046101",
      "amount": 6705.75,
      "transaction_type": "DEBIT",
      "bank_name": "BOI",
      "account_number": "609838031166",
      "balance": 138413.69
    },
    {
      "transaction_date": "2024-05-03",
      "description": "CWDR//443124/CPCN0170",
      "amount": 2758.68,
      "transaction_type": "DEBIT",
      "bank_name": "BOI",
      "account_number": "609838031166",
      "balance": 135655.01
    },
    {
      "transaction_date": "2024-05-03",
      "description": "BUPI/714987248597/03-05-2024\n05:36:58/UPI",
      "amount": 354.91,
      "transaction_type": "DEBIT",
      "bank_name": "BOI",
      "account_number": "609838031166",
      "balance": 135300.1
    },
    {
      "transaction_date": "2024-05-03",
      "description": "BUPI/770986439591/03-05-2024\n10:55:01/UPI",
      "amount": 2444.91,
      "transaction_type": "DEBIT",
      "bank_name": "BOI",
      "account_number": "609838031166",
      "balance": 132855.19
    },
    {
      "transaction_date": "2024-05-03",
      "description": "MEDR/SUBWAY/837684/",
      "amount": 450.97,
      "transaction_type": "DEBIT",
      "bank_name": "BOI",
      "account_number": "609838031166",
      "balance": 132404.22
    },
    {
      "transaction_date": "2024-05-04",
      "description": "MEDR/AMAZON IND/896650/",
      "amount": 1415.3,
      "transaction_type": "DEBIT",
      "bank_name": "BOI",
      "account_number": "609838031166",
      "balance": 130988.92
    },
    {
      "transaction_date": "2024-05-04",
      "description": "MEDR/SWIGGY FD/208367/",
      "amount": 431.86,
      "transaction_type": "DEBIT",
      "bank_name": "BOI",
      "account_number": "609838031166",
      "balance": 130557.06
    },
    {
      "transaction_date": "2024-05-04",
      "description": "CWDR//470467/DWCW278",
      "amount": 1822.36,
      "transaction_type": "DEBIT",
      "bank_name": "BOI",
      "account_number": "609838031166",
      "balance": 128734.7
    },
    {
      "transaction_date": "2024-05-05",
      "description": "CWDR//902672/MSO9047",
      "amount": 2426.1,
      "transaction_type": "DEBIT",
      "bank_name": "BOI",
      "account_number": "609838031166",
      "balance": 126308.6
    },
    {
      "transaction_date": "2024-05-05",
      "description": "BUPI/712308152249/05-05-2024\n15:51:27/UPI",
      "amount": 1645.36,
      "transaction_type": "DEBIT",
      "bank_name": "BOI",
      "account_number": "609838031166",
      "balance": 124663.24
    },
    {
      "transaction_date": "2024-05-06",
      "description": "SMSChargesQtrAPR24-JUN24+GST@18",
      "amount": 59.19,
      "transaction_type": "DEBIT",
      "bank_name": "BOI",
      "account_number": "609838031166",
      "balance": 124604.05
    },
    {
      "transaction_date": "2024-05-06",
      "description": "BUPI/754785178673/06-05-2024\n19:21:47/UPI",
      "amount": 1299.61,
      "transaction_type": "DEBIT",
      "bank_name": "BOI",
      "account_number": "609838031166",
      "balance": 123304.44
    },
    {
      "transaction_date": "2024-05-06",
      "description": "CWDR//545343/NKOL6146",
      "amount": 4112.38,
      "transaction_type": "DEBIT",
      "bank_name": "BOI",
      "account_number": "609838031166",
      "balance": 119192.06
    },
    {
      "transaction_date": "2024-05-07",
      "description": "NEFT-PAYMENT",
      "amount": 2397.39,
      "transaction_type": "CREDIT",
      "bank_name": "BOI",
      "account_number": "609838031166",
      "balance": 121589.45
    },
    {
      "transaction_date": "2024-05-07",
      "description": "NEFT-TRANSFER",
      "amount": 2517.98,
      "transaction_type": "CREDIT",
      "bank_name": "BOI",
      "account_number": "609838031166",
      "balance": 124107.43
    },
    {
      "transaction_date": "2024-05-08",
      "description": "MEDR/BHARAT GAS/442254/",
      "amount": 1139.22,
      "transaction_type": "DEBIT",
      "bank_name": "BOI",
      "account_number": "609838031166",
      "balance": 122968.21
    },
    {
      "transaction_date": "2024-05-08",
      "description": "BUPI/746837615339/08-05-2024\n18:32:06/UPI",
      "amount": 549.03,
      "transaction_type": "DEBIT",
      "bank_name": "BOI",
      "account_number": "609838031166",
      "balance": 122419.18
    },
    {
      "transaction_date": "2024-05-09",
      "description": "MEDR/MCDONALD/517839/",
      "amount": 897.71,
      "transaction_type": "DEBIT",
      "bank_name": "BOI",
      "account_number": "609838031166",
      "balance": 121521.47
    },
    {
      "transaction_date": "2024-05-09",
      "description": "MEDR/OLA CABS/800262/",
      "amount": 1062.12,
      "transaction_type": "DEBIT",
      "bank_name": "BOI",
      "account_number": "609838031166",
      "balance": 120459.35
    },
    {
      "transaction_date": "2024-05-09",
      "description": "BUPI/727415012591/09-05-2024\n22:51:19/UPI",
      "amount": 253.22,
      "transaction_type": "DEBIT",
      "bank_name": "BOI",
      "account_number": "609838031166",
      "balance": 120206.13
    },
    {
      "transaction_date": "2024-05-10",
      "description": "BUPI/768033074141/10-05-2024\n00:53:22/UPI",
      "amount": 1163.27,
      "transaction_type": "DEBIT",
      "bank_name": "BOI",
      "account_number": "609838031166",
      "balance": 119042.86
    },
    {
      "transaction_date": "2024-05-10",
      "description": "BUPI/748165056489/10-05-2024\n05:44:12/UPI",
      "amount": 788.58,
      "transaction_type": "DEBIT",
      "bank_name": "BOI",
      "account_number": "609838031166",
      "balance": 118254.28
    },
    {
      "transaction_date": "2024-05-11",
      "description": "MEDR/PVR CINEMA/935984/",
      "amount": 1443.28,
      "transaction_type": "DEBIT",
      "bank_name": "BOI",
      "account_number": "609838031166",
      "balance": 116811.0
    },
    {
      "transaction_date": "2024-05-12",
      "description": "MEDR/TPDDL/868472/",
      "amount": 1101.15,
      "transaction_type": "DEBIT",
      "bank_name": "BOI",
      "account_number": "609838031166",
      "balance": 115709.85
    },
    {
      "transaction_date": "2024-05-13",
      "description": "MEDR/INDIAN OIL/212492/",
      "amount": 1605.09,
      "transaction_type": "DEBIT",
      "bank_name": "BOI",
      "account_number": "609838031166",
      "balance": 114104.76
    },
    {
      "transaction_date": "2024-05-13",
      "description": "NEFT-PAYMENT",
      "amount": 2237.03,
      "transaction_type": "CREDIT",
      "bank_name": "BOI",
      "account_number": "609838031166",
      "balance": 116341.79
    },
    {
      "transaction_date": "2024-05-13",
      "description": "NEFT-PAYMENT",
      "amount": 4239.07,
      "transaction_type": "CREDIT",
      "bank_name": "BOI",
      "account_number": "609838031166",
      "balance": 120580.86
    },
    {
      "transaction_date": "2024-05-14",
      "description": "CWDR//703033/DWCW278",
      "amount": 4144.68,
      "transaction_type": "DEBIT",
      "bank_name": "BOI",
      "account_number": "609838031166",
      "balance": 116436.18
    },
    {
      "transaction_date": "2024-05-15",
      "description": "MEDR/JIO FIBER/987550/",
      "amount": 1262.73,
      "transaction_type": "DEBIT",
      "bank_name": "BOI",
      "account_number": "609838031166",
      "balance": 115173.45
    },
    {
      "transaction_date": "2024-05-15",
      "description": "MEDR/TUITION/672036/",
      "amount": 14930.98,
      "transaction_type": "DEBIT",
      "bank_name": "BOI",
      "account_number": "609838031166",
      "balance": 100242.47
    },
    {
      "transaction_date": "2024-05-16",
      "description": "CWDR//615422/CPCN0170",
      "amount": 4012.22,
      "transaction_type": "DEBIT",
      "bank_name": "BOI",
      "account_number": "609838031166",
      "balance": 96230.25
    },
    {
      "transaction_date": "2024-05-16",
      "description": "MEDR/DMRC/180862/",
      "amount": 417.59,
      "transaction_type": "DEBIT",
      "bank_name": "BOI",
      "account_number": "609838031166",
      "balance": 95812.66
    },
    {
      "transaction_date": "2024-05-16",
      "description": "MEDR/LIC PREM/292163/",
      "amount": 10555.0,
      "transaction_type": "DEBIT",
      "bank_name": "BOI",
      "account_number": "609838031166",
      "balance": 85257.66
    },
    {
      "transaction_date": "2024-05-17",
      "description": "BUPI/782544699239/17-05-2024\n07:15:29/UPI",
      "amount": 752.21,
      "transaction_type": "DEBIT",
      "bank_name": "BOI",
      "account_number": "609838031166",
      "balance": 84505.45
    },
    {
      "transaction_date": "2024-05-17",
      "description": "MEDR/JIO RECHARGE/157946/",
      "amount": 1684.56,
      "transaction_type": "DEBIT",
      "bank_name": "BOI",
      "account_number": "609838031166",
      "balance": 82820.89
    },
    {
      "transaction_date": "2024-05-17",
      "description": "NACH DR INW - HDFC BANK LIMITED\n/ 4711561629 / AGL",
      "amount": 11413.43,
      "transaction_type": "DEBIT",
      "bank_name": "BOI",
      "account_number": "609838031166",
      "balance": 71407.46
    },
    {
      "transaction_date": "2024-05-18",
      "description": "BUPI/773778866257/18-05-2024\n09:45:07/UPI",
      "amount": 546.76,
      "transaction_type": "DEBIT",
      "bank_name": "BOI",
      "account_number": "609838031166",
      "balance": 70860.7
    },
    {
      "transaction_date": "2024-05-18",
      "description": "CWDR//351619/DWCW278",
      "amount": 1503.51,
      "transaction_type": "DEBIT",
      "bank_name": "BOI",
      "account_number": "609838031166",
      "balance": 69357.19
    },
    {
      "transaction_date": "2024-05-19",
      "description": "BUPI/728990664466/19-05-2024\n01:00:40/UPI",
      "amount": 316.31,
      "transaction_type": "DEBIT",
      "bank_name": "BOI",
      "account_number": "609838031166",
      "balance": 69040.88
    },
    {
      "transaction_date": "2024-05-20",
      "description": "NACH DR INW - AXIS BANK\n/ 9719830780 / AGL",
      "amount": 11042.17,
      "transaction_type": "DEBIT",
      "bank_name": "BOI",
      "account_number": "609838031166",
      "balance": 57998.71
    },
    {
      "transaction_date": "2024-05-21",
      "description": "NACH DR INW - ICICI BANK\n/ 3806063618 / AGL",
      "amount": 6424.75,
      "transaction_type": "DEBIT",
      "bank_name": "BOI",
      "account_number": "609838031166",
      "balance": 51573.96
    },
    {
      "transaction_date": "2024-05-21",
      "description": "MEDR/MAKEMYTRIP/952053/",
      "amount": 264.15,
      "transaction_type": "DEBIT",
      "bank_name": "BOI",
      "account_number": "609838031166",
      "balance": 51309.81
    },
    {
      "transaction_date": "2024-05-21",
      "description": "BUPI/739929258143/21-05-2024\n05:26:27/UPI",
      "amount": 2430.98,
      "transaction_type": "DEBIT",
      "bank_name": "BOI",
      "account_number": "609838031166",
      "balance": 48878.83
    },
    {
      "transaction_date": "2024-05-22",
      "description": "MEDR/MANIPAL HSP/644751/",
      "amount": 667.82,
      "transaction_type": "DEBIT",
      "bank_name": "BOI",
      "account_number": "609838031166",
      "balance": 48211.01
    },
    {
      "transaction_date": "2024-05-22",
      "description": "CWDR//258082/CPCN0170",
      "amount": 6370.61,
      "transaction_type": "DEBIT",
      "bank_name": "BOI",
      "account_number": "609838031166",
      "balance": 41840.4
    },
    {
      "transaction_date": "2024-05-22",
      "description": "CWDR//505208/CPCN0170",
      "amount": 2528.7,
      "transaction_type": "DEBIT",
      "bank_name": "BOI",
      "account_number": "609838031166",
      "balance": 39311.7
    },
    {
      "transaction_date": "2024-05-23",
      "description": "MEDR/UBER/592428/",
      "amount": 563.21,
      "transaction_type": "DEBIT",
      "bank_name": "BOI",
      "account_number": "609838031166",
      "balance": 38748.49
    },
    {
      "transaction_date": "2024-05-23",
      "description": "NEFT-REFUND",
      "amount": 4786.93,
      "transaction_type": "CREDIT",
      "bank_name": "BOI",
      "account_number": "609838031166",
      "balance": 43535.42
    },
    {
      "transaction_date": "2024-05-24",
      "description": "BUPI/785493096163/24-05-2024\n13:51:26/UPI",
      "amount": 1164.22,
      "transaction_type": "DEBIT",
      "bank_name": "BOI",
      "account_number": "609838031166",
      "balance": 42371.2
    },
    {
      "transaction_date": "2024-05-24",
      "description": "MEDR/1MG PHARM/517903/",
      "amount": 1776.28,
      "transaction_type": "DEBIT",
      "bank_name": "BOI",
      "account_number": "609838031166",
      "balance": 40594.92
    },
    {
      "transaction_date": "2024-05-24",
      "description": "SMSChargesQtrAPR24-JUN24+GST@18",
      "amount": 98.18,
      "transaction_type": "DEBIT",
      "bank_name": "BOI",
      "account_number": "609838031166",
      "balance": 40496.74
    },
    {
      "transaction_date": "2024-05-24",
      "description": "MEDR/ICICI PRU/377080/",
      "amount": 5710.0,
      "transaction_type": "DEBIT",
      "bank_name": "BOI",
      "account_number": "609838031166",
      "balance": 34786.74
    },
    {
      "transaction_date": "2024-05-25",
      "description": "MEDR/MORE STORES/713685/",
      "amount": 2027.05,
      "transaction_type": "DEBIT",
      "bank_name": "BOI",
      "account_number": "609838031166",
      "balance": 32759.69
    },
    {
      "transaction_date": "2024-05-25",
      "description": "MEDR/AMAZON PAY/311748/",
      "amount": 477.73,
      "transaction_type": "DEBIT",
      "bank_name": "BOI",
      "account_number": "609838031166",
      "balance": 32281.96
    },
    {
      "transaction_date": "2024-05-26",
      "description": "MEDR/BSNL RCH/262523/",
      "amount": 1202.38,
      "transaction_type": "DEBIT",
      "bank_name": "BOI",
      "account_number": "609838031166",
      "balance": 31079.58
    },
    {
      "transaction_date": "2024-05-26",
      "description": "CWDR//135334/CPCN0170",
      "amount": 1141.89,
      "transaction_type": "DEBIT",
      "bank_name": "BOI",
      "account_number": "609838031166",
      "balance": 29937.69
    },
    {
      "transaction_date": "2024-05-26",
      "description": "MEDR/ZOMATO/700968/",
      "amount": 666.3,
      "transaction_type": "DEBIT",
      "bank_name": "BOI",
      "account_number": "609838031166",
      "balance": 29271.39
    },
    {
      "transaction_date": "2024-05-27",
      "description": "BUPI/757554601271/27-05-2024\n22:08:26/UPI",
      "amount": 1463.22,
      "transaction_type": "DEBIT",
      "bank_name": "BOI",
      "account_number": "609838031166",
      "balance": 27808.17
    },
    {
      "transaction_date": "2024-05-27",
      "description": "CWDR//102305/NKOL6146",
      "amount": 1361.0,
      "transaction_type": "DEBIT",
      "bank_name": "BOI",
      "account_number": "609838031166",
      "balance": 26447.17
    },
    {
      "transaction_date": "2024-05-27",
      "description": "CWDR//998612/CS046112",
      "amount": 3662.67,
      "transaction_type": "DEBIT",
      "bank_name": "BOI",
      "account_number": "609838031166",
      "balance": 22784.5
    },
    {
      "transaction_date": "2024-05-28",
      "description": "MEDR/BOOKMYSHOW/779682/",
      "amount": 344.83,
      "transaction_type": "DEBIT",
      "bank_name": "BOI",
      "account_number": "609838031166",
      "balance": 22439.67
    },
    {
      "transaction_date": "2024-05-28",
      "description": "CWDR//208947/CS046112",
      "amount": 843.75,
      "transaction_type": "DEBIT",
      "bank_name": "BOI",
      "account_number": "609838031166",
      "balance": 21595.92
    },
    {
      "transaction_date": "2024-05-28",
      "description": "CWRR//208947/CS046112",
      "amount": 843.75,
      "transaction_type": "CREDIT",
      "bank_name": "BOI",
      "account_number": "609838031166",
      "balance": 22439.67
    },
    {
      "transaction_date": "2024-05-28",
      "description": "CWDR//503736/CPCN0170",
      "amount": 4141.34,
      "transaction_type": "DEBIT",
      "bank_name": "BOI",
      "account_number": "609838031166",
      "balance": 18298.33
    },
    {
      "transaction_date": "2024-05-28",
      "description": "MEDR/VODAFONE/894191/",
      "amount": 286.48,
      "transaction_type": "DEBIT",
      "bank_name": "BOI",
      "account_number": "609838031166",
      "balance": 18011.85
    },
    {
      "transaction_date": "2024-05-29",
      "description": "MEDR/DMART STORE/214231/",
      "amount": 794.7,
      "transaction_type": "DEBIT",
      "bank_name": "BOI",
      "account_number": "609838031166",
      "balance": 17217.15
    },
    {
      "transaction_date": "2024-05-29",
      "description": "MEDR/GOIBIBO/912106/",
      "amount": 250.58,
      "transaction_type": "DEBIT",
      "bank_name": "BOI",
      "account_number": "609838031166",
      "balance": 16966.57
    },
    {
      "transaction_date": "2024-05-30",
      "description": "CWDR//415288/ID046101",
      "amount": 2423.16,
      "transaction_type": "DEBIT",
      "bank_name": "BOI",
      "account_number": "609838031166",
      "balance": 14543.41
    },
    {
      "transaction_date": "2024-05-30",
      "description": "CWDR//119431/CSO9013",
      "amount": 1519.16,
      "transaction_type": "DEBIT",
      "bank_name": "BOI",
      "account_number": "609838031166",
      "balance": 13024.25
    },
    {
      "transaction_date": "2024-05-30",
      "description": "MEDR/BPCL PETROL/913499/",
      "amount": 1027.24,
      "transaction_type": "DEBIT",
      "bank_name": "BOI",
      "account_number": "609838031166",
      "balance": 11997.01
    },
    {
      "transaction_date": "2024-05-30",
      "description": "BUPI/780720277895/30-05-2024\n12:35:21/UPI",
      "amount": 596.56,
      "transaction_type": "DEBIT",
      "bank_name": "BOI",
      "account_number": "609838031166",
      "balance": 11400.45
    },
    {
      "transaction_date": "2024-05-31",
      "description": "NEFT-HOUSE RENT738719/",
      "amount": 4812.65,
      "transaction_type": "DEBIT",
      "bank_name": "BOI",
      "account_number": "609838031166",
      "balance": 6587.8
    },
    {
      "transaction_date": "2024-06-01",
      "description": "CWDR//841554/MSO9047",
      "amount": 916.67,
      "transaction_type": "DEBIT",
      "bank_name": "BOI",
      "account_number": "609838031166",
      "balance": 5671.13
    },
    {
      "transaction_date": "2024-06-01",
      "description": "CWRR//841554/MSO9047",
      "amount": 916.67,
      "transaction_type": "CREDIT",
      "bank_name": "BOI",
      "account_number": "609838031166",
      "balance": 6587.8
    },
    {
      "transaction_date": "2024-06-01",
      "description": "MEDR/HDFC LIFE/552259/",
      "amount": 4658.29,
      "transaction_type": "DEBIT",
      "bank_name": "BOI",
      "account_number": "609838031166",
      "balance": 1929.51
    },
    {
      "transaction_date": "2024-06-02",
      "description": "BUPI/763748192173/02-06-2024\n09:39:21/UPI",
      "amount": 66.17,
      "transaction_type": "DEBIT",
      "bank_name": "BOI",
      "account_number": "609838031166",
      "balance": 1863.34
    },
    {
      "transaction_date": "2024-06-03",
      "description": "BUPI/782232344513/03-06-2024\n12:47:31/UPI",
      "amount": 91.41,
      "transaction_type": "DEBIT",
      "bank_name": "BOI",
      "account_number": "609838031166",
      "balance": 1771.93
    },
    {
      "transaction_date": "2024-06-04",
      "description": "SALARY CREDIT",
      "amount": 48864.77,
      "transaction_type": "CREDIT",
      "bank_name": "BOI",
      "account_number": "609838031166",
      "balance": 50636.7
    },
    {
      "transaction_date": "2024-06-04",
      "description": "LOAN RECOVERY",
      "amount": 9764.87,
      "transaction_type": "DEBIT",
      "bank_name": "BOI",
      "account_number": "609838031166",
      "balance": 40871.83
    },
    {
      "transaction_date": "2024-06-04",
      "description": "CWDR//418109/CSO9013",
      "amount": 7246.87,
      "transaction_type": "DEBIT",
      "bank_name": "BOI",
      "account_number": "609838031166",
      "balance": 33624.96
    },
    {
      "transaction_date": "2024-06-04",
      "description": "MEDR/FLIPKART SHP/727927/",
      "amount": 1515.68,
      "transaction_type": "DEBIT",
      "bank_name": "BOI",
      "account_number": "609838031166",
      "balance": 32109.28
    },
    {
      "transaction_date": "2024-06-04",
      "description": "MEDR/SWIGGY DEL/276461/",
      "amount": 344.94,
      "transaction_type": "DEBIT",
      "bank_name": "BOI",
      "account_number": "609838031166",
      "balance": 31764.34
    },
    {
      "transaction_date": "2024-06-04",
      "description": "BUPI/732379326426/04-06-2024\n20:15:02/UPI",
      "amount": 357.65,
      "transaction_type": "DEBIT",
      "bank_name": "BOI",
      "account_number": "609838031166",
      "balance": 31406.69
    },
    {
      "transaction_date": "2024-06-05",
      "description": "BUPI/721326292090/05-06-2024\n01:19:22/UPI",
      "amount": 365.4,
      "transaction_type": "DEBIT",
      "bank_name": "BOI",
      "account_number": "609838031166",
      "balance": 31041.29
    },
    {
      "transaction_date": "2024-06-06",
      "description": "BUPI/736863509184/06-06-2024\n02:27:30/UPI",
      "amount": 1034.05,
      "transaction_type": "DEBIT",
      "bank_name": "BOI",
      "account_number": "609838031166",
      "balance": 30007.24
    },
    {
      "transaction_date": "2024-06-06",
      "description": "MEDR/YATRA TRV/106604/",
      "amount": 1237.45,
      "transaction_type": "DEBIT",
      "bank_name": "BOI",
      "account_number": "609838031166",
      "balance": 28769.79
    },
    {
      "transaction_date": "2024-06-07",
      "description": "BUPI/720970828879/07-06-2024\n05:34:22/UPI",
      "amount": 2458.53,
      "transaction_type": "DEBIT",
      "bank_name": "BOI",
      "account_number": "609838031166",
      "balance": 26311.26
    },
    {
      "transaction_date": "2024-06-07",
      "description": "MEDR/MERU CABS/493731/",
      "amount": 1040.19,
      "transaction_type": "DEBIT",
      "bank_name": "BOI",
      "account_number": "609838031166",
      "balance": 25271.07
    },
    {
      "transaction_date": "2024-06-07",
      "description": "BUPI/787309173967/07-06-2024\n17:57:47/UPI",
      "amount": 1245.86,
      "transaction_type": "DEBIT",
      "bank_name": "BOI",
      "account_number": "609838031166",
      "balance": 24025.21
    },
    {
      "transaction_date": "2024-06-08",
      "description": "MEDR/AMAZON SHP/858233/",
      "amount": 1398.21,
      "transaction_type": "DEBIT",
      "bank_name": "BOI",
      "account_number": "609838031166",
      "balance": 22627.0
    },
    {
      "transaction_date": "2024-06-08",
      "description": "BUPI/722990845610/08-06-2024\n23:51:37/UPI",
      "amount": 1032.53,
      "transaction_type": "DEBIT",
      "bank_name": "BOI",
      "account_number": "609838031166",
      "balance": 21594.47
    },
    {
      "transaction_date": "2024-06-08",
      "description": "MEDR/ACT FIBER/468309/",
      "amount": 317.44,
      "transaction_type": "DEBIT",
      "bank_name": "BOI",
      "account_number": "609838031166",
      "balance": 21277.03
    },
    {
      "transaction_date": "2024-06-09",
      "description": "BUPI/757762903143/09-06-2024\n01:58:01/UPI",
      "amount": 1659.74,
      "transaction_type": "DEBIT",
      "bank_name": "BOI",
      "account_number": "609838031166",
      "balance": 19617.29
    },
    {
      "transaction_date": "2024-06-09",
      "description": "MEDR/RELIANCE PT/566284/",
      "amount": 1805.98,
      "transaction_type": "DEBIT",
      "bank_name": "BOI",
      "account_number": "609838031166",
      "balance": 17811.31
    },
    {
      "transaction_date": "2024-06-10",
      "description": "BUPI/737806139019/10-06-2024\n13:45:21/UPI",
      "amount": 1279.08,
      "transaction_type": "DEBIT",
      "bank_name": "BOI",
      "account_number": "609838031166",
      "balance": 16532.23
    },
    {
      "transaction_date": "2024-06-11",
      "description": "NEFT-FLAT RENT225707/",
      "amount": 4433.85,
      "transaction_type": "DEBIT",
      "bank_name": "BOI",
      "account_number": "609838031166",
      "balance": 12098.38
    },
    {
      "transaction_date": "2024-06-11",
      "description": "CWDR//665112/CSO9013",
      "amount": 702.92,
      "transaction_type": "DEBIT",
      "bank_name": "BOI",
      "account_number": "609838031166",
      "balance": 11395.46
    },
    {
      "transaction_date": "2024-06-11",
      "description": "MEDR/INOX/690123/",
      "amount": 562.15,
      "transaction_type": "DEBIT",
      "bank_name": "BOI",
      "account_number": "609838031166",
      "balance": 10833.31
    },
    {
      "transaction_date": "2024-06-12",
      "description": "BUPI/742413847786/12-06-2024\n17:08:46/UPI",
      "amount": 305.39,
      "transaction_type": "DEBIT",
      "bank_name": "BOI",
      "account_number": "609838031166",
      "balance": 10527.92
    },
    {
      "transaction_date": "2024-06-12",
      "description": "Service Charges",
      "amount": 49.0,
      "transaction_type": "DEBIT",
      "bank_name": "BOI",
      "account_number": "609838031166",
      "balance": 10478.92
    },
    {
      "transaction_date": "2024-06-12",
      "description": "MEDR/HEALTH INS/343956/",
      "amount": 4335.52,
      "transaction_type": "DEBIT",
      "bank_name": "BOI",
      "account_number": "609838031166",
      "balance": 6143.4
    },
    {
      "transaction_date": "2024-06-13",
      "description": "NEFT-TRANSFER",
      "amount": 3095.52,
      "transaction_type": "CREDIT",
      "bank_name": "BOI",
      "account_number": "609838031166",
      "balance": 9238.92
    },
    {
      "transaction_date": "2024-06-14",
      "description": "Service Charges",
      "amount": 64.83,
      "transaction_type": "DEBIT",
      "bank_name": "BOI",
      "account_number": "609838031166",
      "balance": 9174.09
    },
    {
      "transaction_date": "2024-06-14",
      "description": "CWDR//196605/DWCW278",
      "amount": 1739.17,
      "transaction_type": "DEBIT",
      "bank_name": "BOI",
      "account_number": "609838031166",
      "balance": 7434.92
    },
    {
      "transaction_date": "2024-06-14",
      "description": "MEDR/SCHOOL FEE/463944/",
      "amount": 4269.4,
      "transaction_type": "DEBIT",
      "bank_name": "BOI",
      "account_number": "609838031166",
      "balance": 3165.52
    },
    {
      "transaction_date": "2024-06-15",
      "description": "CWDR//421148/CPCN0170",
      "amount": 501.2,
      "transaction_type": "DEBIT",
      "bank_name": "BOI",
      "account_number": "609838031166",
      "balance": 2664.32
    },
    {
      "transaction_date": "2024-06-15",
      "description": "CWDR//626650/DWCW278",
      "amount": 524.94,
      "transaction_type": "DEBIT",
      "bank_name": "BOI",
      "account_number": "609838031166",
      "balance": 2139.38
    },
    {
      "transaction_date": "2024-06-18",
      "description": "CWDR//785227/NKOL6146",
      "amount": 493.62,
      "transaction_type": "DEBIT",
      "bank_name": "BOI",
      "account_number": "609838031166",
      "balance": 1645.76
    },
    {
      "transaction_date": "2024-06-19",
      "description": "BUPI/745856531096/19-06-2024\n09:16:02/UPI",
      "amount": 141.77,
      "transaction_type": "DEBIT",
      "bank_name": "BOI",
      "account_number": "609838031166",
      "balance": 1503.99
    },
    {
      "transaction_date": "2024-06-19",
      "description": "BUPI/728468205649/19-06-2024\n09:57:53/UPI",
      "amount": 122.91,
      "transaction_type": "DEBIT",
      "bank_name": "BOI",
      "account_number": "609838031166",
      "balance": 1381.08
    },
    {
      "transaction_date": "2024-06-21",
      "description": "SMSChargesQtrAPR24-JUN24+GST@18",
      "amount": 11.11,
      "transaction_type": "DEBIT",
      "bank_name": "BOI",
      "account_number": "609838031166",
      "balance": 1369.97
    },
    {
      "transaction_date": "2024-06-22",
      "description": "BUPI/773877272248/22-06-2024\n08:39:47/UPI",
      "amount": 87.58,
      "transaction_type": "DEBIT",
      "bank_name": "BOI",
      "account_number": "609838031166",
      "balance": 1282.39
    },
    {
      "transaction_date": "2024-06-22",
      "description": "BUPI/771742706383/22-06-2024\n03:41:00/UPI",
      "amount": 96.84,
      "transaction_type": "DEBIT",
      "bank_name": "BOI",
      "account_number": "609838031166",
      "balance": 1185.55
    },
    {
      "transaction_date": "2024-06-24",
      "description": "BUPI/749213626051/24-06-2024\n10:09:58/UPI",
      "amount": 85.68,
      "transaction_type": "DEBIT",
      "bank_name": "BOI",
      "account_number": "609838031166",
      "balance": 1099.87
    },
    {
      "transaction_date": "2024-06-25",
      "description": "BUPI/744225128362/25-06-2024\n09:49:17/UPI",
      "amount": 70.11,
      "transaction_type": "DEBIT",
      "bank_name": "BOI",
      "account_number": "609838031166",
      "balance": 1029.76
    },
    {
      "transaction_date": "2024-06-29",
      "description": "NEFT-REFUND",
      "amount": 4924.67,
      "transaction_type": "CREDIT",
      "bank_name": "BOI",
      "account_number": "609838031166",
      "balance": 5954.43
    },
    {
      "transaction_date": "2024-06-30",
      "description": "BUPI/754909120871/30-06-2024\n15:55:20/UPI",
      "amount": 53.43,
      "transaction_type": "DEBIT",
      "bank_name": "BOI",
      "account_number": "609838031166",
      "balance": 5901.0
    },
    {
      "transaction_date": "2024-06-30",
      "description": "MEDR/FLIPKART/858586/",
      "amount": 251.73,
      "transaction_type": "DEBIT",
      "bank_name": "BOI",
      "account_number": "609838031166",
      "balance": 5649.27
    },
    {
      "transaction_date": "2024-06-30",
      "description": "MEDR/DOMINOS/282809/",
      "amount": 216.12,
      "transaction_type": "DEBIT",
      "bank_name": "BOI",
      "account_number": "609838031166",
      "balance": 5433.15
    },
    {
      "transaction_date": "2024-06-30",
      "description": "MEDR/EDUCATION/428106/",
      "amount": 2052.65,
      "transaction_type": "DEBIT",
      "bank_name": "BOI",
      "account_number": "609838031166",
      "balance": 3380.5
    },
    {
      "transaction_date": "2024-07-01",
      "description": "SMSChargesQtrAPR24-JUN24+GST@18",
      "amount": 14.54,
      "transaction_type": "DEBIT",
      "bank_name": "BOI",
      "account_number": "609838031166",
      "balance": 3365.96
    },
    {
      "transaction_date": "2024-07-01",
      "description": "CWDR//561162/CPCN0170",
      "amount": 598.77,
      "transaction_type": "DEBIT",
      "bank_name": "BOI",
      "account_number": "609838031166",
      "balance": 2767.19
    },
    {
      "transaction_date": "2024-07-01",
      "description": "Service Charges",
      "amount": 19.4,
      "transaction_type": "DEBIT",
      "bank_name": "BOI",
      "account_number": "609838031166",
      "balance": 2747.79
    },
    {
      "transaction_date": "2024-07-02",
      "description": "CWDR//527013/CS046112",
      "amount": 523.12,
      "transaction_type": "DEBIT",
      "bank_name": "BOI",
      "account_number": "609838031166",
      "balance": 2224.67
    },
    {
      "transaction_date": "2024-07-03",
      "description": "BUPI/774348194485/03-07-2024\n21:10:01/UPI",
      "amount": 88.65,
      "transaction_type": "DEBIT",
      "bank_name": "BOI",
      "account_number": "609838031166",
      "balance": 2136.02
    },
    {
      "transaction_date": "2024-07-03",
      "description": "CWDR//729864/TPCN1257",
      "amount": 453.47,
      "transaction_type": "DEBIT",
      "bank_name": "BOI",
      "account_number": "609838031166",
      "balance": 1682.55
    },
    {
      "transaction_date": "2024-07-04",
      "description": "SALARY CREDIT",
      "amount": 40416.7,
      "transaction_type": "CREDIT",
      "bank_name": "BOI",
      "account_number": "609838031166",
      "balance": 42099.25
    },
    {
      "transaction_date": "2024-07-04",
      "description": "LOAN RECOVERY",
      "amount": 12900.17,
      "transaction_type": "DEBIT",
      "bank_name": "BOI",
      "account_number": "609838031166",
      "balance": 29199.08
    },
    {
      "transaction_date": "2024-07-04",
      "description": "MEDR/METRO CARD/567307/",
      "amount": 559.62,
      "transaction_type": "DEBIT",
      "bank_name": "BOI",
      "account_number": "609838031166",
      "balance": 28639.46
    },
    {
      "transaction_date": "2024-07-04",
      "description": "CWDR//247983/CS046112",
      "amount": 4416.8,
      "transaction_type": "DEBIT",
      "bank_name": "BOI",
      "account_number": "609838031166",
      "balance": 24222.66
    },
    {
      "transaction_date": "2024-07-05",
      "description": "MEDR/MAX HEALTH/592179/",
      "amount": 2080.95,
      "transaction_type": "DEBIT",
      "bank_name": "BOI",
      "account_number": "609838031166",
      "balance": 22141.71
    },
    {
      "transaction_date": "2024-07-05",
      "description": "Annual Maintenance Charges",
      "amount": 38.95,
      "transaction_type": "DEBIT",
      "bank_name": "BOI",
      "account_number": "609838031166",
      "balance": 22102.76
    },
    {
      "transaction_date": "2024-07-06",
      "description": "CWDR//554401/TPCN1257",
      "amount": 3512.82,
      "transaction_type": "DEBIT",
      "bank_name": "BOI",
      "account_number": "609838031166",
      "balance": 18589.94
    },
    {
      "transaction_date": "2024-07-07",
      "description": "CWDR//707775/ID046101",
      "amount": 3204.68,
      "transaction_type": "DEBIT",
      "bank_name": "BOI",
      "account_number": "609838031166",
      "balance": 15385.26
    },
    {
      "transaction_date": "2024-07-07",
      "description": "BUPI/777068807882/07-07-2024\n06:38:39/UPI",
      "amount": 580.34,
      "transaction_type": "DEBIT",
      "bank_name": "BOI",
      "account_number": "609838031166",
      "balance": 14804.92
    },
    {
      "transaction_date": "2024-07-08",
      "description": "NEFT-PAYMENT",
      "amount": 4700.08,
      "transaction_type": "CREDIT",
      "bank_name": "BOI",
      "account_number": "609838031166",
      "balance": 19505.0
    },
    {
      "transaction_date": "2024-07-08",
      "description": "NEFT-REFUND",
      "amount": 4498.11,
      "transaction_type": "CREDIT",
      "bank_name": "BOI",
      "account_number": "609838031166",
      "balance": 24003.11
    },
    {
      "transaction_date": "2024-07-08",
      "description": "BUPI/706897173967/08-07-2024\n07:45:57/UPI",
      "amount": 1111.63,
      "transaction_type": "DEBIT",
      "bank_name": "BOI",
      "account_number": "609838031166",
      "balance": 22891.48
    },
    {
      "transaction_date": "2024-07-09",
      "description": "BUPI/747801331195/09-07-2024\n06:21:17/UPI",
      "amount": 205.13,
      "transaction_type": "DEBIT",
      "bank_name": "BOI",
      "account_number": "609838031166",
      "balance": 22686.35
    },
    {
      "transaction_date": "2024-07-09",
      "description": "NACH DR INW - ICICI BANK\n/ 2198070625 / AGL",
      "amount": 4974.87,
      "transaction_type": "DEBIT",
      "bank_name": "BOI",
      "account_number": "609838031166",
      "balance": 17711.48
    },
    {
      "transaction_date": "2024-07-09",
      "description": "BUPI/755632572958/09-07-2024\n13:53:36/UPI",
      "amount": 985.05,
      "transaction_type": "DEBIT",
      "bank_name": "BOI",
      "account_number": "609838031166",
      "balance": 16726.43
    },
    {
      "transaction_date": "2024-07-09",
      "description": "BUPI/702408198552/09-07-2024\n02:23:30/UPI",
      "amount": 1541.07,
      "transaction_type": "DEBIT",
      "bank_name": "BOI",
      "account_number": "609838031166",
      "balance": 15185.36
    },
    {
      "transaction_date": "2024-07-10",
      "description": "CWDR//966518/CSO9013",
      "amount": 2625.48,
      "transaction_type": "DEBIT",
      "bank_name": "BOI",
      "account_number": "609838031166",
      "balance": 12559.88
    },
    {
      "transaction_date": "2024-07-10",
      "description": "Service Charges",
      "amount": 64.94,
      "transaction_type": "DEBIT",
      "bank_name": "BOI",
      "account_number": "609838031166",
      "balance": 12494.94
    },
    {
      "transaction_date": "2024-07-10",
      "description": "CWDR//408786/TPCN1257",
      "amount": 1893.08,
      "transaction_type": "DEBIT",
      "bank_name": "BOI",
      "account_number": "609838031166",
      "balance": 10601.86
    },
    {
      "transaction_date": "2024-07-10",
      "description": "CWDR//887103/CS046112",
      "amount": 1902.82,
      "transaction_type": "DEBIT",
      "bank_name": "BOI",
      "account_number": "609838031166",
      "balance": 8699.04
    },
    {
      "transaction_date": "2024-07-11",
      "description": "CWDR//890561/ID046101",
      "amount": 793.31,
      "transaction_type": "DEBIT",
      "bank_name": "BOI",
      "account_number": "609838031166",
      "balance": 7905.73
    },
    {
      "transaction_date": "2024-07-12",
      "description": "MEDR/APOLLO PHR/558255/",
      "amount": 529.54,
      "transaction_type": "DEBIT",
      "bank_name": "BOI",
      "account_number": "609838031166",
      "balance": 7376.19
    },
    {
      "transaction_date": "2024-07-13",
      "description": "NEFT-REFUND",
      "amount": 4075.95,
      "transaction_type": "CREDIT",
      "bank_name": "BOI",
      "account_number": "609838031166",
      "balance": 11452.14
    },
    {
      "transaction_date": "2024-07-14",
      "description": "CWDR//515922/CPCN0170",
      "amount": 2122.42,
      "transaction_type": "DEBIT",
      "bank_name": "BOI",
      "account_number": "609838031166",
      "balance": 9329.72
    },
    {
      "transaction_date": "2024-07-14",
      "description": "CWDR//865454/TPCN1257",
      "amount": 671.01,
      "transaction_type": "DEBIT",
      "bank_name": "BOI",
      "account_number": "609838031166",
      "balance": 8658.71
    },
    {
      "transaction_date": "2024-07-14",
      "description": "MEDR/BIG BAZAAR/261097/",
      "amount": 830.6,
      "transaction_type": "DEBIT",
      "bank_name": "BOI",
      "account_number": "609838031166",
      "balance": 7828.11
    },
    {
      "transaction_date": "2024-07-14",
      "description": "MEDR/IND GAS/553390/",
      "amount": 175.51,
      "transaction_type": "DEBIT",
      "bank_name": "BOI",
      "account_number": "609838031166",
      "balance": 7652.6
    },
    {
      "transaction_date": "2024-07-15",
      "description": "MEDR/MEDPLUS/430757/",
      "amount": 442.8,
      "transaction_type": "DEBIT",
      "bank_name": "BOI",
      "account_number": "609838031166",
      "balance": 7209.8
    },
    {
      "transaction_date": "2024-07-16",
      "description": "MEDR/CESC BILL/317751/",
      "amount": 312.22,
      "transaction_type": "DEBIT",
      "bank_name": "BOI",
      "account_number": "609838031166",
      "balance": 6897.58
    },
    {
      "transaction_date": "2024-07-17",
      "description": "CWDR//505975/CS046112",
      "amount": 825.61,
      "transaction_type": "DEBIT",
      "bank_name": "BOI",
      "account_number": "609838031166",
      "balance": 6071.97
    },
    {
      "transaction_date": "2024-07-17",
      "description": "BUPI/741201640518/17-07-2024\n00:12:52/UPI",
      "amount": 60.7,
      "transaction_type": "DEBIT",
      "bank_name": "BOI",
      "account_number": "609838031166",
      "balance": 6011.27
    },
    {
      "transaction_date": "2024-07-18",
      "description": "BUPI/756635159688/18-07-2024\n04:10:33/UPI",
      "amount": 417.63,
      "transaction_type": "DEBIT",
      "bank_name": "BOI",
      "account_number": "609838031166",
      "balance": 5593.64
    },
    {
      "transaction_date": "2024-07-18",
      "description": "Annual Maintenance Charges",
      "amount": 12.64,
      "transaction_type": "DEBIT",
      "bank_name": "BOI",
      "account_number": "609838031166",
      "balance": 5581.0
    },
    {
      "transaction_date": "2024-07-18",
      "description": "BUPI/725983598844/18-07-2024\n19:43:28/UPI",
      "amount": 402.67,
      "transaction_type": "DEBIT",
      "bank_name": "BOI",
      "account_number": "609838031166",
      "balance": 5178.33
    },
    {
      "transaction_date": "2024-07-18",
      "description": "BUPI/704370072280/18-07-2024\n09:17:33/UPI",
      "amount": 515.92,
      "transaction_type": "DEBIT",
      "bank_name": "BOI",
      "account_number": "609838031166",
      "balance": 4662.41
    },
    {
      "transaction_date": "2024-07-19",
      "description": "CWDR//136342/TPCN1257",
      "amount": 574.28,
      "transaction_type": "DEBIT",
      "bank_name": "BOI",
      "account_number": "609838031166",
      "balance": 4088.13
    },
    {
      "transaction_date": "2024-07-20",
      "description": "CWDR//597769/TPCN1257",
      "amount": 550.97,
      "transaction_type": "DEBIT",
      "bank_name": "BOI",
      "account_number": "609838031166",
      "balance": 3537.16
    },
    {
      "transaction_date": "2024-07-21",
      "description": "BUPI/752123059896/21-07-2024\n17:42:18/UPI",
      "amount": 239.52,
      "transaction_type": "DEBIT",
      "bank_name": "BOI",
      "account_number": "609838031166",
      "balance": 3297.64
    },
    {
      "transaction_date": "2024-07-21",
      "description": "BUPI/711228057457/21-07-2024\n15:18:36/UPI",
      "amount": 92.01,
      "transaction_type": "DEBIT",
      "bank_name": "BOI",
      "account_number": "609838031166",
      "balance": 3205.63
    },
    {
      "transaction_date": "2024-07-22",
      "description": "NEFT-PAYMENT",
      "amount": 2427.1,
      "transaction_type": "CREDIT",
      "bank_name": "BOI",
      "account_number": "609838031166",
      "balance": 5632.73
    },
    {
      "transaction_date": "2024-07-23",
      "description": "CWDR//366213/DWCW278",
      "amount": 1004.67,
      "transaction_type": "DEBIT",
      "bank_name": "BOI",
      "account_number": "609838031166",
      "balance": 4628.06
    },
    {
      "transaction_date": "2024-07-23",
      "description": "BUPI/704396273223/23-07-2024\n09:26:07/UPI",
      "amount": 269.17,
      "transaction_type": "DEBIT",
      "bank_name": "BOI",
      "account_number": "609838031166",
      "balance": 4358.89
    },
    {
      "transaction_date": "2024-07-23",
      "description": "BUPI/790014197647/23-07-2024\n01:18:14/UPI",
      "amount": 430.63,
      "transaction_type": "DEBIT",
      "bank_name": "BOI",
      "account_number": "609838031166",
      "balance": 3928.26
    },
    {
      "transaction_date": "2024-07-26",
      "description": "CWDR//904098/TPCN1257",
      "amount": 577.75,
      "transaction_type": "DEBIT",
      "bank_name": "BOI",
      "account_number": "609838031166",
      "balance": 3350.51
    },
    {
      "transaction_date": "2024-07-27",
      "description": "Debit Card Annual Charges",
      "amount": 20.03,
      "transaction_type": "DEBIT",
      "bank_name": "BOI",
      "account_number": "609838031166",
      "balance": 3330.48
    },
    {
      "transaction_date": "2024-07-28",
      "description": "CWDR//302010/NKOL6146",
      "amount": 572.18,
      "transaction_type": "DEBIT",
      "bank_name": "BOI",
      "account_number": "609838031166",
      "balance": 2758.3
    },
    {
      "transaction_date": "2024-07-28",
      "description": "BUPI/793363646095/28-07-2024\n00:39:09/UPI",
      "amount": 109.73,
      "transaction_type": "DEBIT",
      "bank_name": "BOI",
      "account_number": "609838031166",
      "balance": 2648.57
    },
    {
      "transaction_date": "2024-07-28",
      "description": "CWDR//574207/DWCW278",
      "amount": 508.85,
      "transaction_type": "DEBIT",
      "bank_name": "BOI",
      "account_number": "609838031166",
      "balance": 2139.72
    },
    {
      "transaction_date": "2024-07-29",
      "description": "NEFT-TRANSFER",
      "amount": 4758.65,
      "transaction_type": "CREDIT",
      "bank_name": "BOI",
      "account_number": "609838031166",
      "balance": 6898.37
    },
    {
      "transaction_date": "2024-07-30",
      "description": "CWDR//601369/CSO9013",
      "amount": 1139.12,
      "transaction_type": "DEBIT",
      "bank_name": "BOI",
      "account_number": "609838031166",
      "balance": 5759.25
    },
    {
      "transaction_date": "2024-07-31",
      "description": "MEDR/AMAZON/219223/",
      "amount": 226.5,
      "transaction_type": "DEBIT",
      "bank_name": "BOI",
      "account_number": "609838031166",
      "balance": 5532.75
    },
    {
      "transaction_date": "2024-07-31",
      "description": "BUPI/705944000239/31-07-2024\n16:45:03/UPI",
      "amount": 364.01,
      "transaction_type": "DEBIT",
      "bank_name": "BOI",
      "account_number": "609838031166",
      "balance": 5168.74
    },
    {
      "transaction_date": "2024-07-31",
      "description": "CWDR//303166/DWCW278",
      "amount": 745.94,
      "transaction_type": "DEBIT",
      "bank_name": "BOI",
      "account_number": "609838031166",
      "balance": 4422.8
    },
    {
      "transaction_date": "2024-07-31",
      "description": "BUPI/798090572061/31-07-2024\n02:00:01/UPI",
      "amount": 172.09,
      "transaction_type": "DEBIT",
      "bank_name": "BOI",
      "account_number": "609838031166",
      "balance": 4250.71
    },
    {
      "transaction_date": "2024-08-02",
      "description": "BUPI/751651822425/02-08-2024\n01:54:23/UPI",
      "amount": 141.5,
      "transaction_type": "DEBIT",
      "bank_name": "BOI",
      "account_number": "609838031166",
      "balance": 4109.21
    },
    {
      "transaction_date": "2024-08-02",
      "description": "NEFT-REFUND",
      "amount": 4830.86,
      "transaction_type": "CREDIT",
      "bank_name": "BOI",
      "account_number": "609838031166",
      "balance": 8940.07
    },
    {
      "transaction_date": "2024-08-02",
      "description": "CWDR//214219/CPCN0170",
      "amount": 648.91,
      "transaction_type": "DEBIT",
      "bank_name": "BOI",
      "account_number": "609838031166",
      "balance": 8291.16
    },
    {
      "transaction_date": "2024-08-03",
      "description": "MEDR/FORTIS MED/404807/",
      "amount": 624.09,
      "transaction_type": "DEBIT",
      "bank_name": "BOI",
      "account_number": "609838031166",
      "balance": 7667.07
    },
    {
      "transaction_date": "2024-08-04",
      "description": "MEDR/APOLLO HOSP/733618/",
      "amount": 597.44,
      "transaction_type": "DEBIT",
      "bank_name": "BOI",
      "account_number": "609838031166",
      "balance": 7069.63
    },
    {
      "transaction_date": "2024-08-04",
      "description": "MEDR/HATHWAY/925149/",
      "amount": 168.5,
      "transaction_type": "DEBIT",
      "bank_name": "BOI",
      "account_number": "609838031166",
      "balance": 6901.13
    },
    {
      "transaction_date": "2024-08-05",
      "description": "BUPI/732206990729/05-08-2024\n19:56:44/UPI",
      "amount": 213.16,
      "transaction_type": "DEBIT",
      "bank_name": "BOI",
      "account_number": "609838031166",
      "balance": 6687.97
    },
    {
      "transaction_date": "2024-08-06",
      "description": "BUPI/753042674790/06-08-2024\n08:15:55/UPI",
      "amount": 124.63,
      "transaction_type": "DEBIT",
      "bank_name": "BOI",
      "account_number": "609838031166",
      "balance": 6563.34
    },
    {
      "transaction_date": "2024-08-07",
      "description": "MEDR/ZOMATO ORD/766716/",
      "amount": 313.71,
      "transaction_type": "DEBIT",
      "bank_name": "BOI",
      "account_number": "609838031166",
      "balance": 6249.63
    },
    {
      "transaction_date": "2024-08-07",
      "description": "MEDR/SPENCER RET/189576/",
      "amount": 623.43,
      "transaction_type": "DEBIT",
      "bank_name": "BOI",
      "account_number": "609838031166",
      "balance": 5626.2
    },
    {
      "transaction_date": "2024-08-07",
      "description": "MEDR/SCH ADMIS/351282/",
      "amount": 4852.16,
      "transaction_type": "DEBIT",
      "bank_name": "BOI",
      "account_number": "609838031166",
      "balance": 774.04
    },
    {
      "transaction_date": "2024-08-08",
      "description": "SMSChargesQtrAPR24-JUN24+GST@18",
      "amount": 9.75,
      "transaction_type": "DEBIT",
      "bank_name": "BOI",
      "account_number": "609838031166",
      "balance": 764.29
    },
    {
      "transaction_date": "2024-08-26",
      "description": "Annual Maintenance Charges",
      "amount": 8.27,
      "transaction_type": "DEBIT",
      "bank_name": "BOI",
      "account_number": "609838031166",
      "balance": 756.02
    },
    {
      "transaction_date": "2024-08-30",
      "description": "SMSChargesQtrAPR24-JUN24+GST@18",
      "amount": 7.79,
      "transaction_type": "DEBIT",
      "bank_name": "BOI",
      "account_number": "609838031166",
      "balance": 748.23
    },
    {
      "transaction_date": "2024-09-02",
      "description": "Debit Card Annual Charges",
      "amount": 9.68,
      "transaction_type": "DEBIT",
      "bank_name": "BOI",
      "account_number": "609838031166",
      "balance": 738.55
    },
    {
      "transaction_date": "2024-09-03",
      "description": "NEFT-REFUND",
      "amount": 1431.36,
      "transaction_type": "CREDIT",
      "bank_name": "BOI",
      "account_number": "609838031166",
      "balance": 2169.91
    },
    {
      "transaction_date": "2024-09-04",
      "description": "BUPI/777172171525/04-09-2024\n15:28:42/UPI",
      "amount": 84.53,
      "transaction_type": "DEBIT",
      "bank_name": "BOI",
      "account_number": "609838031166",
      "balance": 2085.38
    },
    {
      "transaction_date": "2024-09-04",
      "description": "Annual Maintenance Charges",
      "amount": 18.18,
      "transaction_type": "DEBIT",
      "bank_name": "BOI",
      "account_number": "609838031166",
      "balance": 2067.2
    },
    {
      "transaction_date": "2024-09-05",
      "description": "CWDR//991305/CPCN0170",
      "amount": 466.6,
      "transaction_type": "DEBIT",
      "bank_name": "BOI",
      "account_number": "609838031166",
      "balance": 1600.6
    },
    {
      "transaction_date": "2024-09-05",
      "description": "BUPI/753074673303/05-09-2024\n14:15:04/UPI",
      "amount": 127.01,
      "transaction_type": "DEBIT",
      "bank_name": "BOI",
      "account_number": "609838031166",
      "balance": 1473.59
    },
    {
      "transaction_date": "2024-09-06",
      "description": "SMSChargesQtrAPR24-JUN24+GST@18",
      "amount": 11.67,
      "transaction_type": "DEBIT",
      "bank_name": "BOI",
      "account_number": "609838031166",
      "balance": 1461.92
    },
    {
      "transaction_date": "2024-09-08",
      "description": "NEFT-PAYMENT",
      "amount": 3924.09,
      "transaction_type": "CREDIT",
      "bank_name": "BOI",
      "account_number": "609838031166",
      "balance": 5386.01
    },
    {
      "transaction_date": "2024-09-08",
      "description": "MEDR/ZOMATO DEL/700972/",
      "amount": 242.69,
      "transaction_type": "DEBIT",
      "bank_name": "BOI",
      "account_number": "609838031166",
      "balance": 5143.32
    },
    {
      "transaction_date": "2024-09-08",
      "description": "MEDR/MSEDCL/735570/",
      "amount": 386.8,
      "transaction_type": "DEBIT",
      "bank_name": "BOI",
      "account_number": "609838031166",
      "balance": 4756.52
    },
    {
      "transaction_date": "2024-09-09",
      "description": "BUPI/781999231914/09-09-2024\n17:57:42/UPI",
      "amount": 257.25,
      "transaction_type": "DEBIT",
      "bank_name": "BOI",
      "account_number": "609838031166",
      "balance": 4499.27
    },
    {
      "transaction_date": "2024-09-09",
      "description": "NEFT-REFUND",
      "amount": 2077.76,
      "transaction_type": "CREDIT",
      "bank_name": "BOI",
      "account_number": "609838031166",
      "balance": 6577.03
    },
    {
      "transaction_date": "2024-09-09",
      "description": "SMSChargesQtrAPR24-JUN24+GST@18",
      "amount": 20.99,
      "transaction_type": "DEBIT",
      "bank_name": "BOI",
      "account_number": "609838031166",
      "balance": 6556.04
    },
    {
      "transaction_date": "2024-09-10",
      "description": "NEFT-REFUND",
      "amount": 4650.54,
      "transaction_type": "CREDIT",
      "bank_name": "BOI",
      "account_number": "609838031166",
      "balance": 11206.58
    },
    {
      "transaction_date": "2024-09-11",
      "description": "SMSChargesQtrAPR24-JUN24+GST@18",
      "amount": 64.42,
      "transaction_type": "DEBIT",
      "bank_name": "BOI",
      "account_number": "609838031166",
      "balance": 11142.16
    },
    {
      "transaction_date": "2024-09-11",
      "description": "MEDR/SHELL FUEL/477723/",
      "amount": 506.37,
      "transaction_type": "DEBIT",
      "bank_name": "BOI",
      "account_number": "609838031166",
      "balance": 10635.79
    },
    {
      "transaction_date": "2024-09-11",
      "description": "NEFT-REIMBURSEMENT",
      "amount": 1339.03,
      "transaction_type": "CREDIT",
      "bank_name": "BOI",
      "account_number": "609838031166",
      "balance": 11974.82
    },
    {
      "transaction_date": "2024-09-11",
      "description": "NACH DR INW - HDFC BANK LIMITED\n/ 6195664309 / AGL",
      "amount": 3628.14,
      "transaction_type": "DEBIT",
      "bank_name": "BOI",
      "account_number": "609838031166",
      "balance": 8346.68
    }
  ]
}