{
  "bank_name": "BOI",
  "account_number": "852194724381",
  "account_holder": "RAHUL JOSHI",
  "statement_period": "April 01, 2024 to March 31, 2025",
  "transactions": [
    {
      "transaction_date": "2024-04-01",
      "description": "CWDR//858193/CPCN0170",
      "amount": 2746.26,
      "transaction_type": "DEBIT",
      "bank_name": "BOI",
      "account_number": "852194724381",
      "balance": 239025.26
    },
    {
      "transaction_date": "2024-04-01",
      "description": "CWDR//213829/DWCW278",
      "amount": 1051.49,
      "transaction_type": "DEBIT",
      "bank_name": "BOI",
      "account_number": "852194724381",
      "balance": 237973.77
    },
    {
      "transaction_date": "2024-04-01",
      "description": "CWDR//836431/CPCN0170",
      "amount": 3094.97,
      "transaction_type": "DEBIT",
      "bank_name": "BOI",
      "account_number": "852194724381",
      "balance": 234878.8
    },
    {
      "transaction_date": "2024-04-01",
      "description": "Debit Card Annual Charges",
      "amount": 64.45,
      "transaction_type": "DEBIT",
      "bank_name": "BOI",
      "account_number": "852194724381",
      "balance": 234814.35
    },
    {
      "transaction_date": "2024-04-02",
      "description": "NEFT-PAYMENT",
      "amount": 4505.93,
      "transaction_type": "CREDIT",
      "bank_name": "BOI",
      "account_number": "852194724381",
      "balance": 239320.28
    },
    {
      "transaction_date": "2024-04-02",
      "description": "BUPI/784197783676/02-04-2024\n16:56:04/UPI",
      "amount": 1484.56,
      "transaction_type": "DEBIT",
      "bank_name": "BOI",
      "account_number": "852194724381",
      "balance": 237835.72
    },
    {
      "transaction_date": "2024-04-03",
      "description": "CWDR//779392/NKOL6146",
      "amount": 2333.93,
      "transaction_type": "DEBIT",
      "bank_name": "BOI",
      "account_number": "852194724381",
      "balance": 235501.79
    },
    {
      "transaction_date": "2024-04-03",
      "description": "CWDR//366204/DWCW278",
      "amount": 2969.91,
      "transaction_type": "DEBIT",
      "bank_name": "BOI",
      "account_number": "852194724381",
      "balance": 232531.88
    },
    {
      "transaction_date": "2024-04-03",
      "description": "CWDR//345855/MSO9047",
      "amount": 2767.62,
      "transaction_type": "DEBIT",
      "bank_name": "BOI",
      "account_number": "852194724381",
      "balance": 229764.26
    },
    {
      "transaction_date": "2024-04-03",
      "description": "MEDR/MANIPAL HSP/584357/",
      "amount": 590.26,
      "transaction_type": "DEBIT",
      "bank_name": "BOI",
      "account_number": "852194724381",
      "balance": 229174.0
    },
    {
      "transaction_date": "2024-04-04",
      "description": "Service Charges",
      "amount": 44.72,
      "transaction_type": "DEBIT",
      "bank_name": "BOI",
      "account_number": "852194724381",
      "balance": 229129.28
    },
    {
      "transaction_date": "2024-04-05",
      "description": "CWDR//922983/ID046101",
      "amount": 1966.59,
      "transaction_type": "DEBIT",
      "bank_name": "BOI",
      "account_number": "852194724381",
      "balance": 227162.69
    },
    {
      "transaction_date": "2024-04-05",
      "description": "BUPI/726438391302/05-04-2024\n20:21:15/UPI",
      "amount": 2364.69,
      "transaction_type": "DEBIT",
      "bank_name": "BOI",
      "account_number": "852194724381",
      "balance": 224798.0
    },
    {
      "transaction_date": "2024-04-05",
      "description": "NEFT-REFUND",
      "amount": 3693.78,
      "transaction_type": "CREDIT",
      "bank_name": "BOI",
      "account_number": "852194724381",
      "balance": 228491.78
    },
    {
      "transaction_date": "2024-04-06",
      "description": "MEDR/BOOKMYSHOW/936644/",
      "amount": 738.63,
      "transaction_type": "DEBIT",
      "bank_name": "BOI",
      "account_number": "852194724381",
      "balance": 227753.15
    },
    {
      "transaction_date": "2024-04-06",
      "description": "CWDR//902285/TPCN1257",
      "amount": 7151.18,
      "transaction_type": "DEBIT",
      "bank_name": "BOI",
      "account_number": "852194724381",
      "balance": 220601.97
    },
    {
      "transaction_date": "2024-04-06",
      "description": "MEDR/ZOMATO ORD/964250/",
      "amount": 323.04,
      "transaction_type": "DEBIT",
      "bank_name": "BOI",
      "account_number": "852194724381",
      "balance": 220278.93
    },
    {
      "transaction_date": "2024-04-06",
      "description": "MEDR/AMAZON IND/523312/",
      "amount": 1320.27,
      "transaction_type": "DEBIT",
      "bank_name": "BOI",
      "account_number": "852194724381",
      "balance": 218958.66
    },
    {
      "transaction_date": "2024-04-07",
      "description": "BUPI/790036812334/07-04-2024\n17:45:03/UPI",
      "amount": 1331.16,
      "transaction_type": "DEBIT",
      "bank_name": "BOI",
      "account_number": "852194724381",
      "balance": 217627.5
    },
    {
      "transaction_date": "2024-04-07",
      "description": "CWDR//666626/MSO9047",
      "amount": 6408.26,
      "transaction_type": "DEBIT",
      "bank_name": "BOI",
      "account_number": "852194724381",
      "balance": 211219.24
    },
    {
      "transaction_date": "2024-04-07",
      "description": "CWDR//194697/ID046101",
      "amount": 4105.59,
      "transaction_type": "DEBIT",
      "bank_name": "BOI",
      "account_number": "852194724381",
      "balance": 207113.65
    },
    {
      "transaction_date": "2024-04-07",
      "description": "Annual Maintenance Charges",
      "amount": 38.26,
      "transaction_type": "DEBIT",
      "bank_name": "BOI",
      "account_number": "852194724381",
      "balance": 207075.39
    },
    {
      "transaction_date": "2024-04-08",
      "description": "MEDR/ADANI GAS/722105/",
      "amount": 456.87,
      "transaction_type": "DEBIT",
      "bank_name": "BOI",
      "account_number": "852194724381",
      "balance": 206618.52
    },
    {
      "transaction_date": "2024-04-09",
      "description": "CWDR//766234/NKOL6146",
      "amount": 1019.94,
      "transaction_type": "DEBIT",
      "bank_name": "BOI",
      "account_number": "852194724381",
      "balance": 205598.58
    },
    {
      "transaction_date": "2024-04-09",
      "description": "CWDR//651408/NKOL6146",
      "amount": 4526.22,
      "transaction_type": "DEBIT",
      "bank_name": "BOI",
      "account_number": "852194724381",
      "balance": 201072.36
    },
    {
      "transaction_date": "2024-04-10",
      "description": "Int:11-01-2024/09-04-2024",
      "amount": 131.73,
      "transaction_type": "CREDIT",
      "bank_name": "BOI",
      "account_number": "852194724381",
      "balance": 201204.09
    },
    {
      "transaction_date": "2024-04-10",
      "description": "MEDR/SWIGGY DEL/513715/",
      "amount": 1267.98,
      "transaction_type": "DEBIT",
      "bank_name": "BOI",
      "account_number": "852194724381",
      "balance": 199936.11
    },
    {
      "transaction_date": "2024-04-10",
      "description": "BUPI/750635942189/10-04-2024\n02:35:45/UPI",
      "amount": 413.09,
      "transaction_type": "DEBIT",
      "bank_name": "BOI",
      "account_number": "852194724381",
      "balance": 199523.02
    },
    {
      "transaction_date": "2024-04-10",
      "description": "BUPI/770239536803/10-04-2024\n13:03:36/UPI",
      "amount": 594.44,
      "transaction_type": "DEBIT",
      "bank_name": "BOI",
      "account_number": "852194724381",
      "balance": 198928.58
    },
    {
      "transaction_date": "2024-04-11",
      "description": "MEDR/AMAZON SHP/258126/",
      "amount": 407.42,
      "transaction_type": "DEBIT",
      "bank_name": "BOI",
      "account_number": "852194724381",
      "balance": 198521.16
    },
    {
      "transaction_date": "2024-04-12",
      "description": "BUPI/716935348147/12-04-2024\n17:11:07/UPI",
      "amount": 2096.68,
      "transaction_type": "DEBIT",
      "bank_name": "BOI",
      "account_number": "852194724381",
      "balance": 196424.48
    },
    {
      "transaction_date": "2024-04-13",
      "description": "BUPI/752887863025/13-04-2024\n16:34:54/UPI",
      "amount": 2194.82,
      "transaction_type": "DEBIT",
      "bank_name": "BOI",
      "account_number": "852194724381",
      "balance": 194229.66
    },
    {
      "transaction_date": "2024-04-13",
      "description": "MEDR/BPCL PETROL/388092/",
      "amount": 2459.92,
      "transaction_type": "DEBIT",
      "bank_name": "BOI",
      "account_number": "852194724381",
      "balance": 191769.74
    },
    {
      "transaction_date": "2024-04-13",
      "description": "NEFT-PAYMENT",
      "amount": 3242.99,
      "transaction_type": "CREDIT",
      "bank_name": "BOI",
      "account_number": "852194724381",
      "balance": 195012.73
    },
    {
      "transaction_date": "2024-04-13",
      "description": "NEFT-TRANSFER",
      "amount": 3313.42,
      "transaction_type": "CREDIT",
      "bank_name": "BOI",
      "account_number": "852194724381",
      "balance": 198326.15
    },
    {
      "transaction_date": "2024-04-14",
      "description": "CWDR//805480/ID046101",
      "amount": 6832.26,
      "transaction_type": "DEBIT",
      "bank_name": "BOI",
      "account_number": "852194724381",
      "balance": 191493.89
    },
    {
      "transaction_date": "2024-04-14",
      "description": "CWDR//883248/TPCN1257",
      "amount": 2257.67,
      "transaction_type": "DEBIT",
      "bank_name": "BOI",
      "account_number": "852194724381",
      "balance": 189236.22
    },
    {
      "transaction_date": "2024-04-14",
      "description": "BUPI/765153263036/14-04-2024\n13:31:21/UPI",
      "amount": 1780.93,
      "transaction_type": "DEBIT",
      "bank_name": "BOI",
      "account_number": "852194724381",
      "balance": 187455.29
    },
    {
      "transaction_date": "2024-04-15",
      "description": "CWDR//291400/MSO9047",
      "amount": 1560.7,
      "transaction_type": "DEBIT",
      "bank_name": "BOI",
      "account_number": "852194724381",
      "balance": 185894.59
    },
    {
      "transaction_date": "2024-04-15",
      "description": "NEFT-PAYMENT",
      "amount": 4959.98,
      "transaction_type": "CREDIT",
      "bank_name": "BOI",
      "account_number": "852194724381",
      "balance": 190854.57
    },
    {
      "transaction_date": "2024-04-15",
      "description": "MEDR/SPENCER RET/659572/",
      "amount": 1579.12,
      "transaction_type": "DEBIT",
      "bank_name": "BOI",
      "account_number": "852194724381",
      "balance": 189275.45
    },
    {
      "transaction_date": "2024-04-15",
      "description": "NEFT-PAYMENT",
      "amount": 4199.52,
      "transaction_type": "CREDIT",
      "bank_name": "BOI",
      "account_number": "852194724381",
      "balance": 193474.97
    },
    {
      "transaction_date": "2024-04-16",
      "description": "MEDR/JIO RECHARGE/870441/",
      "amount": 344.85,
      "transaction_type": "DEBIT",
      "bank_name": "BOI",
      "account_number": "852194724381",
      "balance": 193130.12
    },
    {
      "transaction_date": "2024-04-16",
      "description": "MEDR/VODAFONE/460871/",
      "amount": 1574.56,
      "transaction_type": "DEBIT",
      "bank_name": "BOI",
      "account_number": "852194724381",
      "balance": 191555.56
    },
    {
      "transaction_date": "2024-04-16",
      "description": "CWDR//824473/DWCW278",
      "amount": 5242.9,
      "transaction_type": "DEBIT",
      "bank_name": "BOI",
      "account_number": "852194724381",
      "balance": 186312.66
    },
    {
      "transaction_date": "2024-04-16",
      "description": "NEFT-TRANSFER",
      "amount": 1611.95,
      "transaction_type": "CREDIT",
      "bank_name": "BOI",
      "account_number": "852194724381",
      "balance": 187924.61
    },
    {
      "transaction_date": "2024-04-17",
      "description": "BUPI/739178229387/17-04-2024\n01:50:37/UPI",
      "amount": 1196.46,
      "transaction_type": "DEBIT",
      "bank_name": "BOI",
      "account_number": "852194724381",
      "balance": 186728.15
    },
    {
      "transaction_date": "2024-04-17",
      "description": "CWDR//649686/NKOL6146",
      "amount": 1619.2,
      "transaction_type": "DEBIT",
      "bank_name": "BOI",
      "account_number": "852194724381",
      "balance": 185108.95
    },
    {
      "transaction_date": "2024-04-17",
      "description": "CWDR//742434/NKOL6146",
      "amount": 2811.15,
      "transaction_type": "DEBIT",
      "bank_name": "BOI",
      "account_number": "852194724381",
      "balance": 182297.8
    },
    {
      "transaction_date": "2024-04-18",
      "description": "MEDR/MEDPLUS/280355/",
      "amount": 1261.66,
      "transaction_type": "DEBIT",
      "bank_name": "BOI",
      "account_number": "852194724381",
      "balance": 181036.14
    },
    {
      "transaction_date": "2024-04-18",
      "description": "CWDR//493932/MSO9047",
      "amount": 4766.15,
      "transaction_type": "DEBIT",
      "bank_name": "BOI",
      "account_number": "852194724381",
      "balance": 176269.99
    },
    {
      "transaction_date": "2024-04-18",
      "description": "CWRR//493932/MSO9047",
      "amount": 4766.15,
      "transaction_type": "CREDIT",
      "bank_name": "BOI",
      "account_number": "852194724381",
      "balance": 181036.14
    },
    {
      "transaction_date": "2024-04-19",
      "description": "MEDR/BESCOM/185665/",
      "amount": 1230.1,
      "transaction_type": "DEBIT",
      "bank_name": "BOI",
      "account_number": "852194724381",
      "balance": 179806.04
    },
    {
      "transaction_date": "2024-04-19",
      "description": "CWDR//893378/TPCN1257",
      "amount": 721.53,
      "transaction_type": "DEBIT",
      "bank_name": "BOI",
      "account_number": "852194724381",
      "balance": 179084.51
    },
    {
      "transaction_date": "2024-04-19",
      "description": "Service Charges",
      "amount": 47.4,
      "transaction_type": "DEBIT",
      "bank_name": "BOI",
      "account_number": "852194724381",
      "balance": 179037.11
    },
    {
      "transaction_date": "2024-04-19",
      "description": "NACH DR INW - HDFC BANK LIMITED\n/ 9838625174 / AGL",
      "amount": 10720.28,
      "transaction_type": "DEBIT",
      "bank_name": "BOI",
      "account_number": "852194724381",
      "balance": 168316.83
    },
    {
      "transaction_date": "2024-04-20",
      "description": "MEDR/DMRC/517432/",
      "amount": 754.41,
      "transaction_type": "DEBIT",
      "bank_name": "BOI",
      "account_number": "852194724381",
      "balance": 167562.42
    },
    {
      "transaction_date": "2024-04-20",
      "description": "MEDR/AMAZON PAY/207876/",
      "amount": 1010.9,
      "transaction_type": "DEBIT",
      "bank_name": "BOI",
      "account_number": "852194724381",
      "balance": 166551.52
    },
    {
      "transaction_date": "2024-04-20",
      "description": "MEDR/KFC REST/847455/",
      "amount": 1165.23,
      "transaction_type": "DEBIT",
      "bank_name": "BOI",
      "account_number": "852194724381",
      "balance": 165386.29
    },
    {
      "transaction_date": "2024-04-21",
      "description": "MEDR/ICICI PRU/569075/",
      "amount": 9345.89,
      "transaction_type": "DEBIT",
      "bank_name": "BOI",
      "account_number": "852194724381",
      "balance": 156040.4
    },
    {
      "transaction_date": "2024-04-22",
      "description": "MEDR/SWIGGY/889658/",
      "amount": 1170.67,
      "transaction_type": "DEBIT",
      "bank_name": "BOI",
      "account_number": "852194724381",
      "balance": 154869.73
    },
    {
      "transaction_date": "2024-04-22",
      "description": "NACH DR INW - AXIS BANK\n/ 1174631800 / AGL",
      "amount": 7843.4,
      "transaction_type": "DEBIT",
      "bank_name": "BOI",
      "account_number": "852194724381",
      "balance": 147026.33
    },
    {
      "transaction_date": "2024-04-22",
      "description": "MEDR/BHARAT GAS/870512/",
      "amount": 1268.74,
      "transaction_type": "DEBIT",
      "bank_name": "BOI",
      "account_number": "852194724381",
      "balance": 145757.59
    },
    {
      "transaction_date": "2024-04-22",
      "description": "BUPI/780321120694/22-04-2024\n16:03:31/UPI",
      "amount": 904.06,
      "transaction_type": "DEBIT",
      "bank_name": "BOI",
      "account_number": "852194724381",
      "balance": 144853.53
    },
    {
      "transaction_date": "2024-04-23",
      "description": "CWDR//314650/CS046112",
      "amount": 5032.06,
      "transaction_type": "DEBIT",
      "bank_name": "BOI",
      "account_number": "852194724381",
      "balance": 139821.47
    },
    {
      "transaction_date": "2024-04-23",
      "description": "MEDR/MORE STORES/467096/",
      "amount": 1892.12,
      "transaction_type": "DEBIT",
      "bank_name": "BOI",
      "account_number": "852194724381",
      "balance": 137929.35
    },
    {
      "transaction_date": "2024-04-24",
      "description": "BUPI/741870568552/24-04-2024\n15:43:02/UPI",
      "amount": 724.6,
      "transaction_type": "DEBIT",
      "bank_name": "BOI",
      "account_number": "852194724381",
      "balance": 137204.75
    },
    {
      "transaction_date": "2024-04-24",
      "description": "BUPI/754002377850/24-04-2024\n13:45:12/UPI",
      "amount": 129.03,
      "transaction_type": "DEBIT",
      "bank_name": "BOI",
      "account_number": "852194724381",
      "balance": 137075.72
    },
    {
      "transaction_date": "2024-04-24",
      "description": "BUPI/772430760804/24-04-2024\n11:17:29/UPI",
      "amount": 1215.59,
      "transaction_type": "DEBIT",
      "bank_name": "BOI",
      "account_number": "852194724381",
      "balance": 135860.13
    },
    {
      "transaction_date": "2024-04-24",
      "description": "MEDR/DMART STORE/587247/",
      "amount": 949.09,
      "transaction_type": "DEBIT",
      "bank_name": "BOI",
      "account_number": "852194724381",
      "balance": 134911.04
    },
    {
      "transaction_date": "2024-04-25",
      "description": "BUPI/752152625473/25-04-2024\n03:06:24/UPI",
      "amount": 1824.82,
      "transaction_type": "DEBIT",
      "bank_name": "BOI",
      "account_number": "852194724381",
      "balance": 133086.22
    },
    {
      "transaction_date": "2024-04-26",
      "description": "MEDR/ZOMATO DEL/416874/",
      "amount": 1457.83,
      "transaction_type": "DEBIT",
      "bank_name": "BOI",
      "account_number": "852194724381",
      "balance": 131628.39
    },
    {
      "transaction_date": "2024-04-27",
      "description": "CWDR//518674/CPCN0170",
      "amount": 5299.54,
      "transaction_type": "DEBIT",
      "bank_name": "BOI",
      "account_number": "852194724381",
      "balance": 126328.85
    },
    {
      "transaction_date": "2024-04-28",
      "description": "BUPI/747208908096/28-04-2024\n18:00:30/UPI",
      "amount": 629.32,
      "transaction_type": "DEBIT",
      "bank_name": "BOI",
      "account_number": "852194724381",
      "balance": 125699.53
    },
    {
      "transaction_date": "2024-04-28",
      "description": "NACH DR INW - ICICI BANK\n/ 3357452501 / AGL",
      "amount": 9499.49,
      "transaction_type": "DEBIT",
      "bank_name": "BOI",
      "account_number": "852194724381",
      "balance": 116200.04
    },
    {
      "transaction_date": "2024-04-28",
      "description": "BUPI/721088427612/28-04-2024\n20:43:02/UPI",
      "amount": 1455.76,
      "transaction_type": "DEBIT",
      "bank_name": "BOI",
      "account_number": "852194724381",
      "balance": 114744.28
    },
    {
      "transaction_date": "2024-04-28",
      "description": "NEFT-REFUND",
      "amount": 3551.92,
      "transaction_type": "CREDIT",
      "bank_name": "BOI",
      "account_number": "852194724381",
      "balance": 118296.2
    },
    {
      "transaction_date": "2024-04-29",
      "description": "MEDR/LIC PREM/846160/",
      "amount": 12961.26,
      "transaction_type": "DEBIT",
      "bank_name": "BOI",
      "account_number": "852194724381",
      "balance": 105334.94
    },
    {
      "transaction_date": "2024-04-29",
      "description": "CWDR//105602/CS046112",
      "amount": 3402.68,
      "transaction_type": "DEBIT",
      "bank_name": "BOI",
      "account_number": "852194724381",
      "balance": 101932.26
    },
    {
      "transaction_date": "2024-04-29",
      "description": "CWRR//105602/CS046112",
      "amount": 3402.68,
      "transaction_type": "CREDIT",
      "bank_name": "BOI",
      "account_number": "852194724381",
      "balance": 105334.94
    },
    {
      "transaction_date": "2024-04-29",
      "description": "MEDR/RAPIDO/154870/",
      "amount": 1987.11,
      "transaction_type": "DEBIT",
      "bank_name": "BOI",
      "account_number": "852194724381",
      "balance": 103347.83
    },
    {
      "transaction_date": "2024-04-29",
      "description": "MEDR/MAKEMYTRIP/851850/",
      "amount": 278.41,
      "transaction_type": "DEBIT",
      "bank_name": "BOI",
      "account_number": "852194724381",
      "balance": 103069.42
    },
    {
      "transaction_date": "2024-04-30",
      "description": "NACH DR INW - AXIS BANK\n/ 8665927759 / AGL",
      "amount": 8229.49,
      "transaction_type": "DEBIT",
      "bank_name": "BOI",
      "account_number": "852194724381",
      "balance": 94839.93
    },
    {
      "transaction_date": "2024-04-30",
      "description": "BUPI/762203754167/30-04-2024\n03:16:01/UPI",
      "amount": 692.45,
      "transaction_type": "DEBIT",
      "bank_name": "BOI",
      "account_number": "852194724381",
      "balance": 94147.48
    },
    {
      "transaction_date": "2024-04-30",
      "description": "Debit Card Annual Charges",
      "amount": 75.12,
      "transaction_type": "DEBIT",
      "bank_name": "BOI",
      "account_number": "852194724381",
      "balance": 94072.36
    },
    {
      "transaction_date": "2024-04-30",
      "description": "CWDR//399509/NKOL6146",
      "amount": 6050.84,
      "transaction_type": "DEBIT",
      "bank_name": "BOI",
      "account_number": "852194724381",
      "balance": 88021.52
    },
    {
      "transaction_date": "2024-04-30",
      "description": "CWRR//399509/NKOL6146",
      "amount": 6050.84,
      "transaction_type": "CREDIT",
      "bank_name": "BOI",
      "account_number": "852194724381",
      "balance": 94072.36
    },
    {
      "transaction_date": "2024-05-01",
      "description": "NEFT-TRANSFER",
      "amount": 598.81,
      "transaction_type": "CREDIT",
      "bank_name": "BOI",
      "account_number": "852194724381",
      "balance": 94671.17
    },
    {
      "transaction_date": "2024-05-01",
      "description": "CWDR//896213/NKOL6146",
      "amount": 3724.96,
      "transaction_type": "DEBIT",
      "bank_name": "BOI",
      "account_number": "852194724381",
      "balance": 90946.21
    },
    {
      "transaction_date": "2024-05-01",
      "description": "CWDR//254871/ID046101",
      "amount": 5544.36,
      "transaction_type": "DEBIT",
      "bank_name": "BOI",
      "account_number": "852194724381",
      "balance": 85401.85
    },
    {
      "transaction_date": "2024-05-01",
      "description": "NEFT-TRANSFER",
      "amount": 2465.93,
      "transaction_type": "CREDIT",
      "bank_name": "BOI",
      "account_number": "852194724381",
      "balance": 87867.78
    },
    {
      "transaction_date": "2024-05-02",
      "description": "MEDR/HP GAS/685157/",
      "amount": 963.36,
      "transaction_type": "DEBIT",
      "bank_name": "BOI",
      "account_number": "852194724381",
      "balance": 86904.42
    },
    {
      "transaction_date": "2024-05-02",
      "description": "BUPI/791057642721/02-05-2024\n09:14:46/UPI",
      "amount": 1928.59,
      "transaction_type": "DEBIT",
      "bank_name": "BOI",
      "account_number": "852194724381",
      "balance": 84975.83
    },
    {
      "transaction_date": "2024-05-02",
      "description": "MEDR/UBER/430656/",
      "amount": 457.75,
      "transaction_type": "DEBIT",
      "bank_name": "BOI",
      "account_number": "852194724381",
      "balance": 84518.08
    },
    {
      "transaction_date": "2024-05-03",
      "description": "SALARY CREDIT",
      "amount": 51698.1,
      "transaction_type": "CREDIT",
      "bank_name": "BOI",
      "account_number": "852194724381",
      "balance": 136216.18
    },
    {
      "transaction_date": "2024-05-03",
      "description": "NEFT-REFUND",
      "amount": 3931.42,
      "transaction_type": "CREDIT",
      "bank_name": "BOI",
      "account_number": "852194724381",
      "balance": 140147.6
    },
    {
      "transaction_date": "2024-05-03",
      "description": "SMSChargesQtrAPR24-JUN24+GST@18",
      "amount": 64.45,
      "transaction_type": "DEBIT",
      "bank_name": "BOI",
      "account_number": "852194724381",
      "balance": 140083.15
    },
    {
      "transaction_date": "2024-05-04",
      "description": "MEDR/SHELL FUEL/480127/",
      "amount": 2794.23,
      "transaction_type": "DEBIT",
      "bank_name": "BOI",
      "account_number": "852194724381",
      "balance": 137288.92
    },
    {
      "transaction_date": "2024-05-05",
      "description": "CWDR//886357/ID046101",
      "amount": 7099.25,
      "transaction_type": "DEBIT",
      "bank_name": "BOI",
      "account_number": "852194724381",
      "balance": 130189.67
    },
    {
      "transaction_date": "2024-05-05",
      "description": "CWDR//747781/CSO9013",
      "amount": 6642.72,
      "transaction_type": "DEBIT",
      "bank_name": "BOI",
      "account_number": "852194724381",
      "balance": 123546.95
    },
    {
      "transaction_date": "2024-05-05",
      "description": "NEFT-PAYMENT",
      "amount": 2184.1,
      "transaction_type": "CREDIT",
      "bank_name": "BOI",
      "account_number": "852194724381",
      "balance": 125731.05
    },
    {
      "transaction_date": "2024-05-06",
      "description": "Debit Card Annual Charges",
      "amount": 58.85,
      "transaction_type": "DEBIT",
      "bank_name": "BOI",
      "account_number": "852194724381",
      "balance": 125672.2
    },
    {
      "transaction_date": "2024-05-07",
      "description": "CWDR//569454/CS046112",
      "amount": 5746.25,
      "transaction_type": "DEBIT",
      "bank_name": "BOI",
      "account_number": "852194724381",
      "balance": 119925.95
    },
    {
      "transaction_date": "2024-05-08",
      "description": "CWDR//426224/ID046101",
      "amount": 543.37,
      "transaction_type": "DEBIT",
      "bank_name": "BOI",
      "account_number": "852194724381",
      "balance": 119382.58
    },
    {
      "transaction_date": "2024-05-08",
      "description": "Annual Maintenance Charges",
      "amount": 47.85,
      "transaction_type": "DEBIT",
      "bank_name": "BOI",
      "account_number": "852194724381",
      "balance": 119334.73
    },
    {
      "transaction_date": "2024-05-08",
      "description": "MEDR/APOLLO HOSP/828094/",
      "amount": 1272.07,
      "transaction_type": "DEBIT",
      "bank_name": "BOI",
      "account_number": "852194724381",
      "balance": 118062.66
    },
    {
      "transaction_date": "2024-05-08",
      "description": "CWDR//581614/CSO9013",
      "amount": 2374.51,
      "transaction_type": "DEBIT",
      "bank_name": "BOI",
      "account_number": "852194724381",
      "balance": 115688.15
    },
    {
      "transaction_date": "2024-05-09",
      "description": "NACH DR INW - AXIS BANK\n/ 3348620034 / AGL",
      "amount": 11596.13,
      "transaction_type": "DEBIT",
      "bank_name": "BOI",
      "account_number": "852194724381",
      "balance": 104092.02
    },
    {
      "transaction_date": "2024-05-09",
      "description": "Annual Maintenance Charges",
      "amount": 43.45,
      "transaction_type": "DEBIT",
      "bank_name": "BOI",
      "account_number": "852194724381",
      "balance": 104048.57
    },
    {
      "transaction_date": "2024-05-10",
      "description": "CWDR//912272/TPCN1257",
      "amount": 2780.08,
      "transaction_type": "DEBIT",
      "bank_name": "BOI",
      "account_number": "852194724381",
      "balance": 101268.49
    },
    {
      "transaction_date": "2024-05-10",
      "description": "NACH DR INW - AXIS BANK\n/ 2583004708 / AGL",
      "amount": 7701.58,
      "transaction_type": "DEBIT",
      "bank_name": "BOI",
      "account_number": "852194724381",
      "balance": 93566.91
    },
    {
      "transaction_date": "2024-05-11",
      "description": "MEDR/CINEPOLIS/349424/",
      "amount": 840.57,
      "transaction_type": "DEBIT",
      "bank_name": "BOI",
      "account_number": "852194724381",
      "balance": 92726.34
    },
    {
      "transaction_date": "2024-05-11",
      "description": "CWDR//854943/CPCN0170",
      "amount": 6123.0,
      "transaction_type": "DEBIT",
      "bank_name": "BOI",
      "account_number": "852194724381",
      "balance": 86603.34
    },
    {
      "transaction_date": "2024-05-11",
      "description": "MEDR/BSNL RCH/951625/",
      "amount": 1164.32,
      "transaction_type": "DEBIT",
      "bank_name": "BOI",
      "account_number": "852194724381",
      "balance": 85439.02
    },
    {
      "transaction_date": "2024-05-12",
      "description": "BUPI/700323015266/12-05-2024\n08:40:44/UPI",
      "amount": 1500.68,
      "transaction_type": "DEBIT",
      "bank_name": "BOI",
      "account_number": "852194724381",
      "balance": 83938.34
    },
    {
      "transaction_date": "2024-05-13",
      "description": "NEFT-PAYMENT",
      "amount": 675.34,
      "transaction_type": "CREDIT",
      "bank_name": "BOI",
      "account_number": "852194724381",
      "balance": 84613.68
    },
    {
      "transaction_date": "2024-05-14",
      "description": "NEFT-PAYMENT",
      "amount": 3970.04,
      "transaction_type": "CREDIT",
      "bank_name": "BOI",
      "account_number": "852194724381",
      "balance": 88583.72
    },
    {
      "transaction_date": "2024-05-14",
      "description": "Debit Card Annual Charges",
      "amount": 48.15,
      "transaction_type": "DEBIT",
      "bank_name": "BOI",
      "account_number": "852194724381",
      "balance": 88535.57
    },
    {
      "transaction_date": "2024-05-15",
      "description": "MEDR/RELIANCE FRS/979813/",
      "amount": 1980.27,
      "transaction_type": "DEBIT",
      "bank_name": "BOI",
      "account_number": "852194724381",
      "balance": 86555.3
    },
    {
      "transaction_date": "2024-05-15",
      "description": "BUPI/789986789881/15-05-2024\n19:03:12/UPI",
      "amount": 326.69,
      "transaction_type": "DEBIT",
      "bank_name": "BOI",
      "account_number": "852194724381",
      "balance": 86228.61
    },
    {
      "transaction_date": "2024-05-16",
      "description": "MEDR/TUITION/460858/",
      "amount": 9983.41,
      "transaction_type": "DEBIT",
      "bank_name": "BOI",
      "account_number": "852194724381",
      "balance": 76245.2
    },
    {
      "transaction_date": "2024-05-17",
      "description": "CWDR//316573/CPCN0170",
      "amount": 2529.56,
      "transaction_type": "DEBIT",
      "bank_name": "BOI",
      "account_number": "852194724381",
      "balance": 73715.64
    },
    {
      "transaction_date": "2024-05-17",
      "description": "BUPI/705573812829/17-05-2024\n04:12:19/UPI",
      "amount": 695.51,
      "transaction_type": "DEBIT",
      "bank_name": "BOI",
      "account_number": "852194724381",
      "balance": 73020.13
    },
    {
      "transaction_date": "2024-05-17",
      "description": "BUPI/728909049279/17-05-2024\n18:48:16/UPI",
      "amount": 1112.76,
      "transaction_type": "DEBIT",
      "bank_name": "BOI",
      "account_number": "852194724381",
      "balance": 71907.37
    },
    {
      "transaction_date": "2024-05-17",
      "description": "MEDR/SCH ADMIS/806480/",
      "amount": 10056.87,
      "transaction_type": "DEBIT",
      "bank_name": "BOI",
      "account_number": "852194724381",
      "balance": 61850.5
    },
    {
      "transaction_date": "2024-05-18",
      "description": "NACH DR INW - HDFC BANK LIMITED\n/ 2731867138 / AGL",
      "amount": 8548.16,
      "transaction_type": "DEBIT",
      "bank_name": "BOI",
      "account_number": "852194724381",
      "balance": 53302.34
    },
    {
      "transaction_date": "2024-05-19",
      "description": "NACH DR INW - HDFC BANK LIMITED\n/ 1917332864 / AGL",
      "amount": 9593.04,
      "transaction_type": "DEBIT",
      "bank_name": "BOI",
      "account_number": "852194724381",
      "balance": 43709.3
    },
    {
      "transaction_date": "2024-05-19",
      "description": "NACH DR INW - AXIS BANK\n/ 6157815351 / AGL",
      "amount": 7799.12,
      "transaction_type": "DEBIT",
      "bank_name": "BOI",
      "account_number": "852194724381",
      "balance": 35910.18
    },
    {
      "transaction_date": "2024-05-20",
      "description": "BUPI/721981590042/20-05-2024\n17:16:03/UPI",
      "amount": 1011.13,
      "transaction_type": "DEBIT",
      "bank_name": "BOI",
      "account_number": "852194724381",
      "balance": 34899.05
    },
    {
      "transaction_date": "2024-05-21",
      "description": "NEFT-PAYMENT",
      "amount": 2818.48,
      "transaction_type": "CREDIT",
      "bank_name": "BOI",
      "account_number": "852194724381",
      "balance": 37717.53
    },
    {
      "transaction_date": "2024-05-22",
      "description": "SMSChargesQtrAPR24-JUN24+GST@18",
      "amount": 62.21,
      "transaction_type": "DEBIT",
      "bank_name": "BOI",
      "account_number": "852194724381",
      "balance": 37655.32
    },
    {
      "transaction_date": "2024-05-22",
      "description": "MEDR/HPCL PUMP/459589/",
      "amount": 2345.91,
      "transaction_type": "DEBIT",
      "bank_name": "BOI",
      "account_number": "852194724381",
      "balance": 35309.41
    },
    {
      "transaction_date": "2024-05-22",
      "description": "NEFT-REIMBURSEMENT",
      "amount": 1746.11,
      "transaction_type": "CREDIT",
      "bank_name": "BOI",
      "account_number": "852194724381",
      "balance": 37055.52
    },
    {
      "transaction_date": "2024-05-23",
      "description": "MEDR/IRCTC/340751/",
      "amount": 642.05,
      "transaction_type": "DEBIT",
      "bank_name": "BOI",
      "account_number": "852194724381",
      "balance": 36413.47
    },
    {
      "transaction_date": "2024-05-23",
      "description": "NEFT-TRANSFER",
      "amount": 2749.65,
      "transaction_type": "CREDIT",
      "bank_name": "BOI",
      "account_number": "852194724381",
      "balance": 39163.12
    },
    {
      "transaction_date": "2024-05-23",
      "description": "BUPI/769702313847/23-05-2024\n22:25:28/UPI",
      "amount": 2035.06,
      "transaction_type": "DEBIT",
      "bank_name": "BOI",
      "account_number": "852194724381",
      "balance": 37128.06
    },
    {
      "transaction_date": "2024-05-24",
      "description": "MEDR/MERU CABS/774716/",
      "amount": 592.09,
      "transaction_type": "DEBIT",
      "bank_name": "BOI",
      "account_number": "852194724381",
      "balance": 36535.97
    },
    {
      "transaction_date": "2024-05-24",
      "description": "CWDR//182977/DWCW278",
      "amount": 2321.6,
      "transaction_type": "DEBIT",
      "bank_name": "BOI",
      "account_number": "852194724381",
      "balance": 34214.37
    },
    {
      "transaction_date": "2024-05-25",
      "description": "NACH DR INW - AXIS BANK\n/ 6637284541 / AGL",
      "amount": 6755.91,
      "transaction_type": "DEBIT",
      "bank_name": "BOI",
      "account_number": "852194724381",
      "balance": 27458.46
    },
    {
      "transaction_date": "2024-05-26",
      "description": "CWDR//893459/ID046101",
      "amount": 1078.52,
      "transaction_type": "DEBIT",
      "bank_name": "BOI",
      "account_number": "852194724381",
      "balance": 26379.94
    },
    {
      "transaction_date": "2024-05-27",
      "description": "CWDR//650735/CSO9013",
      "amount": 3791.87,
      "transaction_type": "DEBIT",
      "bank_name": "BOI",
      "account_number": "852194724381",
      "balance": 22588.07
    },
    {
      "transaction_date": "2024-05-27",
      "description": "NEFT-REIMBURSEMENT",
      "amount": 4569.95,
      "transaction_type": "CREDIT",
      "bank_name": "BOI",
      "account_number": "852194724381",
      "balance": 27158.02
    },
    {
      "transaction_date": "2024-05-27",
      "description": "CWDR//298046/CS046112",
      "amount": 4495.93,
      "transaction_type": "DEBIT",
      "bank_name": "BOI",
      "account_number": "852194724381",
      "balance": 22662.09
    },
    {
      "transaction_date": "2024-05-28",
      "description": "MEDR/FLIPKART IND/869145/",
      "amount": 1755.31,
      "transaction_type": "DEBIT",
      "bank_name": "BOI",
      "account_number": "852194724381",
      "balance": 20906.78
    },
    {
      "transaction_date": "2024-05-28",
      "description": "NEFT-PAYMENT",
      "amount": 555.02,
      "transaction_type": "CREDIT",
      "bank_name": "BOI",
      "account_number": "852194724381",
      "balance": 21461.8
    },
    {
      "transaction_date": "2024-05-29",
      "description": "CWDR//890949/NKOL6146",
      "amount": 1356.79,
      "transaction_type": "DEBIT",
      "bank_name": "BOI",
      "account_number": "852194724381",
      "balance": 20105.01
    },
    {
      "transaction_date": "2024-05-29",
      "description": "BUPI/797400815635/29-05-2024\n20:48:10/UPI",
      "amount": 1421.38,
      "transaction_type": "DEBIT",
      "bank_name": "BOI",
      "account_number": "852194724381",
      "balance": 18683.63
    },
    {
      "transaction_date": "2024-05-30",
      "description": "MEDR/AMAZON/406642/",
      "amount": 1073.47,
      "transaction_type": "DEBIT",
      "bank_name": "BOI",
      "account_number": "852194724381",
      "balance": 17610.16
    },
    {
      "transaction_date": "2024-05-30",
      "description": "NACH DR INW - HDFC BANK LIMITED\n/ 6990001647 / AGL",
      "amount": 3759.77,
      "transaction_type": "DEBIT",
      "bank_name": "BOI",
      "account_number": "852194724381",
      "balance": 13850.39
    },
    {
      "transaction_date": "2024-05-30",
      "description": "CWDR//663167/DWCW278",
      "amount": 787.14,
      "transaction_type": "DEBIT",
      "bank_name": "BOI",
      "account_number": "852194724381",
      "balance": 13063.25
    }
  ]
}