{
  "bank_name": "SBI",
  "account_number": "7682262241573",
  "account_holder": "Mrs. SUNITA DESAI,Mr. ARUN Interest Rate(% p.a.) 3.25",
  "statement_period": "24/11/2025 to 24/12/2025",
  "transactions": [
    {
      "transaction_date": "24-Nov-25\n(24-Nov-2025)",
      "description": "UPI-KFC-4979",
      "amount": 434.0,
      "transaction_type": "CREDIT",
      "bank_name": "SBI",
      "account_number": "7682262241573",
      "balance": 98784.0
    },
    {
      "transaction_date": "24-Nov-25\n(24-Nov-2025)",
      "description": "POS PURCHASE-PANTALOONS-5750",
      "amount": 3413.0,
      "transaction_type": "CREDIT",
      "bank_name": "SBI",
      "account_number": "7682262241573",
      "balance": 95371.0
    },
    {
      "transaction_date": "24-Nov-25\n(24-Nov-2025)",
      "description": "UPI-MYNTRA-3229",
      "amount": 13668.0,
      "transaction_type": "CREDIT",
      "bank_name": "SBI",
      "account_number": "7682262241573",
      "balance": 81703.0
    },
    {
      "transaction_date": "24-Nov-25\n(24-Nov-2025)",
      "description": "UPI-MCDONALDS-4823",
      "amount": 583.0,
      "transaction_type": "CREDIT",
      "bank_name": "SBI",
      "account_number": "7682262241573",
      "balance": 81120.0
    },
    {
      "transaction_date": "24-Nov-25\n(24-Nov-2025)",
      "description": "UPI-IRCTC-3124",
      "amount": 971.0,
      "transaction_type": "CREDIT",
      "bank_name": "SBI",
      "account_number": "7682262241573",
      "balance": 80149.0
    },
    {
      "transaction_date": "24-Nov-25\n(24-Nov-2025)",
      "description": "UPI-KFC-9990",
      "amount": 1093.0,
      "transaction_type": "CREDIT",
      "bank_name": "SBI",
      "account_number": "7682262241573",
      "balance": 79056.0
    },
    {
      "transaction_date": "24-Nov-25\n(24-Nov-2025)",
      "description": "POS PURCHASE-PANTALOONS-1506",
      "amount": 1002.0,
      "transaction_type": "CREDIT",
      "bank_name": "SBI",
      "account_number": "7682262241573",
      "balance": 78054.0
    },
    {
      "transaction_date": "24-Nov-25\n(24-Nov-2025)",
      "description": "UPI-BARBEQUE NATION-2040",
      "amount": 553.0,
      "transaction_type": "CREDIT",
      "bank_name": "SBI",
      "account_number": "7682262241573",
      "balance": 77501.0
    },
    {
      "transaction_date": "25-Nov-25\n(25-Nov-2025)",
      "description": "ATM WDL\nATM CASH 1595 BANGALORE KORAMAN",
      "amount": 4732.0,
      "transaction_type": "CREDIT",
      "bank_name": "SBI",
      "account_number": "7682262241573",
      "balance": 72769.0
    },
    {
      "transaction_date": "25-Nov-25\n(25-Nov-2025)",
      "description": "UPI-KFC-5232",
      "amount": 1290.0,
      "transaction_type": "CREDIT",
      "bank_name": "SBI",
      "account_number": "7682262241573",
      "balance": 71479.0
    },
    {
      "transaction_date": "26-Nov-25\n(26-Nov-2025)",
      "description": "ATM WDL\nATM CASH 9417 INDORE VIJAY NAGAR",
      "amount": 6531.0,
      "transaction_type": "CREDIT",
      "bank_name": "SBI",
      "account_number": "7682262241573",
      "balance": 64948.0
    },
    {
      "transaction_date": "26-Nov-25\n(26-Nov-2025)",
      "description": "POS PURCHASE-MORE MEGASTORE-79",
      "amount": 529.0,
      "transaction_type": "CREDIT",
      "bank_name": "SBI",
      "account_number": "7682262241573",
      "balance": 64419.0
    },
    {
      "transaction_date": "26-Nov-25\n(26-Nov-2025)",
      "description": "POS PURCHASE-HOTEL 8065",
      "amount": 775.0,
      "transaction_type": "CREDIT",
      "bank_name": "SBI",
      "account_number": "7682262241573",
      "balance": 63644.0
    },
    {
      "transaction_date": "26-Nov-25\n(26-Nov-2025)",
      "description": "UPI-KFC-1093",
      "amount": 525.0,
      "transaction_type": "CREDIT",
      "bank_name": "SBI",
      "account_number": "7682262241573",
      "balance": 63119.0
    },
    {
      "transaction_date": "26-Nov-25\n(26-Nov-2025)",
      "description": "POS PURCHASE-PVR CINEMAS-9773",
      "amount": 460.0,
      "transaction_type": "CREDIT",
      "bank_name": "SBI",
      "account_number": "7682262241573",
      "balance": 62659.0
    },
    {
      "transaction_date": "26-Nov-25\n(26-Nov-2025)",
      "description": "POS PURCHASE-INOX-9966",
      "amount": 900.0,
      "transaction_type": "CREDIT",
      "bank_name": "SBI",
      "account_number": "7682262241573",
      "balance": 61759.0
    },
    {
      "transaction_date": "26-Nov-25\n(26-Nov-2025)",
      "description": "UPI-SPOTIFY-9320",
      "amount": 570.0,
      "transaction_type": "CREDIT",
      "bank_name": "SBI",
      "account_number": "7682262241573",
      "balance": 61189.0
    },
    {
      "transaction_date": "27-Nov-25\n(27-Nov-2025)",
      "description": "ATM WDL\nATM CASH 6273 JAIPUR MI ROAD",
      "amount": 6533.0,
      "transaction_type": "CREDIT",
      "bank_name": "SBI",
      "account_number": "7682262241573",
      "balance": 54656.0
    },
    {
      "transaction_date": "27-Nov-25\n(27-Nov-2025)",
      "description": "RTGS-GOPAL-5305",
      "amount": 3686.0,
      "transaction_type": "CREDIT",
      "bank_name": "SBI",
      "account_number": "7682262241573",
      "balance": 50970.0
    },
    {
      "transaction_date": "27-Nov-25\n(27-Nov-2025)",
      "description": "POS PURCHASE-RESTAURANT 2338",
      "amount": 110.0,
      "transaction_type": "CREDIT",
      "bank_name": "SBI",
      "account_number": "7682262241573",
      "balance": 50860.0
    },
    {
      "transaction_date": "27-Nov-25\n(27-Nov-2025)",
      "description": "POS PURCHASE-PANTALOONS-5650",
      "amount": 8344.0,
      "transaction_type": "CREDIT",
      "bank_name": "SBI",
      "account_number": "7682262241573",
      "balance": 42516.0
    },
    {
      "transaction_date": "28-Nov-25\n(28-Nov-2025)",
      "description": "UPI-STARBUCKS-3728",
      "amount": 346.0,
      "transaction_type": "CREDIT",
      "bank_name": "SBI",
      "account_number": "7682262241573",
      "balance": 42170.0
    },
    {
      "transaction_date": "28-Nov-25\n(28-Nov-2025)",
      "description": "UPI-ZOMATO-2305",
      "amount": 832.0,
      "transaction_type": "CREDIT",
      "bank_name": "SBI",
      "account_number": "7682262241573",
      "balance": 41338.0
    },
    {
      "transaction_date": "28-Nov-25\n(28-Nov-2025)",
      "description": "NEFT CR-ANJALI",
      "amount": 20019.0,
      "transaction_type": "CREDIT",
      "bank_name": "SBI",
      "account_number": "7682262241573",
      "balance": 61357.0
    },
    {
      "transaction_date": "28-Nov-25\n(28-Nov-2025)",
      "description": "IMPS-ARUN-2558",
      "amount": 42398.0,
      "transaction_type": "CREDIT",
      "bank_name": "SBI",
      "account_number": "7682262241573",
      "balance": 18959.0
    },
    {
      "transaction_date": "29-Nov-25\n(29-Nov-2025)",
      "description": "POS PURCHASE-RESTAURANT 6979",
      "amount": 199.0,
      "transaction_type": "CREDIT",
      "bank_name": "SBI",
      "account_number": "7682262241573",
      "balance": 18760.0
    },
    {
      "transaction_date": "29-Nov-25\n(29-Nov-2025)",
      "description": "POS PURCHASE-RESTAURANT 1281",
      "amount": 1056.0,
      "transaction_type": "CREDIT",
      "bank_name": "SBI",
      "account_number": "7682262241573",
      "balance": 17704.0
    },
    {
      "transaction_date": "29-Nov-25\n(29-Nov-2025)",
      "description": "UPI-MYNTRA-8284",
      "amount": 6223.0,
      "transaction_type": "CREDIT",
      "bank_name": "SBI",
      "account_number": "7682262241573",
      "balance": 11481.0
    },
    {
      "transaction_date": "29-Nov-25\n(29-Nov-2025)",
      "description": "UPI-ZOMATO-5759",
      "amount": 1081.0,
      "transaction_type": "CREDIT",
      "bank_name": "SBI",
      "account_number": "7682262241573",
      "balance": 10400.0
    },
    {
      "transaction_date": "29-Nov-25\n(29-Nov-2025)",
      "description": "UPI-VI RECHARGE-",
      "amount": 2438.0,
      "transaction_type": "CREDIT",
      "bank_name": "SBI",
      "account_number": "7682262241573",
      "balance": 7962.0
    },
    {
      "transaction_date": "30-Nov-25\n(30-Nov-2025)",
      "description": "POS PURCHASE-RESTAURANT 4410",
      "amount": 388.0,
      "transaction_type": "CREDIT",
      "bank_name": "SBI",
      "account_number": "7682262241573",
      "balance": 7574.0
    },
    {
      "transaction_date": "30-Nov-25\n(30-Nov-2025)",
      "description": "SALARY CREDIT-COMPANY NAME",
      "amount": 134096.0,
      "transaction_type": "CREDIT",
      "bank_name": "SBI",
      "account_number": "7682262241573",
      "balance": 141670.0
    },
    {
      "transaction_date": "01-Dec-25\n(01-Dec-2025)",
      "description": "UPI-BARBEQUE NATION-3938",
      "amount": 828.0,
      "transaction_type": "CREDIT",
      "bank_name": "SBI",
      "account_number": "7682262241573",
      "balance": 140842.0
    },
    {
      "transaction_date": "01-Dec-25\n(01-Dec-2025)",
      "description": "POS PURCHASE-LIFESTYLE-2489",
      "amount": 10637.0,
      "transaction_type": "CREDIT",
      "bank_name": "SBI",
      "account_number": "7682262241573",
      "balance": 130205.0
    },
    {
      "transaction_date": "01-Dec-25\n(01-Dec-2025)",
      "description": "UPI-MCDONALDS-4965",
      "amount": 760.0,
      "transaction_type": "CREDIT",
      "bank_name": "SBI",
      "account_number": "7682262241573",
      "balance": 129445.0
    },
    {
      "transaction_date": "01-Dec-25\n(01-Dec-2025)",
      "description": "UPI-AMAZON PAY-3362",
      "amount": 11976.0,
      "transaction_type": "CREDIT",
      "bank_name": "SBI",
      "account_number": "7682262241573",
      "balance": 117469.0
    },
    {
      "transaction_date": "01-Dec-25\n(01-Dec-2025)",
      "description": "UPI-BIGBASKET-2215",
      "amount": 3032.0,
      "transaction_type": "CREDIT",
      "bank_name": "SBI",
      "account_number": "7682262241573",
      "balance": 114437.0
    },
    {
      "transaction_date": "01-Dec-25\n(01-Dec-2025)",
      "description": "IMPS CR-DEEPIKA",
      "amount": 1372.0,
      "transaction_type": "CREDIT",
      "bank_name": "SBI",
      "account_number": "7682262241573",
      "balance": 115809.0
    },
    {
      "transaction_date": "02-Dec-25\n(02-Dec-2025)",
      "description": "POS PURCHASE-MORE MEGASTORE-50",
      "amount": 2426.0,
      "transaction_type": "CREDIT",
      "bank_name": "SBI",
      "account_number": "7682262241573",
      "balance": 113383.0
    },
    {
      "transaction_date": "02-Dec-25\n(02-Dec-2025)",
      "description": "UPI-RAPIDO-4729",
      "amount": 1722.0,
      "transaction_type": "CREDIT",
      "bank_name": "SBI",
      "account_number": "7682262241573",
      "balance": 111661.0
    },
    {
      "transaction_date": "02-Dec-25\n(02-Dec-2025)",
      "description": "UPI-MEESHO-3265",
      "amount": 1276.0,
      "transaction_type": "CREDIT",
      "bank_name": "SBI",
      "account_number": "7682262241573",
      "balance": 110385.0
    },
    {
      "transaction_date": "02-Dec-25\n(02-Dec-2025)",
      "description": "POS PURCHASE-INOX-1235",
      "amount": 375.0,
      "transaction_type": "CREDIT",
      "bank_name": "SBI",
      "account_number": "7682262241573",
      "balance": 110010.0
    },
    {
      "transaction_date": "02-Dec-25\n(02-Dec-2025)",
      "description": "BILL PAYMENT-WATER BILL",
      "amount": 2337.0,
      "transaction_type": "CREDIT",
      "bank_name": "SBI",
      "account_number": "7682262241573",
      "balance": 107673.0
    },
    {
      "transaction_date": "03-Dec-25\n(03-Dec-2025)",
      "description": "POS PURCHASE-INDIAN OIL-8872",
      "amount": 1981.0,
      "transaction_type": "CREDIT",
      "bank_name": "SBI",
      "account_number": "7682262241573",
      "balance": 105692.0
    },
    {
      "transaction_date": "03-Dec-25\n(03-Dec-2025)",
      "description": "UPI-AMAZON PAY-1483",
      "amount": 8776.0,
      "transaction_type": "CREDIT",
      "bank_name": "SBI",
      "account_number": "7682262241573",
      "balance": 96916.0
    },
    {
      "transaction_date": "03-Dec-25\n(03-Dec-2025)",
      "description": "POS PURCHASE-WESTSIDE-4571",
      "amount": 6802.0,
      "transaction_type": "CREDIT",
      "bank_name": "SBI",
      "account_number": "7682262241573",
      "balance": 90114.0
    },
    {
      "transaction_date": "03-Dec-25\n(03-Dec-2025)",
      "description": "UPI-BIGBASKET-5175",
      "amount": 2921.0,
      "transaction_type": "CREDIT",
      "bank_name": "SBI",
      "account_number": "7682262241573",
      "balance": 87193.0
    },
    {
      "transaction_date": "03-Dec-25\n(03-Dec-2025)",
      "description": "NEFT-KARTHIK-1431",
      "amount": 5917.0,
      "transaction_type": "CREDIT",
      "bank_name": "SBI",
      "account_number": "7682262241573",
      "balance": 81276.0
    },
    {
      "transaction_date": "03-Dec-25\n(03-Dec-2025)",
      "description": "POS PURCHASE-RAILWAY TICKET-3091",
      "amount": 1504.0,
      "transaction_type": "CREDIT",
      "bank_name": "SBI",
      "account_number": "7682262241573",
      "balance": 79772.0
    },
    {
      "transaction_date": "04-Dec-25\n(04-Dec-2025)",
      "description": "POS PURCHASE-RESTAURANT 6254",
      "amount": 965.0,
      "transaction_type": "CREDIT",
      "bank_name": "SBI",
      "account_number": "7682262241573",
      "balance": 78807.0
    },
    {
      "transaction_date": "04-Dec-25\n(04-Dec-2025)",
      "description": "IMPS CR-SUNITA",
      "amount": 2476.0,
      "transaction_type": "CREDIT",
      "bank_name": "SBI",
      "account_number": "7682262241573",
      "balance": 81283.0
    },
    {
      "transaction_date": "04-Dec-25\n(04-Dec-2025)",
      "description": "UPI-AIRTEL RECHARGE-",
      "amount": 1226.0,
      "transaction_type": "CREDIT",
      "bank_name": "SBI",
      "account_number": "7682262241573",
      "balance": 80057.0
    },
    {
      "transaction_date": "05-Dec-25\n(05-Dec-2025)",
      "description": "POS PURCHASE-RELIANCE FRESH-3095",
      "amount": 1854.0,
      "transaction_type": "CREDIT",
      "bank_name": "SBI",
      "account_number": "7682262241573",
      "balance": 78203.0
    },
    {
      "transaction_date": "05-Dec-25\n(05-Dec-2025)",
      "description": "UPI-ACT FIBERNET-",
      "amount": 795.0,
      "transaction_type": "CREDIT",
      "bank_name": "SBI",
      "account_number": "7682262241573",
      "balance": 77408.0
    },
    {
      "transaction_date": "05-Dec-25\n(05-Dec-2025)",
      "description": "BILL PAYMENT-WATER BILL",
      "amount": 2756.0,
      "transaction_type": "CREDIT",
      "bank_name": "SBI",
      "account_number": "7682262241573",
      "balance": 74652.0
    },
    {
      "transaction_date": "05-Dec-25\n(05-Dec-2025)",
      "description": "BILL PAYMENT-GAS BILL",
      "amount": 1438.0,
      "transaction_type": "CREDIT",
      "bank_name": "SBI",
      "account_number": "7682262241573",
      "balance": 73214.0
    },
    {
      "transaction_date": "05-Dec-25\n(05-Dec-2025)",
      "description": "UPI-KFC-9659",
      "amount": 835.0,
      "transaction_type": "CREDIT",
      "bank_name": "SBI",
      "account_number": "7682262241573",
      "balance": 72379.0
    },
    {
      "transaction_date": "05-Dec-25\n(05-Dec-2025)",
      "description": "UPI-RAPIDO-1167",
      "amount": 1505.0,
      "transaction_type": "CREDIT",
      "bank_name": "SBI",
      "account_number": "7682262241573",
      "balance": 70874.0
    },
    {
      "transaction_date": "05-Dec-25\n(05-Dec-2025)",
      "description": "UPI-IRCTC-7759",
      "amount": 1770.0,
      "transaction_type": "CREDIT",
      "bank_name": "SBI",
      "account_number": "7682262241573",
      "balance": 69104.0
    },
    {
      "transaction_date": "05-Dec-25\n(05-Dec-2025)",
      "description": "UPI-JIO RECHARGE-",
      "amount": 2656.0,
      "transaction_type": "CREDIT",
      "bank_name": "SBI",
      "account_number": "7682262241573",
      "balance": 66448.0
    },
    {
      "transaction_date": "05-Dec-25\n(05-Dec-2025)",
      "description": "POS PURCHASE-HP PETROL-6254",
      "amount": 706.0,
      "transaction_type": "CREDIT",
      "bank_name": "SBI",
      "account_number": "7682262241573",
      "balance": 65742.0
    },
    {
      "transaction_date": "06-Dec-25\n(06-Dec-2025)",
      "description": "IMPS-PAYTM-FASTAG6206",
      "amount": 515.0,
      "transaction_type": "CREDIT",
      "bank_name": "SBI",
      "account_number": "7682262241573",
      "balance": 65227.0
    },
    {
      "transaction_date": "07-Dec-25\n(07-Dec-2025)",
      "description": "POS PURCHASE-RAILWAY TICKET-8985",
      "amount": 1378.0,
      "transaction_type": "CREDIT",
      "bank_name": "SBI",
      "account_number": "7682262241573",
      "balance": 63849.0
    },
    {
      "transaction_date": "07-Dec-25\n(07-Dec-2025)",
      "description": "UPI-SWIGGY-2535",
      "amount": 201.0,
      "transaction_type": "CREDIT",
      "bank_name": "SBI",
      "account_number": "7682262241573",
      "balance": 63648.0
    },
    {
      "transaction_date": "07-Dec-25\n(07-Dec-2025)",
      "description": "UPI-IRCTC-8201",
      "amount": 249.0,
      "transaction_type": "CREDIT",
      "bank_name": "SBI",
      "account_number": "7682262241573",
      "balance": 63399.0
    },
    {
      "transaction_date": "08-Dec-25\n(08-Dec-2025)",
      "description": "POS PURCHASE-BIG BAZAAR-2463",
      "amount": 1418.0,
      "transaction_type": "CREDIT",
      "bank_name": "SBI",
      "account_number": "7682262241573",
      "balance": 61981.0
    },
    {
      "transaction_date": "08-Dec-25\n(08-Dec-2025)",
      "description": "IMPS-AMIT-6952",
      "amount": 8102.0,
      "transaction_type": "CREDIT",
      "bank_name": "SBI",
      "account_number": "7682262241573",
      "balance": 53879.0
    },
    {
      "transaction_date": "08-Dec-25\n(08-Dec-2025)",
      "description": "POS PURCHASE-HP PETROL-7376",
      "amount": 1129.0,
      "transaction_type": "CREDIT",
      "bank_name": "SBI",
      "account_number": "7682262241573",
      "balance": 52750.0
    },
    {
      "transaction_date": "08-Dec-25\n(08-Dec-2025)",
      "description": "UPI-KFC-4406",
      "amount": 341.0,
      "transaction_type": "CREDIT",
      "bank_name": "SBI",
      "account_number": "7682262241573",
      "balance": 52409.0
    },
    {
      "transaction_date": "08-Dec-25\n(08-Dec-2025)",
      "description": "POS PURCHASE-SHOPPERS STOP-7338",
      "amount": 12115.0,
      "transaction_type": "CREDIT",
      "bank_name": "SBI",
      "account_number": "7682262241573",
      "balance": 40294.0
    },
    {
      "transaction_date": "08-Dec-25\n(08-Dec-2025)",
      "description": "UPI-GROFERS-1068",
      "amount": 2802.0,
      "transaction_type": "CREDIT",
      "bank_name": "SBI",
      "account_number": "7682262241573",
      "balance": 37492.0
    },
    {
      "transaction_date": "09-Dec-25\n(09-Dec-2025)",
      "description": "UPI-DOMINOS PIZZA-9002",
      "amount": 653.0,
      "transaction_type": "CREDIT",
      "bank_name": "SBI",
      "account_number": "7682262241573",
      "balance": 36839.0
    },
    {
      "transaction_date": "09-Dec-25\n(09-Dec-2025)",
      "description": "BILL PAYMENT-ELECTRICITY BILL",
      "amount": 655.0,
      "transaction_type": "CREDIT",
      "bank_name": "SBI",
      "account_number": "7682262241573",
      "balance": 36184.0
    },
    {
      "transaction_date": "09-Dec-25\n(09-Dec-2025)",
      "description": "POS PURCHASE-HP PETROL-7517",
      "amount": 1732.0,
      "transaction_type": "CREDIT",
      "bank_name": "SBI",
      "account_number": "7682262241573",
      "balance": 34452.0
    },
    {
      "transaction_date": "09-Dec-25\n(09-Dec-2025)",
      "description": "UPI-RAPIDO-1907",
      "amount": 215.0,
      "transaction_type": "CREDIT",
      "bank_name": "SBI",
      "account_number": "7682262241573",
      "balance": 34237.0
    },
    {
      "transaction_date": "09-Dec-25\n(09-Dec-2025)",
      "description": "UPI-GROFERS-9920",
      "amount": 3176.0,
      "transaction_type": "CREDIT",
      "bank_name": "SBI",
      "account_number": "7682262241573",
      "balance": 31061.0
    },
    {
      "transaction_date": "09-Dec-25\n(09-Dec-2025)",
      "description": "UPI-AIRTEL FIBER-",
      "amount": 2653.0,
      "transaction_type": "CREDIT",
      "bank_name": "SBI",
      "account_number": "7682262241573",
      "balance": 28408.0
    },
    {
      "transaction_date": "10-Dec-25\n(10-Dec-2025)",
      "description": "POS PURCHASE-HOTEL 8133",
      "amount": 263.0,
      "transaction_type": "CREDIT",
      "bank_name": "SBI",
      "account_number": "7682262241573",
      "balance": 28145.0
    },
    {
      "transaction_date": "10-Dec-25\n(10-Dec-2025)",
      "description": "UPI-TATA SKY-",
      "amount": 1703.0,
      "transaction_type": "CREDIT",
      "bank_name": "SBI",
      "account_number": "7682262241573",
      "balance": 26442.0
    },
    {
      "transaction_date": "10-Dec-25\n(10-Dec-2025)",
      "description": "UPI-DOMINOS PIZZA-4188",
      "amount": 1150.0,
      "transaction_type": "CREDIT",
      "bank_name": "SBI",
      "account_number": "7682262241573",
      "balance": 25292.0
    },
    {
      "transaction_date": "10-Dec-25\n(10-Dec-2025)",
      "description": "UPI-DOMINOS PIZZA-2382",
      "amount": 397.0,
      "transaction_type": "CREDIT",
      "bank_name": "SBI",
      "account_number": "7682262241573",
      "balance": 24895.0
    },
    {
      "transaction_date": "10-Dec-25\n(10-Dec-2025)",
      "description": "ATM WDL\nATM CASH 7824 KOCHI MG ROAD",
      "amount": 8449.0,
      "transaction_type": "CREDIT",
      "bank_name": "SBI",
      "account_number": "7682262241573",
      "balance": 16446.0
    },
    {
      "transaction_date": "11-Dec-25\n(11-Dec-2025)",
      "description": "POS PURCHASE-BIG BAZAAR-4635",
      "amount": 3027.0,
      "transaction_type": "CREDIT",
      "bank_name": "SBI",
      "account_number": "7682262241573",
      "balance": 13419.0
    },
    {
      "transaction_date": "11-Dec-25\n(11-Dec-2025)",
      "description": "UPI-MYNTRA-4338",
      "amount": 11717.0,
      "transaction_type": "CREDIT",
      "bank_name": "SBI",
      "account_number": "7682262241573",
      "balance": 1702.0
    },
    {
      "transaction_date": "11-Dec-25\n(11-Dec-2025)",
      "description": "UPI-CAFE COFFEE DAY-9587",
      "amount": 1116.0,
      "transaction_type": "CREDIT",
      "bank_name": "SBI",
      "account_number": "7682262241573",
      "balance": 586.0
    },
    {
      "transaction_date": "11-Dec-25\n(11-Dec-2025)",
      "description": "NEFT CR-SWATI",
      "amount": 22765.0,
      "transaction_type": "CREDIT",
      "bank_name": "SBI",
      "account_number": "7682262241573",
      "balance": 23351.0
    },
    {
      "transaction_date": "11-Dec-25\n(11-Dec-2025)",
      "description": "ATM WDL\nATM CASH 4274 AHMEDABAD NAVRANG",
      "amount": 4060.0,
      "transaction_type": "CREDIT",
      "bank_name": "SBI",
      "account_number": "7682262241573",
      "balance": 19291.0
    },
    {
      "transaction_date": "11-Dec-25\n(11-Dec-2025)",
      "description": "ATM WDL\nATM CASH 1495 HYDERABAD BANJARA",
      "amount": 4339.0,
      "transaction_type": "CREDIT",
      "bank_name": "SBI",
      "account_number": "7682262241573",
      "balance": 14952.0
    },
    {
      "transaction_date": "11-Dec-25\n(11-Dec-2025)",
      "description": "ATM WDL\nATM CASH 6442 MUMBAI MAIN",
      "amount": 5333.0,
      "transaction_type": "CREDIT",
      "bank_name": "SBI",
      "account_number": "7682262241573",
      "balance": 9619.0
    },
    {
      "transaction_date": "11-Dec-25\n(11-Dec-2025)",
      "description": "UPI-GROFERS-2535",
      "amount": 1129.0,
      "transaction_type": "CREDIT",
      "bank_name": "SBI",
      "account_number": "7682262241573",
      "balance": 8490.0
    },
    {
      "transaction_date": "12-Dec-25\n(12-Dec-2025)",
      "description": "UPI-BIGBASKET-7069",
      "amount": 2314.0,
      "transaction_type": "CREDIT",
      "bank_name": "SBI",
      "account_number": "7682262241573",
      "balance": 6176.0
    },
    {
      "transaction_date": "12-Dec-25\n(12-Dec-2025)",
      "description": "ATM WDL\nATM CASH 8983 KOLKATA PARK STREE",
      "amount": 2846.0,
      "transaction_type": "CREDIT",
      "bank_name": "SBI",
      "account_number": "7682262241573",
      "balance": 3330.0
    },
    {
      "transaction_date": "12-Dec-25\n(12-Dec-2025)",
      "description": "NEFT CR-POOJA",
      "amount": 30650.0,
      "transaction_type": "CREDIT",
      "bank_name": "SBI",
      "account_number": "7682262241573",
      "balance": 33980.0
    },
    {
      "transaction_date": "12-Dec-25\n(12-Dec-2025)",
      "description": "NEFT-PRIYA-8470",
      "amount": 18170.0,
      "transaction_type": "CREDIT",
      "bank_name": "SBI",
      "account_number": "7682262241573",
      "balance": 15810.0
    },
    {
      "transaction_date": "13-Dec-25\n(13-Dec-2025)",
      "description": "SALARY CREDIT-SNEHA",
      "amount": 4305.0,
      "transaction_type": "CREDIT",
      "bank_name": "SBI",
      "account_number": "7682262241573",
      "balance": 20115.0
    },
    {
      "transaction_date": "13-Dec-25\n(13-Dec-2025)",
      "description": "UPI-BIGBASKET-5429",
      "amount": 3911.0,
      "transaction_type": "CREDIT",
      "bank_name": "SBI",
      "account_number": "7682262241573",
      "balance": 16204.0
    },
    {
      "transaction_date": "13-Dec-25\n(13-Dec-2025)",
      "description": "POS PURCHASE-SHOPPERS STOP-6769",
      "amount": 10733.0,
      "transaction_type": "CREDIT",
      "bank_name": "SBI",
      "account_number": "7682262241573",
      "balance": 5471.0
    },
    {
      "transaction_date": "13-Dec-25\n(13-Dec-2025)",
      "description": "SALARY CREDIT-MEERA",
      "amount": 2017.0,
      "transaction_type": "CREDIT",
      "bank_name": "SBI",
      "account_number": "7682262241573",
      "balance": 7488.0
    },
    {
      "transaction_date": "13-Dec-25\n(13-Dec-2025)",
      "description": "POS PURCHASE-WESTSIDE-4080",
      "amount": 4152.0,
      "transaction_type": "CREDIT",
      "bank_name": "SBI",
      "account_number": "7682262241573",
      "balance": 3336.0
    },
    {
      "transaction_date": "14-Dec-25\n(14-Dec-2025)",
      "description": "UPI-UBER INDIA-2084",
      "amount": 461.0,
      "transaction_type": "CREDIT",
      "bank_name": "SBI",
      "account_number": "7682262241573",
      "balance": 2875.0
    },
    {
      "transaction_date": "14-Dec-25\n(14-Dec-2025)",
      "description": "UPI-MCDONALDS-5519",
      "amount": 1396.0,
      "transaction_type": "CREDIT",
      "bank_name": "SBI",
      "account_number": "7682262241573",
      "balance": 1479.0
    },
    {
      "transaction_date": "14-Dec-25\n(14-Dec-2025)",
      "description": "POS PURCHASE-HOTEL 1209",
      "amount": 1248.0,
      "transaction_type": "CREDIT",
      "bank_name": "SBI",
      "account_number": "7682262241573",
      "balance": 231.0
    },
    {
      "transaction_date": "14-Dec-25\n(14-Dec-2025)",
      "description": "NEFT CR-PRIYA",
      "amount": 10758.0,
      "transaction_type": "CREDIT",
      "bank_name": "SBI",
      "account_number": "7682262241573",
      "balance": 10989.0
    },
    {
      "transaction_date": "14-Dec-25\n(14-Dec-2025)",
      "description": "BILL PAYMENT-GAS BILL",
      "amount": 2034.0,
      "transaction_type": "CREDIT",
      "bank_name": "SBI",
      "account_number": "7682262241573",
      "balance": 8955.0
    },
    {
      "transaction_date": "14-Dec-25\n(14-Dec-2025)",
      "description": "UPI-FLIPKART-5439",
      "amount": 2063.0,
      "transaction_type": "CREDIT",
      "bank_name": "SBI",
      "account_number": "7682262241573",
      "balance": 6892.0
    },
    {
      "transaction_date": "15-Dec-25\n(15-Dec-2025)",
      "description": "BILL PAYMENT-GAS BILL",
      "amount": 1787.0,
      "transaction_type": "CREDIT",
      "bank_name": "SBI",
      "account_number": "7682262241573",
      "balance": 5105.0
    },
    {
      "transaction_date": "15-Dec-25\n(15-Dec-2025)",
      "description": "UPI-AIRTEL RECHARGE-",
      "amount": 2400.0,
      "transaction_type": "CREDIT",
      "bank_name": "SBI",
      "account_number": "7682262241573",
      "balance": 2705.0
    },
    {
      "transaction_date": "15-Dec-25\n(15-Dec-2025)",
      "description": "UPI-ZOMATO-5169",
      "amount": 453.0,
      "transaction_type": "CREDIT",
      "bank_name": "SBI",
      "account_number": "7682262241573",
      "balance": 2252.0
    },
    {
      "transaction_date": "15-Dec-25\n(15-Dec-2025)",
      "description": "POS PURCHASE-HP PETROL-8731",
      "amount": 398.0,
      "transaction_type": "CREDIT",
      "bank_name": "SBI",
      "account_number": "7682262241573",
      "balance": 1854.0
    },
    {
      "transaction_date": "15-Dec-25\n(15-Dec-2025)",
      "description": "NEFT CR-DEEPIKA",
      "amount": 23923.0,
      "transaction_type": "CREDIT",
      "bank_name": "SBI",
      "account_number": "7682262241573",
      "balance": 25777.0
    },
    {
      "transaction_date": "15-Dec-25\n(15-Dec-2025)",
      "description": "ATM WDL\nATM CASH 1046 INDORE VIJAY NAGAR",
      "amount": 7154.0,
      "transaction_type": "CREDIT",
      "bank_name": "SBI",
      "account_number": "7682262241573",
      "balance": 18623.0
    },
    {
      "transaction_date": "16-Dec-25\n(16-Dec-2025)",
      "description": "ATM WDL\nATM CASH 6121 VADODARA ALKAPURI",
      "amount": 6458.0,
      "transaction_type": "CREDIT",
      "bank_name": "SBI",
      "account_number": "7682262241573",
      "balance": 12165.0
    },
    {
      "transaction_date": "16-Dec-25\n(16-Dec-2025)",
      "description": "BILL PAYMENT-GAS BILL",
      "amount": 2580.0,
      "transaction_type": "CREDIT",
      "bank_name": "SBI",
      "account_number": "7682262241573",
      "balance": 9585.0
    },
    {
      "transaction_date": "16-Dec-25\n(16-Dec-2025)",
      "description": "POS PURCHASE-RAILWAY TICKET-7281",
      "amount": 561.0,
      "transaction_type": "CREDIT",
      "bank_name": "SBI",
      "account_number": "7682262241573",
      "balance": 9024.0
    },
    {
      "transaction_date": "16-Dec-25\n(16-Dec-2025)",
      "description": "POS PURCHASE-RELIANCE FRESH-5694",
      "amount": 1479.0,
      "transaction_type": "CREDIT",
      "bank_name": "SBI",
      "account_number": "7682262241573",
      "balance": 7545.0
    },
    {
      "transaction_date": "16-Dec-25\n(16-Dec-2025)",
      "description": "UPI-IRCTC-7814",
      "amount": 1355.0,
      "transaction_type": "CREDIT",
      "bank_name": "SBI",
      "account_number": "7682262241573",
      "balance": 6190.0
    },
    {
      "transaction_date": "16-Dec-25\n(16-Dec-2025)",
      "description": "UPI-SWIGGY-7606",
      "amount": 159.0,
      "transaction_type": "CREDIT",
      "bank_name": "SBI",
      "account_number": "7682262241573",
      "balance": 6031.0
    },
    {
      "transaction_date": "17-Dec-25\n(17-Dec-2025)",
      "description": "POS PURCHASE-WESTSIDE-4613",
      "amount": 3346.0,
      "transaction_type": "CREDIT",
      "bank_name": "SBI",
      "account_number": "7682262241573",
      "balance": 2685.0
    },
    {
      "transaction_date": "17-Dec-25\n(17-Dec-2025)",
      "description": "NEFT CR-SACHIN",
      "amount": 20834.0,
      "transaction_type": "CREDIT",
      "bank_name": "SBI",
      "account_number": "7682262241573",
      "balance": 23519.0
    },
    {
      "transaction_date": "17-Dec-25\n(17-Dec-2025)",
      "description": "POS PURCHASE-SHOPPERS STOP-2111",
      "amount": 8156.0,
      "transaction_type": "CREDIT",
      "bank_name": "SBI",
      "account_number": "7682262241573",
      "balance": 15363.0
    },
    {
      "transaction_date": "17-Dec-25\n(17-Dec-2025)",
      "description": "UPI CR-KAVITA",
      "amount": 977.0,
      "transaction_type": "CREDIT",
      "bank_name": "SBI",
      "account_number": "7682262241573",
      "balance": 16340.0
    },
    {
      "transaction_date": "17-Dec-25\n(17-Dec-2025)",
      "description": "BILL PAYMENT-GAS BILL",
      "amount": 2937.0,
      "transaction_type": "CREDIT",
      "bank_name": "SBI",
      "account_number": "7682262241573",
      "balance": 13403.0
    },
    {
      "transaction_date": "17-Dec-25\n(17-Dec-2025)",
      "description": "UPI-SWIGGY-1040",
      "amount": 297.0,
      "transaction_type": "CREDIT",
      "bank_name": "SBI",
      "account_number": "7682262241573",
      "balance": 13106.0
    },
    {
      "transaction_date": "17-Dec-25\n(17-Dec-2025)",
      "description": "UPI-CAFE COFFEE DAY-5431",
      "amount": 105.0,
      "transaction_type": "CREDIT",
      "bank_name": "SBI",
      "account_number": "7682262241573",
      "balance": 13001.0
    },
    {
      "transaction_date": "18-Dec-25\n(18-Dec-2025)",
      "description": "NEFT CR-PRIYA",
      "amount": 20897.0,
      "transaction_type": "CREDIT",
      "bank_name": "SBI",
      "account_number": "7682262241573",
      "balance": 33898.0
    },
    {
      "transaction_date": "18-Dec-25\n(18-Dec-2025)",
      "description": "UPI-MYNTRA-2170",
      "amount": 14995.0,
      "transaction_type": "CREDIT",
      "bank_name": "SBI",
      "account_number": "7682262241573",
      "balance": 18903.0
    },
    {
      "transaction_date": "18-Dec-25\n(18-Dec-2025)",
      "description": "UPI-DOMINOS PIZZA-8241",
      "amount": 330.0,
      "transaction_type": "CREDIT",
      "bank_name": "SBI",
      "account_number": "7682262241573",
      "balance": 18573.0
    },
    {
      "transaction_date": "18-Dec-25\n(18-Dec-2025)",
      "description": "UPI-RAPIDO-3684",
      "amount": 1864.0,
      "transaction_type": "CREDIT",
      "bank_name": "SBI",
      "account_number": "7682262241573",
      "balance": 16709.0
    },
    {
      "transaction_date": "18-Dec-25\n(18-Dec-2025)",
      "description": "ATM WDL\nATM CASH 8595 INDORE VIJAY NAGAR",
      "amount": 4717.0,
      "transaction_type": "CREDIT",
      "bank_name": "SBI",
      "account_number": "7682262241573",
      "balance": 11992.0
    },
    {
      "transaction_date": "18-Dec-25\n(18-Dec-2025)",
      "description": "POS PURCHASE-WESTSIDE-4769",
      "amount": 8613.0,
      "transaction_type": "CREDIT",
      "bank_name": "SBI",
      "account_number": "7682262241573",
      "balance": 3379.0
    },
    {
      "transaction_date": "18-Dec-25\n(18-Dec-2025)",
      "description": "UPI-BIGBASKET-7720",
      "amount": 3207.0,
      "transaction_type": "CREDIT",
      "bank_name": "SBI",
      "account_number": "7682262241573",
      "balance": 172.0
    },
    {
      "transaction_date": "19-Dec-25\n(19-Dec-2025)",
      "description": "NEFT CR-GOPAL",
      "amount": 11420.0,
      "transaction_type": "CREDIT",
      "bank_name": "SBI",
      "account_number": "7682262241573",
      "balance": 11592.0
    },
    {
      "transaction_date": "19-Dec-25\n(19-Dec-2025)",
      "description": "UPI-BARBEQUE NATION-7144",
      "amount": 1253.0,
      "transaction_type": "CREDIT",
      "bank_name": "SBI",
      "account_number": "7682262241573",
      "balance": 10339.0
    },
    {
      "transaction_date": "19-Dec-25\n(19-Dec-2025)",
      "description": "UPI-ZOMATO-7524",
      "amount": 1060.0,
      "transaction_type": "CREDIT",
      "bank_name": "SBI",
      "account_number": "7682262241573",
      "balance": 9279.0
    },
    {
      "transaction_date": "20-Dec-25\n(20-Dec-2025)",
      "description": "UPI-OLA CABS-6066",
      "amount": 290.0,
      "transaction_type": "CREDIT",
      "bank_name": "SBI",
      "account_number": "7682262241573",
      "balance": 8989.0
    },
    {
      "transaction_date": "20-Dec-25\n(20-Dec-2025)",
      "description": "UPI-IRCTC-3800",
      "amount": 1884.0,
      "transaction_type": "CREDIT",
      "bank_name": "SBI",
      "account_number": "7682262241573",
      "balance": 7105.0
    },
    {
      "transaction_date": "20-Dec-25\n(20-Dec-2025)",
      "description": "POS PURCHASE-HP PETROL-6519",
      "amount": 533.0,
      "transaction_type": "CREDIT",
      "bank_name": "SBI",
      "account_number": "7682262241573",
      "balance": 6572.0
    },
    {
      "transaction_date": "20-Dec-25\n(20-Dec-2025)",
      "description": "POS PURCHASE-MORE MEGASTORE-68",
      "amount": 2194.0,
      "transaction_type": "CREDIT",
      "bank_name": "SBI",
      "account_number": "7682262241573",
      "balance": 4378.0
    },
    {
      "transaction_date": "20-Dec-25\n(20-Dec-2025)",
      "description": "BILL PAYMENT-ELECTRICITY BILL",
      "amount": 358.0,
      "transaction_type": "CREDIT",
      "bank_name": "SBI",
      "account_number": "7682262241573",
      "balance": 4020.0
    },
    {
      "transaction_date": "21-Dec-25\n(21-Dec-2025)",
      "description": "BILL PAYMENT-ELECTRICITY BILL",
      "amount": 1644.0,
      "transaction_type": "CREDIT",
      "bank_name": "SBI",
      "account_number": "7682262241573",
      "balance": 2376.0
    },
    {
      "transaction_date": "21-Dec-25\n(21-Dec-2025)",
      "description": "NEFT CR-REKHA",
      "amount": 14481.0,
      "transaction_type": "CREDIT",
      "bank_name": "SBI",
      "account_number": "7682262241573",
      "balance": 16857.0
    },
    {
      "transaction_date": "21-Dec-25\n(21-Dec-2025)",
      "description": "POS PURCHASE-SHOPPERS STOP-4606",
      "amount": 11656.0,
      "transaction_type": "CREDIT",
      "bank_name": "SBI",
      "account_number": "7682262241573",
      "balance": 5201.0
    },
    {
      "transaction_date": "21-Dec-25\n(21-Dec-2025)",
      "description": "POS PURCHASE-MORE MEGASTORE-68",
      "amount": 889.0,
      "transaction_type": "CREDIT",
      "bank_name": "SBI",
      "account_number": "7682262241573",
      "balance": 4312.0
    },
    {
      "transaction_date": "22-Dec-25\n(22-Dec-2025)",
      "description": "NEFT CR-SURESH",
      "amount": 17620.0,
      "transaction_type": "CREDIT",
      "bank_name": "SBI",
      "account_number": "7682262241573",
      "balance": 21932.0
    },
    {
      "transaction_date": "22-Dec-25\n(22-Dec-2025)",
      "description": "POS PURCHASE-WESTSIDE-3741",
      "amount": 13037.0,
      "transaction_type": "CREDIT",
      "bank_name": "SBI",
      "account_number": "7682262241573",
      "balance": 8895.0
    },
    {
      "transaction_date": "23-Dec-25\n(23-Dec-2025)",
      "description": "BILL PAYMENT-WATER BILL",
      "amount": 1578.0,
      "transaction_type": "CREDIT",
      "bank_name": "SBI",
      "account_number": "7682262241573",
      "balance": 7317.0
    },
    {
      "transaction_date": "23-Dec-25\n(23-Dec-2025)",
      "description": "UPI-AMAZON PRIME-6026",
      "amount": 936.0,
      "transaction_type": "CREDIT",
      "bank_name": "SBI",
      "account_number": "7682262241573",
      "balance": 6381.0
    },
    {
      "transaction_date": "23-Dec-25\n(23-Dec-2025)",
      "description": "NEFT CR-SACHIN",
      "amount": 16730.0,
      "transaction_type": "CREDIT",
      "bank_name": "SBI",
      "account_number": "7682262241573",
      "balance": 23111.0
    },
    {
      "transaction_date": "23-Dec-25\n(23-Dec-2025)",
      "description": "POS PURCHASE-SHOPPERS STOP-3476",
      "amount": 6422.0,
      "transaction_type": "CREDIT",
      "bank_name": "SBI",
      "account_number": "7682262241573",
      "balance": 16689.0
    },
    {
      "transaction_date": "24-Dec-25\n(24-Dec-2025)",
      "description": "POS PURCHASE-MORE MEGASTORE-99",
      "amount": 4590.0,
      "transaction_type": "CREDIT",
      "bank_name": "SBI",
      "account_number": "7682262241573",
      "balance": 12099.0
    },
    {
      "transaction_date": "24-Dec-25\n(24-Dec-2025)",
      "description": "UPI-KFC-7394",
      "amount": 758.0,
      "transaction_type": "CREDIT",
      "bank_name": "SBI",
      "account_number": "7682262241573",
      "balance": 11341.0
    },
    {
      "transaction_date": "24-Dec-25\n(24-Dec-2025)",
      "description": "UPI-BIGBASKET-2485",
      "amount": 1309.0,
      "transaction_type": "CREDIT",
      "bank_name": "SBI",
      "account_number": "7682262241573",
      "balance": 10032.0
    },
    {
      "transaction_date": "24-Dec-25\n(24-Dec-2025)",
      "description": "UPI CR-SURESH",
      "amount": 4781.0,
      "transaction_type": "CREDIT",
      "bank_name": "SBI",
      "account_number": "7682262241573",
      "balance": 14813.0
    },
    {
      "transaction_date": "24-Dec-25\n(24-Dec-2025)",
      "description": "POS PURCHASE-RESTAURANT 3756",
      "amount": 1205.0,
      "transaction_type": "CREDIT",
      "bank_name": "SBI",
      "account_number": "7682262241573",
      "balance": 13608.0
    },
    {
      "transaction_date": "24-Dec-25\n(24-Dec-2025)",
      "description": "IMPS-AMIT-1677",
      "amount": 10951.0,
      "transaction_type": "CREDIT",
      "bank_name": "SBI",
      "account_number": "7682262241573",
      "balance": 2657.0
    },
    {
      "transaction_date": "24-Dec-25\n(24-Dec-2025)",
      "description": "NEFT CR-ARUN",
      "amount": 15986.0,
      "transaction_type": "CREDIT",
      "bank_name": "SBI",
      "account_number": "7682262241573",
      "balance": 18643.0
    },
    {
      "transaction_date": "24-Dec-25\n(24-Dec-2025)",
      "description": "UPI-AJIO-1652",
      "amount": 12697.0,
      "transaction_type": "CREDIT",
      "bank_name": "SBI",
      "account_number": "7682262241573",
      "balance": 5946.0
    },
    {
      "transaction_date": "24-Dec-25\n(24-Dec-2025)",
      "description": "POS PURCHASE-MORE MEGASTORE-14",
      "amount": 683.0,
      "transaction_type": "CREDIT",
      "bank_name": "SBI",
      "account_number": "7682262241573",
      "balance": 5263.0
    },
    {
      "transaction_date": "24-Dec-25\n(24-Dec-2025)",
      "description": "UPI-ZEE5-9970",
      "amount": 638.0,
      "transaction_type": "CREDIT",
      "bank_name": "SBI",
      "account_number": "7682262241573",
      "balance": 4625.0
    },
    {
      "transaction_date": "24-Dec-25\n(24-Dec-2025)",
      "description": "NEFT CR-PRIYA",
      "amount": 2646.0,
      "transaction_type": "CREDIT",
      "bank_name": "SBI",
      "account_number": "7682262241573",
      "balance": 7271.0
    },
    {
      "transaction_date": "24-Dec-25\n(24-Dec-2025)",
      "description": "UPI-SUBWAY-9616",
      "amount": 123.0,
      "transaction_type": "CREDIT",
      "bank_name": "SBI",
      "account_number": "7682262241573",
      "balance": 7148.0
    },
    {
      "transaction_date": "24-Dec-25\n(24-Dec-2025)",
      "description": "NEFT CR-RAJESH",
      "amount": 16699.0,
      "transaction_type": "CREDIT",
      "bank_name": "SBI",
      "account_number": "7682262241573",
      "balance": 23847.0
    }
  ]
}