{
  "bank_name": "SBI",
  "account_number": "9032469685874",
  "account_holder": "Ms. MEERA VERMA,Mrs. Interest Rate(% p.a.) 3.25",
  "statement_period": "24/11/2025 to 24/12/2025",
  "transactions": [
    {
      "transaction_date": "24-Nov-25\n(24-Nov-2025)",
      "description": "POS PURCHASE-WESTSIDE-9319",
      "amount": 3388.0,
      "transaction_type": "CREDIT",
      "bank_name": "SBI",
      "account_number": "9032469685874",
      "balance": 86999.0
    },
    {
      "transaction_date": "24-Nov-25\n(24-Nov-2025)",
      "description": "UPI-ZOMATO-6533",
      "amount": 1048.0,
      "transaction_type": "CREDIT",
      "bank_name": "SBI",
      "account_number": "9032469685874",
      "balance": 85951.0
    },
    {
      "transaction_date": "24-Nov-25\n(24-Nov-2025)",
      "description": "UPI-SPOTIFY-5600",
      "amount": 929.0,
      "transaction_type": "CREDIT",
      "bank_name": "SBI",
      "account_number": "9032469685874",
      "balance": 85022.0
    },
    {
      "transaction_date": "24-Nov-25\n(24-Nov-2025)",
      "description": "UPI-AIRTEL FIBER-",
      "amount": 2829.0,
      "transaction_type": "CREDIT",
      "bank_name": "SBI",
      "account_number": "9032469685874",
      "balance": 82193.0
    },
    {
      "transaction_date": "24-Nov-25\n(24-Nov-2025)",
      "description": "UPI-SUBWAY-6260",
      "amount": 636.0,
      "transaction_type": "CREDIT",
      "bank_name": "SBI",
      "account_number": "9032469685874",
      "balance": 81557.0
    },
    {
      "transaction_date": "24-Nov-25\n(24-Nov-2025)",
      "description": "UPI-BARBEQUE NATION-6733",
      "amount": 161.0,
      "transaction_type": "CREDIT",
      "bank_name": "SBI",
      "account_number": "9032469685874",
      "balance": 81396.0
    },
    {
      "transaction_date": "24-Nov-25\n(24-Nov-2025)",
      "description": "POS PURCHASE-HP PETROL-9193",
      "amount": 668.0,
      "transaction_type": "CREDIT",
      "bank_name": "SBI",
      "account_number": "9032469685874",
      "balance": 80728.0
    },
    {
      "transaction_date": "24-Nov-25\n(24-Nov-2025)",
      "description": "POS PURCHASE-INDIAN OIL-5616",
      "amount": 705.0,
      "transaction_type": "CREDIT",
      "bank_name": "SBI",
      "account_number": "9032469685874",
      "balance": 80023.0
    },
    {
      "transaction_date": "24-Nov-25\n(24-Nov-2025)",
      "description": "ATM WDL\nATM CASH 4468 DELHI CONNAUGHT PL",
      "amount": 7849.0,
      "transaction_type": "CREDIT",
      "bank_name": "SBI",
      "account_number": "9032469685874",
      "balance": 72174.0
    },
    {
      "transaction_date": "24-Nov-25\n(24-Nov-2025)",
      "description": "UPI-AJIO-3629",
      "amount": 14802.0,
      "transaction_type": "CREDIT",
      "bank_name": "SBI",
      "account_number": "9032469685874",
      "balance": 57372.0
    },
    {
      "transaction_date": "24-Nov-25\n(24-Nov-2025)",
      "description": "UPI-MCDONALDS-7103",
      "amount": 326.0,
      "transaction_type": "CREDIT",
      "bank_name": "SBI",
      "account_number": "9032469685874",
      "balance": 57046.0
    },
    {
      "transaction_date": "25-Nov-25\n(25-Nov-2025)",
      "description": "UPI-UBER INDIA-1632",
      "amount": 1802.0,
      "transaction_type": "CREDIT",
      "bank_name": "SBI",
      "account_number": "9032469685874",
      "balance": 55244.0
    },
    {
      "transaction_date": "25-Nov-25\n(25-Nov-2025)",
      "description": "UPI-MCDONALDS-6441",
      "amount": 1086.0,
      "transaction_type": "CREDIT",
      "bank_name": "SBI",
      "account_number": "9032469685874",
      "balance": 54158.0
    },
    {
      "transaction_date": "25-Nov-25\n(25-Nov-2025)",
      "description": "UPI-ZOMATO-1571",
      "amount": 1286.0,
      "transaction_type": "CREDIT",
      "bank_name": "SBI",
      "account_number": "9032469685874",
      "balance": 52872.0
    },
    {
      "transaction_date": "25-Nov-25\n(25-Nov-2025)",
      "description": "UPI-GROFERS-8095",
      "amount": 4441.0,
      "transaction_type": "CREDIT",
      "bank_name": "SBI",
      "account_number": "9032469685874",
      "balance": 48431.0
    },
    {
      "transaction_date": "25-Nov-25\n(25-Nov-2025)",
      "description": "UPI-SWIGGY-6707",
      "amount": 429.0,
      "transaction_type": "CREDIT",
      "bank_name": "SBI",
      "account_number": "9032469685874",
      "balance": 48002.0
    },
    {
      "transaction_date": "25-Nov-25\n(25-Nov-2025)",
      "description": "UPI-UBER INDIA-9390",
      "amount": 177.0,
      "transaction_type": "CREDIT",
      "bank_name": "SBI",
      "account_number": "9032469685874",
      "balance": 47825.0
    },
    {
      "transaction_date": "25-Nov-25\n(25-Nov-2025)",
      "description": "POS PURCHASE-INDIAN OIL-8499",
      "amount": 795.0,
      "transaction_type": "CREDIT",
      "bank_name": "SBI",
      "account_number": "9032469685874",
      "balance": 47030.0
    },
    {
      "transaction_date": "25-Nov-25\n(25-Nov-2025)",
      "description": "POS PURCHASE-DMART-1284",
      "amount": 1431.0,
      "transaction_type": "CREDIT",
      "bank_name": "SBI",
      "account_number": "9032469685874",
      "balance": 45599.0
    },
    {
      "transaction_date": "25-Nov-25\n(25-Nov-2025)",
      "description": "POS PURCHASE-INDIAN OIL-3640",
      "amount": 523.0,
      "transaction_type": "CREDIT",
      "bank_name": "SBI",
      "account_number": "9032469685874",
      "balance": 45076.0
    },
    {
      "transaction_date": "25-Nov-25\n(25-Nov-2025)",
      "description": "UPI-IRCTC-9805",
      "amount": 413.0,
      "transaction_type": "CREDIT",
      "bank_name": "SBI",
      "account_number": "9032469685874",
      "balance": 44663.0
    },
    {
      "transaction_date": "25-Nov-25\n(25-Nov-2025)",
      "description": "ATM WDL\nATM CASH 8384 JAIPUR MI ROAD",
      "amount": 4104.0,
      "transaction_type": "CREDIT",
      "bank_name": "SBI",
      "account_number": "9032469685874",
      "balance": 40559.0
    },
    {
      "transaction_date": "25-Nov-25\n(25-Nov-2025)",
      "description": "IMPS-REKHA-7897",
      "amount": 30273.0,
      "transaction_type": "CREDIT",
      "bank_name": "SBI",
      "account_number": "9032469685874",
      "balance": 10286.0
    },
    {
      "transaction_date": "25-Nov-25\n(25-Nov-2025)",
      "description": "UPI-CAFE COFFEE DAY-2188",
      "amount": 619.0,
      "transaction_type": "CREDIT",
      "bank_name": "SBI",
      "account_number": "9032469685874",
      "balance": 9667.0
    },
    {
      "transaction_date": "26-Nov-25\n(26-Nov-2025)",
      "description": "UPI-AJIO-6546",
      "amount": 6246.0,
      "transaction_type": "CREDIT",
      "bank_name": "SBI",
      "account_number": "9032469685874",
      "balance": 3421.0
    },
    {
      "transaction_date": "26-Nov-25\n(26-Nov-2025)",
      "description": "UPI-HOTSTAR-7316",
      "amount": 924.0,
      "transaction_type": "CREDIT",
      "bank_name": "SBI",
      "account_number": "9032469685874",
      "balance": 2497.0
    },
    {
      "transaction_date": "26-Nov-25\n(26-Nov-2025)",
      "description": "UPI-STARBUCKS-1889",
      "amount": 1378.0,
      "transaction_type": "CREDIT",
      "bank_name": "SBI",
      "account_number": "9032469685874",
      "balance": 1119.0
    },
    {
      "transaction_date": "26-Nov-25\n(26-Nov-2025)",
      "description": "UPI-VI RECHARGE-",
      "amount": 966.0,
      "transaction_type": "CREDIT",
      "bank_name": "SBI",
      "account_number": "9032469685874",
      "balance": 153.0
    },
    {
      "transaction_date": "26-Nov-25\n(26-Nov-2025)",
      "description": "NEFT CR-REKHA",
      "amount": 42203.0,
      "transaction_type": "CREDIT",
      "bank_name": "SBI",
      "account_number": "9032469685874",
      "balance": 42356.0
    },
    {
      "transaction_date": "26-Nov-25\n(26-Nov-2025)",
      "description": "RTGS-SUNITA-2659",
      "amount": 24508.0,
      "transaction_type": "CREDIT",
      "bank_name": "SBI",
      "account_number": "9032469685874",
      "balance": 17848.0
    },
    {
      "transaction_date": "26-Nov-25\n(26-Nov-2025)",
      "description": "BILL PAYMENT-WATER BILL",
      "amount": 2790.0,
      "transaction_type": "CREDIT",
      "bank_name": "SBI",
      "account_number": "9032469685874",
      "balance": 15058.0
    },
    {
      "transaction_date": "26-Nov-25\n(26-Nov-2025)",
      "description": "UPI CR-REKHA",
      "amount": 878.0,
      "transaction_type": "CREDIT",
      "bank_name": "SBI",
      "account_number": "9032469685874",
      "balance": 15936.0
    },
    {
      "transaction_date": "26-Nov-25\n(26-Nov-2025)",
      "description": "POS PURCHASE-RELIANCE FRESH-2412",
      "amount": 2673.0,
      "transaction_type": "CREDIT",
      "bank_name": "SBI",
      "account_number": "9032469685874",
      "balance": 13263.0
    },
    {
      "transaction_date": "26-Nov-25\n(26-Nov-2025)",
      "description": "UPI-CAFE COFFEE DAY-7554",
      "amount": 643.0,
      "transaction_type": "CREDIT",
      "bank_name": "SBI",
      "account_number": "9032469685874",
      "balance": 12620.0
    },
    {
      "transaction_date": "26-Nov-25\n(26-Nov-2025)",
      "description": "IMPS CR-NISHA",
      "amount": 897.0,
      "transaction_type": "CREDIT",
      "bank_name": "SBI",
      "account_number": "9032469685874",
      "balance": 13517.0
    },
    {
      "transaction_date": "26-Nov-25\n(26-Nov-2025)",
      "description": "UPI-GROFERS-6659",
      "amount": 1573.0,
      "transaction_type": "CREDIT",
      "bank_name": "SBI",
      "account_number": "9032469685874",
      "balance": 11944.0
    },
    {
      "transaction_date": "27-Nov-25\n(27-Nov-2025)",
      "description": "POS PURCHASE-BIG BAZAAR-8588",
      "amount": 2420.0,
      "transaction_type": "CREDIT",
      "bank_name": "SBI",
      "account_number": "9032469685874",
      "balance": 9524.0
    },
    {
      "transaction_date": "27-Nov-25\n(27-Nov-2025)",
      "description": "POS PURCHASE-BIG BAZAAR-1388",
      "amount": 3058.0,
      "transaction_type": "CREDIT",
      "bank_name": "SBI",
      "account_number": "9032469685874",
      "balance": 6466.0
    },
    {
      "transaction_date": "27-Nov-25\n(27-Nov-2025)",
      "description": "IMPS-RAVI-6332",
      "amount": 4507.0,
      "transaction_type": "CREDIT",
      "bank_name": "SBI",
      "account_number": "9032469685874",
      "balance": 1959.0
    },
    {
      "transaction_date": "27-Nov-25\n(27-Nov-2025)",
      "description": "UPI-IRCTC-7083",
      "amount": 1898.0,
      "transaction_type": "CREDIT",
      "bank_name": "SBI",
      "account_number": "9032469685874",
      "balance": 61.0
    },
    {
      "transaction_date": "27-Nov-25\n(27-Nov-2025)",
      "description": "NEFT CR-KAVITA",
      "amount": 16084.0,
      "transaction_type": "CREDIT",
      "bank_name": "SBI",
      "account_number": "9032469685874",
      "balance": 16145.0
    },
    {
      "transaction_date": "27-Nov-25\n(27-Nov-2025)",
      "description": "UPI-STARBUCKS-6802",
      "amount": 1266.0,
      "transaction_type": "CREDIT",
      "bank_name": "SBI",
      "account_number": "9032469685874",
      "balance": 14879.0
    },
    {
      "transaction_date": "27-Nov-25\n(27-Nov-2025)",
      "description": "UPI-SWIGGY-7706",
      "amount": 1073.0,
      "transaction_type": "CREDIT",
      "bank_name": "SBI",
      "account_number": "9032469685874",
      "balance": 13806.0
    },
    {
      "transaction_date": "27-Nov-25\n(27-Nov-2025)",
      "description": "UPI-JIO RECHARGE-",
      "amount": 2450.0,
      "transaction_type": "CREDIT",
      "bank_name": "SBI",
      "account_number": "9032469685874",
      "balance": 11356.0
    },
    {
      "transaction_date": "27-Nov-25\n(27-Nov-2025)",
      "description": "POS PURCHASE-RAILWAY TICKET-3000",
      "amount": 1776.0,
      "transaction_type": "CREDIT",
      "bank_name": "SBI",
      "account_number": "9032469685874",
      "balance": 9580.0
    },
    {
      "transaction_date": "28-Nov-25\n(28-Nov-2025)",
      "description": "SALARY CREDIT-COMPANY NAME",
      "amount": 127160.0,
      "transaction_type": "CREDIT",
      "bank_name": "SBI",
      "account_number": "9032469685874",
      "balance": 136740.0
    },
    {
      "transaction_date": "28-Nov-25\n(28-Nov-2025)",
      "description": "SALARY CREDIT-COMPANY NAME",
      "amount": 127160.0,
      "transaction_type": "CREDIT",
      "bank_name": "SBI",
      "account_number": "9032469685874",
      "balance": 263900.0
    },
    {
      "transaction_date": "28-Nov-25\n(28-Nov-2025)",
      "description": "UPI-ZOMATO-6562",
      "amount": 409.0,
      "transaction_type": "CREDIT",
      "bank_name": "SBI",
      "account_number": "9032469685874",
      "balance": 263491.0
    },
    {
      "transaction_date": "28-Nov-25\n(28-Nov-2025)",
      "description": "SALARY CREDIT-COMPANY NAME",
      "amount": 127160.0,
      "transaction_type": "CREDIT",
      "bank_name": "SBI",
      "account_number": "9032469685874",
      "balance": 390651.0
    },
    {
      "transaction_date": "28-Nov-25\n(28-Nov-2025)",
      "description": "SALARY CREDIT-COMPANY NAME",
      "amount": 127160.0,
      "transaction_type": "CREDIT",
      "bank_name": "SBI",
      "account_number": "9032469685874",
      "balance": 517811.0
    },
    {
      "transaction_date": "28-Nov-25\n(28-Nov-2025)",
      "description": "SALARY CREDIT-COMPANY NAME",
      "amount": 127160.0,
      "transaction_type": "CREDIT",
      "bank_name": "SBI",
      "account_number": "9032469685874",
      "balance": 644971.0
    },
    {
      "transaction_date": "28-Nov-25\n(28-Nov-2025)",
      "description": "SALARY CREDIT-COMPANY NAME",
      "amount": 127160.0,
      "transaction_type": "CREDIT",
      "bank_name": "SBI",
      "account_number": "9032469685874",
      "balance": 772131.0
    },
    {
      "transaction_date": "29-Nov-25\n(29-Nov-2025)",
      "description": "UPI-SPOTIFY-2520",
      "amount": 451.0,
      "transaction_type": "CREDIT",
      "bank_name": "SBI",
      "account_number": "9032469685874",
      "balance": 771680.0
    },
    {
      "transaction_date": "29-Nov-25\n(29-Nov-2025)",
      "description": "UPI-MCDONALDS-1724",
      "amount": 1132.0,
      "transaction_type": "CREDIT",
      "bank_name": "SBI",
      "account_number": "9032469685874",
      "balance": 770548.0
    },
    {
      "transaction_date": "29-Nov-25\n(29-Nov-2025)",
      "description": "UPI-SONYLIV-3125",
      "amount": 586.0,
      "transaction_type": "CREDIT",
      "bank_name": "SBI",
      "account_number": "9032469685874",
      "balance": 769962.0
    },
    {
      "transaction_date": "29-Nov-25\n(29-Nov-2025)",
      "description": "IMPS-MANOJ-3165",
      "amount": 31921.0,
      "transaction_type": "CREDIT",
      "bank_name": "SBI",
      "account_number": "9032469685874",
      "balance": 738041.0
    },
    {
      "transaction_date": "29-Nov-25\n(29-Nov-2025)",
      "description": "ATM WDL\nATM CASH 2801 CHENNAI ANNA NAGAR",
      "amount": 9059.0,
      "transaction_type": "CREDIT",
      "bank_name": "SBI",
      "account_number": "9032469685874",
      "balance": 728982.0
    },
    {
      "transaction_date": "29-Nov-25\n(29-Nov-2025)",
      "description": "ATM WDL\nATM CASH 4993 PUNE SHIVAJI NAGAR",
      "amount": 685.0,
      "transaction_type": "CREDIT",
      "bank_name": "SBI",
      "account_number": "9032469685874",
      "balance": 728297.0
    },
    {
      "transaction_date": "29-Nov-25\n(29-Nov-2025)",
      "description": "UPI-OLA CABS-3314",
      "amount": 1237.0,
      "transaction_type": "CREDIT",
      "bank_name": "SBI",
      "account_number": "9032469685874",
      "balance": 727060.0
    },
    {
      "transaction_date": "29-Nov-25\n(29-Nov-2025)",
      "description": "UPI-AJIO-2125",
      "amount": 10587.0,
      "transaction_type": "CREDIT",
      "bank_name": "SBI",
      "account_number": "9032469685874",
      "balance": 716473.0
    },
    {
      "transaction_date": "29-Nov-25\n(29-Nov-2025)",
      "description": "UPI-ACT FIBERNET-",
      "amount": 1697.0,
      "transaction_type": "CREDIT",
      "bank_name": "SBI",
      "account_number": "9032469685874",
      "balance": 714776.0
    },
    {
      "transaction_date": "30-Nov-25\n(30-Nov-2025)",
      "description": "POS PURCHASE-DMART-4994",
      "amount": 1536.0,
      "transaction_type": "CREDIT",
      "bank_name": "SBI",
      "account_number": "9032469685874",
      "balance": 713240.0
    },
    {
      "transaction_date": "30-Nov-25\n(30-Nov-2025)",
      "description": "POS PURCHASE-HOTEL 7450",
      "amount": 443.0,
      "transaction_type": "CREDIT",
      "bank_name": "SBI",
      "account_number": "9032469685874",
      "balance": 712797.0
    },
    {
      "transaction_date": "30-Nov-25\n(30-Nov-2025)",
      "description": "IMPS-AMIT-9783",
      "amount": 1415.0,
      "transaction_type": "CREDIT",
      "bank_name": "SBI",
      "account_number": "9032469685874",
      "balance": 711382.0
    },
    {
      "transaction_date": "30-Nov-25\n(30-Nov-2025)",
      "description": "POS PURCHASE-WESTSIDE-7739",
      "amount": 6297.0,
      "transaction_type": "CREDIT",
      "bank_name": "SBI",
      "account_number": "9032469685874",
      "balance": 705085.0
    },
    {
      "transaction_date": "30-Nov-25\n(30-Nov-2025)",
      "description": "NEFT CR-AMIT",
      "amount": 1010.0,
      "transaction_type": "CREDIT",
      "bank_name": "SBI",
      "account_number": "9032469685874",
      "balance": 706095.0
    },
    {
      "transaction_date": "30-Nov-25\n(30-Nov-2025)",
      "description": "POS PURCHASE-MORE MEGASTORE-20",
      "amount": 3393.0,
      "transaction_type": "CREDIT",
      "bank_name": "SBI",
      "account_number": "9032469685874",
      "balance": 702702.0
    },
    {
      "transaction_date": "30-Nov-25\n(30-Nov-2025)",
      "description": "POS PURCHASE-HOTEL 2369",
      "amount": 640.0,
      "transaction_type": "CREDIT",
      "bank_name": "SBI",
      "account_number": "9032469685874",
      "balance": 702062.0
    },
    {
      "transaction_date": "30-Nov-25\n(30-Nov-2025)",
      "description": "UPI-ZOMATO-1061",
      "amount": 1404.0,
      "transaction_type": "CREDIT",
      "bank_name": "SBI",
      "account_number": "9032469685874",
      "balance": 700658.0
    },
    {
      "transaction_date": "30-Nov-25\n(30-Nov-2025)",
      "description": "POS PURCHASE-BIG BAZAAR-5137",
      "amount": 2056.0,
      "transaction_type": "CREDIT",
      "bank_name": "SBI",
      "account_number": "9032469685874",
      "balance": 698602.0
    },
    {
      "transaction_date": "30-Nov-25\n(30-Nov-2025)",
      "description": "POS PURCHASE-BIG BAZAAR-4048",
      "amount": 2641.0,
      "transaction_type": "CREDIT",
      "bank_name": "SBI",
      "account_number": "9032469685874",
      "balance": 695961.0
    },
    {
      "transaction_date": "30-Nov-25\n(30-Nov-2025)",
      "description": "UPI-VIKRAM-4285",
      "amount": 12479.0,
      "transaction_type": "CREDIT",
      "bank_name": "SBI",
      "account_number": "9032469685874",
      "balance": 683482.0
    },
    {
      "transaction_date": "01-Dec-25\n(01-Dec-2025)",
      "description": "POS PURCHASE-PANTALOONS-1997",
      "amount": 14385.0,
      "transaction_type": "CREDIT",
      "bank_name": "SBI",
      "account_number": "9032469685874",
      "balance": 669097.0
    },
    {
      "transaction_date": "01-Dec-25\n(01-Dec-2025)",
      "description": "UPI-OLA CABS-4080",
      "amount": 1353.0,
      "transaction_type": "CREDIT",
      "bank_name": "SBI",
      "account_number": "9032469685874",
      "balance": 667744.0
    },
    {
      "transaction_date": "01-Dec-25\n(01-Dec-2025)",
      "description": "POS PURCHASE-BIG BAZAAR-6605",
      "amount": 2806.0,
      "transaction_type": "CREDIT",
      "bank_name": "SBI",
      "account_number": "9032469685874",
      "balance": 664938.0
    },
    {
      "transaction_date": "01-Dec-25\n(01-Dec-2025)",
      "description": "POS PURCHASE-PANTALOONS-4202",
      "amount": 10916.0,
      "transaction_type": "CREDIT",
      "bank_name": "SBI",
      "account_number": "9032469685874",
      "balance": 654022.0
    },
    {
      "transaction_date": "01-Dec-25\n(01-Dec-2025)",
      "description": "IMPS-PAYTM-FASTAG7141",
      "amount": 1345.0,
      "transaction_type": "CREDIT",
      "bank_name": "SBI",
      "account_number": "9032469685874",
      "balance": 652677.0
    },
    {
      "transaction_date": "01-Dec-25\n(01-Dec-2025)",
      "description": "POS PURCHASE-PANTALOONS-4596",
      "amount": 7154.0,
      "transaction_type": "CREDIT",
      "bank_name": "SBI",
      "account_number": "9032469685874",
      "balance": 645523.0
    },
    {
      "transaction_date": "01-Dec-25\n(01-Dec-2025)",
      "description": "UPI-ZOMATO-1770",
      "amount": 1202.0,
      "transaction_type": "CREDIT",
      "bank_name": "SBI",
      "account_number": "9032469685874",
      "balance": 644321.0
    },
    {
      "transaction_date": "01-Dec-25\n(01-Dec-2025)",
      "description": "UPI-UBER INDIA-4550",
      "amount": 1969.0,
      "transaction_type": "CREDIT",
      "bank_name": "SBI",
      "account_number": "9032469685874",
      "balance": 642352.0
    },
    {
      "transaction_date": "01-Dec-25\n(01-Dec-2025)",
      "description": "UPI-AJIO-9670",
      "amount": 5003.0,
      "transaction_type": "CREDIT",
      "bank_name": "SBI",
      "account_number": "9032469685874",
      "balance": 637349.0
    },
    {
      "transaction_date": "01-Dec-25\n(01-Dec-2025)",
      "description": "POS PURCHASE-HOTEL 7620",
      "amount": 312.0,
      "transaction_type": "CREDIT",
      "bank_name": "SBI",
      "account_number": "9032469685874",
      "balance": 637037.0
    },
    {
      "transaction_date": "01-Dec-25\n(01-Dec-2025)",
      "description": "UPI-AJIO-1988",
      "amount": 10421.0,
      "transaction_type": "CREDIT",
      "bank_name": "SBI",
      "account_number": "9032469685874",
      "balance": 626616.0
    },
    {
      "transaction_date": "01-Dec-25\n(01-Dec-2025)",
      "description": "UPI-SWIGGY-2930",
      "amount": 1005.0,
      "transaction_type": "CREDIT",
      "bank_name": "SBI",
      "account_number": "9032469685874",
      "balance": 625611.0
    },
    {
      "transaction_date": "02-Dec-25\n(02-Dec-2025)",
      "description": "UPI-BARBEQUE NATION-7368",
      "amount": 1170.0,
      "transaction_type": "CREDIT",
      "bank_name": "SBI",
      "account_number": "9032469685874",
      "balance": 624441.0
    },
    {
      "transaction_date": "02-Dec-25\n(02-Dec-2025)",
      "description": "RTGS-RAVI-5541",
      "amount": 6007.0,
      "transaction_type": "CREDIT",
      "bank_name": "SBI",
      "account_number": "9032469685874",
      "balance": 618434.0
    },
    {
      "transaction_date": "02-Dec-25\n(02-Dec-2025)",
      "description": "UPI-ZEE5-7059",
      "amount": 668.0,
      "transaction_type": "CREDIT",
      "bank_name": "SBI",
      "account_number": "9032469685874",
      "balance": 617766.0
    },
    {
      "transaction_date": "02-Dec-25\n(02-Dec-2025)",
      "description": "UPI-SWIGGY-9301",
      "amount": 197.0,
      "transaction_type": "CREDIT",
      "bank_name": "SBI",
      "account_number": "9032469685874",
      "balance": 617569.0
    },
    {
      "transaction_date": "02-Dec-25\n(02-Dec-2025)",
      "description": "POS PURCHASE-BHARAT PETROLEUM-",
      "amount": 805.0,
      "transaction_type": "CREDIT",
      "bank_name": "SBI",
      "account_number": "9032469685874",
      "balance": 616764.0
    },
    {
      "transaction_date": "02-Dec-25\n(02-Dec-2025)",
      "description": "POS PURCHASE-INDIAN OIL-8485",
      "amount": 1962.0,
      "transaction_type": "CREDIT",
      "bank_name": "SBI",
      "account_number": "9032469685874",
      "balance": 614802.0
    },
    {
      "transaction_date": "02-Dec-25\n(02-Dec-2025)",
      "description": "IMPS-REKHA-4365",
      "amount": 42743.0,
      "transaction_type": "CREDIT",
      "bank_name": "SBI",
      "account_number": "9032469685874",
      "balance": 572059.0
    },
    {
      "transaction_date": "02-Dec-25\n(02-Dec-2025)",
      "description": "ATM WDL\nATM CASH 4210 PUNE SHIVAJI NAGAR",
      "amount": 6252.0,
      "transaction_type": "CREDIT",
      "bank_name": "SBI",
      "account_number": "9032469685874",
      "balance": 565807.0
    },
    {
      "transaction_date": "02-Dec-25\n(02-Dec-2025)",
      "description": "UPI-SPOTIFY-8095",
      "amount": 931.0,
      "transaction_type": "CREDIT",
      "bank_name": "SBI",
      "account_number": "9032469685874",
      "balance": 564876.0
    },
    {
      "transaction_date": "02-Dec-25\n(02-Dec-2025)",
      "description": "POS PURCHASE-HOTEL 5784",
      "amount": 876.0,
      "transaction_type": "CREDIT",
      "bank_name": "SBI",
      "account_number": "9032469685874",
      "balance": 564000.0
    },
    {
      "transaction_date": "02-Dec-25\n(02-Dec-2025)",
      "description": "UPI-GROFERS-7584",
      "amount": 4945.0,
      "transaction_type": "CREDIT",
      "bank_name": "SBI",
      "account_number": "9032469685874",
      "balance": 559055.0
    },
    {
      "transaction_date": "02-Dec-25\n(02-Dec-2025)",
      "description": "UPI-KFC-1998",
      "amount": 825.0,
      "transaction_type": "CREDIT",
      "bank_name": "SBI",
      "account_number": "9032469685874",
      "balance": 558230.0
    },
    {
      "transaction_date": "02-Dec-25\n(02-Dec-2025)",
      "description": "RTGS-KARTHIK-1586",
      "amount": 36544.0,
      "transaction_type": "CREDIT",
      "bank_name": "SBI",
      "account_number": "9032469685874",
      "balance": 521686.0
    },
    {
      "transaction_date": "02-Dec-25\n(02-Dec-2025)",
      "description": "POS PURCHASE-DMART-3988",
      "amount": 1763.0,
      "transaction_type": "CREDIT",
      "bank_name": "SBI",
      "account_number": "9032469685874",
      "balance": 519923.0
    },
    {
      "transaction_date": "03-Dec-25\n(03-Dec-2025)",
      "description": "CREDIT INTEREST",
      "amount": 447.0,
      "transaction_type": "CREDIT",
      "bank_name": "SBI",
      "account_number": "9032469685874",
      "balance": 520370.0
    },
    {
      "transaction_date": "03-Dec-25\n(03-Dec-2025)",
      "description": "BILL PAYMENT-GAS BILL",
      "amount": 915.0,
      "transaction_type": "CREDIT",
      "bank_name": "SBI",
      "account_number": "9032469685874",
      "balance": 519455.0
    },
    {
      "transaction_date": "03-Dec-25\n(03-Dec-2025)",
      "description": "POS PURCHASE-BIG BAZAAR-7476",
      "amount": 1343.0,
      "transaction_type": "CREDIT",
      "bank_name": "SBI",
      "account_number": "9032469685874",
      "balance": 518112.0
    },
    {
      "transaction_date": "03-Dec-25\n(03-Dec-2025)",
      "description": "UPI-SUBWAY-1803",
      "amount": 623.0,
      "transaction_type": "CREDIT",
      "bank_name": "SBI",
      "account_number": "9032469685874",
      "balance": 517489.0
    },
    {
      "transaction_date": "03-Dec-25\n(03-Dec-2025)",
      "description": "UPI-KFC-4548",
      "amount": 265.0,
      "transaction_type": "CREDIT",
      "bank_name": "SBI",
      "account_number": "9032469685874",
      "balance": 517224.0
    },
    {
      "transaction_date": "03-Dec-25\n(03-Dec-2025)",
      "description": "UPI-NETFLIX-1368",
      "amount": 903.0,
      "transaction_type": "CREDIT",
      "bank_name": "SBI",
      "account_number": "9032469685874",
      "balance": 516321.0
    },
    {
      "transaction_date": "03-Dec-25\n(03-Dec-2025)",
      "description": "UPI-STARBUCKS-4457",
      "amount": 206.0,
      "transaction_type": "CREDIT",
      "bank_name": "SBI",
      "account_number": "9032469685874",
      "balance": 516115.0
    },
    {
      "transaction_date": "03-Dec-25\n(03-Dec-2025)",
      "description": "POS PURCHASE-INOX-2515",
      "amount": 518.0,
      "transaction_type": "CREDIT",
      "bank_name": "SBI",
      "account_number": "9032469685874",
      "balance": 515597.0
    },
    {
      "transaction_date": "03-Dec-25\n(03-Dec-2025)",
      "description": "POS PURCHASE-LIFESTYLE-1163",
      "amount": 7479.0,
      "transaction_type": "CREDIT",
      "bank_name": "SBI",
      "account_number": "9032469685874",
      "balance": 508118.0
    },
    {
      "transaction_date": "03-Dec-25\n(03-Dec-2025)",
      "description": "UPI-STARBUCKS-4794",
      "amount": 290.0,
      "transaction_type": "CREDIT",
      "bank_name": "SBI",
      "account_number": "9032469685874",
      "balance": 507828.0
    },
    {
      "transaction_date": "03-Dec-25\n(03-Dec-2025)",
      "description": "UPI-DOMINOS PIZZA-5653",
      "amount": 1058.0,
      "transaction_type": "CREDIT",
      "bank_name": "SBI",
      "account_number": "9032469685874",
      "balance": 506770.0
    },
    {
      "transaction_date": "03-Dec-25\n(03-Dec-2025)",
      "description": "UPI-MCDONALDS-1092",
      "amount": 879.0,
      "transaction_type": "CREDIT",
      "bank_name": "SBI",
      "account_number": "9032469685874",
      "balance": 505891.0
    },
    {
      "transaction_date": "03-Dec-25\n(03-Dec-2025)",
      "description": "UPI-STARBUCKS-7644",
      "amount": 1443.0,
      "transaction_type": "CREDIT",
      "bank_name": "SBI",
      "account_number": "9032469685874",
      "balance": 504448.0
    },
    {
      "transaction_date": "03-Dec-25\n(03-Dec-2025)",
      "description": "POS PURCHASE-PANTALOONS-9048",
      "amount": 11256.0,
      "transaction_type": "CREDIT",
      "bank_name": "SBI",
      "account_number": "9032469685874",
      "balance": 493192.0
    },
    {
      "transaction_date": "04-Dec-25\n(04-Dec-2025)",
      "description": "UPI-AMAZON PRIME-6868",
      "amount": 902.0,
      "transaction_type": "CREDIT",
      "bank_name": "SBI",
      "account_number": "9032469685874",
      "balance": 492290.0
    },
    {
      "transaction_date": "04-Dec-25\n(04-Dec-2025)",
      "description": "UPI-JIO RECHARGE-",
      "amount": 250.0,
      "transaction_type": "CREDIT",
      "bank_name": "SBI",
      "account_number": "9032469685874",
      "balance": 492040.0
    },
    {
      "transaction_date": "04-Dec-25\n(04-Dec-2025)",
      "description": "POS PURCHASE-RESTAURANT 4247",
      "amount": 629.0,
      "transaction_type": "CREDIT",
      "bank_name": "SBI",
      "account_number": "9032469685874",
      "balance": 491411.0
    },
    {
      "transaction_date": "04-Dec-25\n(04-Dec-2025)",
      "description": "UPI-STARBUCKS-8985",
      "amount": 245.0,
      "transaction_type": "CREDIT",
      "bank_name": "SBI",
      "account_number": "9032469685874",
      "balance": 491166.0
    },
    {
      "transaction_date": "04-Dec-25\n(04-Dec-2025)",
      "description": "POS PURCHASE-RESTAURANT 4182",
      "amount": 1021.0,
      "transaction_type": "CREDIT",
      "bank_name": "SBI",
      "account_number": "9032469685874",
      "balance": 490145.0
    },
    {
      "transaction_date": "05-Dec-25\n(05-Dec-2025)",
      "description": "UPI-BARBEQUE NATION-4245",
      "amount": 1149.0,
      "transaction_type": "CREDIT",
      "bank_name": "SBI",
      "account_number": "9032469685874",
      "balance": 488996.0
    },
    {
      "transaction_date": "05-Dec-25\n(05-Dec-2025)",
      "description": "POS PURCHASE-DMART-2504",
      "amount": 3389.0,
      "transaction_type": "CREDIT",
      "bank_name": "SBI",
      "account_number": "9032469685874",
      "balance": 485607.0
    },
    {
      "transaction_date": "05-Dec-25\n(05-Dec-2025)",
      "description": "RTGS-AMIT-9262",
      "amount": 28302.0,
      "transaction_type": "CREDIT",
      "bank_name": "SBI",
      "account_number": "9032469685874",
      "balance": 457305.0
    },
    {
      "transaction_date": "05-Dec-25\n(05-Dec-2025)",
      "description": "POS PURCHASE-PANTALOONS-8434",
      "amount": 14988.0,
      "transaction_type": "CREDIT",
      "bank_name": "SBI",
      "account_number": "9032469685874",
      "balance": 442317.0
    },
    {
      "transaction_date": "05-Dec-25\n(05-Dec-2025)",
      "description": "POS PURCHASE-BHARAT PETROLEUM-",
      "amount": 375.0,
      "transaction_type": "CREDIT",
      "bank_name": "SBI",
      "account_number": "9032469685874",
      "balance": 441942.0
    },
    {
      "transaction_date": "05-Dec-25\n(05-Dec-2025)",
      "description": "ATM WDL\nATM CASH 2854 KOLKATA PARK STREE",
      "amount": 4336.0,
      "transaction_type": "CREDIT",
      "bank_name": "SBI",
      "account_number": "9032469685874",
      "balance": 437606.0
    },
    {
      "transaction_date": "05-Dec-25\n(05-Dec-2025)",
      "description": "POS PURCHASE-BIG BAZAAR-2863",
      "amount": 1172.0,
      "transaction_type": "CREDIT",
      "bank_name": "SBI",
      "account_number": "9032469685874",
      "balance": 436434.0
    },
    {
      "transaction_date": "05-Dec-25\n(05-Dec-2025)",
      "description": "POS PURCHASE-RAILWAY TICKET-9660",
      "amount": 1328.0,
      "transaction_type": "CREDIT",
      "bank_name": "SBI",
      "account_number": "9032469685874",
      "balance": 435106.0
    },
    {
      "transaction_date": "05-Dec-25\n(05-Dec-2025)",
      "description": "POS PURCHASE-BIG BAZAAR-4107",
      "amount": 4515.0,
      "transaction_type": "CREDIT",
      "bank_name": "SBI",
      "account_number": "9032469685874",
      "balance": 430591.0
    },
    {
      "transaction_date": "05-Dec-25\n(05-Dec-2025)",
      "description": "POS PURCHASE-INOX-5608",
      "amount": 634.0,
      "transaction_type": "CREDIT",
      "bank_name": "SBI",
      "account_number": "9032469685874",
      "balance": 429957.0
    },
    {
      "transaction_date": "06-Dec-25\n(06-Dec-2025)",
      "description": "UPI-BIGBASKET-4087",
      "amount": 2442.0,
      "transaction_type": "CREDIT",
      "bank_name": "SBI",
      "account_number": "9032469685874",
      "balance": 427515.0
    },
    {
      "transaction_date": "06-Dec-25\n(06-Dec-2025)",
      "description": "POS PURCHASE-HP PETROL-9728",
      "amount": 670.0,
      "transaction_type": "CREDIT",
      "bank_name": "SBI",
      "account_number": "9032469685874",
      "balance": 426845.0
    },
    {
      "transaction_date": "06-Dec-25\n(06-Dec-2025)",
      "description": "ATM WDL\nATM CASH 4863 CHENNAI ANNA NAGAR",
      "amount": 1745.0,
      "transaction_type": "CREDIT",
      "bank_name": "SBI",
      "account_number": "9032469685874",
      "balance": 425100.0
    },
    {
      "transaction_date": "06-Dec-25\n(06-Dec-2025)",
      "description": "POS PURCHASE-RESTAURANT 1111",
      "amount": 503.0,
      "transaction_type": "CREDIT",
      "bank_name": "SBI",
      "account_number": "9032469685874",
      "balance": 424597.0
    },
    {
      "transaction_date": "06-Dec-25\n(06-Dec-2025)",
      "description": "POS PURCHASE-MORE MEGASTORE-82",
      "amount": 3071.0,
      "transaction_type": "CREDIT",
      "bank_name": "SBI",
      "account_number": "9032469685874",
      "balance": 421526.0
    },
    {
      "transaction_date": "06-Dec-25\n(06-Dec-2025)",
      "description": "POS PURCHASE-PANTALOONS-4867",
      "amount": 6829.0,
      "transaction_type": "CREDIT",
      "bank_name": "SBI",
      "account_number": "9032469685874",
      "balance": 414697.0
    },
    {
      "transaction_date": "06-Dec-25\n(06-Dec-2025)",
      "description": "UPI-HOTSTAR-9145",
      "amount": 455.0,
      "transaction_type": "CREDIT",
      "bank_name": "SBI",
      "account_number": "9032469685874",
      "balance": 414242.0
    },
    {
      "transaction_date": "06-Dec-25\n(06-Dec-2025)",
      "description": "UPI-JIO RECHARGE-",
      "amount": 1235.0,
      "transaction_type": "CREDIT",
      "bank_name": "SBI",
      "account_number": "9032469685874",
      "balance": 413007.0
    },
    {
      "transaction_date": "06-Dec-25\n(06-Dec-2025)",
      "description": "ATM WDL\nATM CASH 2520 NAGPUR SITABULDI",
      "amount": 4811.0,
      "transaction_type": "CREDIT",
      "bank_name": "SBI",
      "account_number": "9032469685874",
      "balance": 408196.0
    },
    {
      "transaction_date": "06-Dec-25\n(06-Dec-2025)",
      "description": "POS PURCHASE-PANTALOONS-5477",
      "amount": 4138.0,
      "transaction_type": "CREDIT",
      "bank_name": "SBI",
      "account_number": "9032469685874",
      "balance": 404058.0
    },
    {
      "transaction_date": "06-Dec-25\n(06-Dec-2025)",
      "description": "POS PURCHASE-HOTEL 6158",
      "amount": 528.0,
      "transaction_type": "CREDIT",
      "bank_name": "SBI",
      "account_number": "9032469685874",
      "balance": 403530.0
    },
    {
      "transaction_date": "07-Dec-25\n(07-Dec-2025)",
      "description": "UPI-MCDONALDS-7197",
      "amount": 1364.0,
      "transaction_type": "CREDIT",
      "bank_name": "SBI",
      "account_number": "9032469685874",
      "balance": 402166.0
    },
    {
      "transaction_date": "07-Dec-25\n(07-Dec-2025)",
      "description": "UPI-ZOMATO-8599",
      "amount": 806.0,
      "transaction_type": "CREDIT",
      "bank_name": "SBI",
      "account_number": "9032469685874",
      "balance": 401360.0
    },
    {
      "transaction_date": "07-Dec-25\n(07-Dec-2025)",
      "description": "UPI-BARBEQUE NATION-6741",
      "amount": 239.0,
      "transaction_type": "CREDIT",
      "bank_name": "SBI",
      "account_number": "9032469685874",
      "balance": 401121.0
    },
    {
      "transaction_date": "07-Dec-25\n(07-Dec-2025)",
      "description": "POS PURCHASE-SHOPPERS STOP-4784",
      "amount": 8472.0,
      "transaction_type": "CREDIT",
      "bank_name": "SBI",
      "account_number": "9032469685874",
      "balance": 392649.0
    },
    {
      "transaction_date": "07-Dec-25\n(07-Dec-2025)",
      "description": "UPI-RAPIDO-8713",
      "amount": 1467.0,
      "transaction_type": "CREDIT",
      "bank_name": "SBI",
      "account_number": "9032469685874",
      "balance": 391182.0
    },
    {
      "transaction_date": "07-Dec-25\n(07-Dec-2025)",
      "description": "UPI-SUBWAY-7334",
      "amount": 336.0,
      "transaction_type": "CREDIT",
      "bank_name": "SBI",
      "account_number": "9032469685874",
      "balance": 390846.0
    },
    {
      "transaction_date": "07-Dec-25\n(07-Dec-2025)",
      "description": "UPI-CAFE COFFEE DAY-5361",
      "amount": 519.0,
      "transaction_type": "CREDIT",
      "bank_name": "SBI",
      "account_number": "9032469685874",
      "balance": 390327.0
    },
    {
      "transaction_date": "07-Dec-25\n(07-Dec-2025)",
      "description": "ATM WDL\nATM CASH 1530 MUMBAI MAIN",
      "amount": 3155.0,
      "transaction_type": "CREDIT",
      "bank_name": "SBI",
      "account_number": "9032469685874",
      "balance": 387172.0
    },
    {
      "transaction_date": "07-Dec-25\n(07-Dec-2025)",
      "description": "UPI-BARBEQUE NATION-2499",
      "amount": 601.0,
      "transaction_type": "CREDIT",
      "bank_name": "SBI",
      "account_number": "9032469685874",
      "balance": 386571.0
    },
    {
      "transaction_date": "08-Dec-25\n(08-Dec-2025)",
      "description": "UPI-FLIPKART-7469",
      "amount": 13067.0,
      "transaction_type": "CREDIT",
      "bank_name": "SBI",
      "account_number": "9032469685874",
      "balance": 373504.0
    },
    {
      "transaction_date": "08-Dec-25\n(08-Dec-2025)",
      "description": "POS PURCHASE-RAILWAY TICKET-8422",
      "amount": 804.0,
      "transaction_type": "CREDIT",
      "bank_name": "SBI",
      "account_number": "9032469685874",
      "balance": 372700.0
    },
    {
      "transaction_date": "08-Dec-25\n(08-Dec-2025)",
      "description": "UPI-ZOMATO-7268",
      "amount": 58.0,
      "transaction_type": "CREDIT",
      "bank_name": "SBI",
      "account_number": "9032469685874",
      "balance": 372642.0
    },
    {
      "transaction_date": "08-Dec-25\n(08-Dec-2025)",
      "description": "POS PURCHASE-MORE MEGASTORE-95",
      "amount": 3234.0,
      "transaction_type": "CREDIT",
      "bank_name": "SBI",
      "account_number": "9032469685874",
      "balance": 369408.0
    },
    {
      "transaction_date": "09-Dec-25\n(09-Dec-2025)",
      "description": "UPI-SWIGGY-5694",
      "amount": 642.0,
      "transaction_type": "CREDIT",
      "bank_name": "SBI",
      "account_number": "9032469685874",
      "balance": 368766.0
    },
    {
      "transaction_date": "09-Dec-25\n(09-Dec-2025)",
      "description": "IMPS-RAVI-2306",
      "amount": 7147.0,
      "transaction_type": "CREDIT",
      "bank_name": "SBI",
      "account_number": "9032469685874",
      "balance": 361619.0
    },
    {
      "transaction_date": "09-Dec-25\n(09-Dec-2025)",
      "description": "UPI-ACT FIBERNET-",
      "amount": 2984.0,
      "transaction_type": "CREDIT",
      "bank_name": "SBI",
      "account_number": "9032469685874",
      "balance": 358635.0
    },
    {
      "transaction_date": "09-Dec-25\n(09-Dec-2025)",
      "description": "UPI-MYNTRA-8011",
      "amount": 9139.0,
      "transaction_type": "CREDIT",
      "bank_name": "SBI",
      "account_number": "9032469685874",
      "balance": 349496.0
    },
    {
      "transaction_date": "09-Dec-25\n(09-Dec-2025)",
      "description": "POS PURCHASE-BHARAT PETROLEUM-",
      "amount": 1403.0,
      "transaction_type": "CREDIT",
      "bank_name": "SBI",
      "account_number": "9032469685874",
      "balance": 348093.0
    },
    {
      "transaction_date": "09-Dec-25\n(09-Dec-2025)",
      "description": "UPI-AIRTEL FIBER-",
      "amount": 1890.0,
      "transaction_type": "CREDIT",
      "bank_name": "SBI",
      "account_number": "9032469685874",
      "balance": 346203.0
    },
    {
      "transaction_date": "09-Dec-25\n(09-Dec-2025)",
      "description": "UPI-SWIGGY-8848",
      "amount": 1001.0,
      "transaction_type": "CREDIT",
      "bank_name": "SBI",
      "account_number": "9032469685874",
      "balance": 345202.0
    },
    {
      "transaction_date": "09-Dec-25\n(09-Dec-2025)",
      "description": "UPI-ZEE5-4828",
      "amount": 438.0,
      "transaction_type": "CREDIT",
      "bank_name": "SBI",
      "account_number": "9032469685874",
      "balance": 344764.0
    },
    {
      "transaction_date": "10-Dec-25\n(10-Dec-2025)",
      "description": "POS PURCHASE-BIG BAZAAR-9957",
      "amount": 2807.0,
      "transaction_type": "CREDIT",
      "bank_name": "SBI",
      "account_number": "9032469685874",
      "balance": 341957.0
    },
    {
      "transaction_date": "10-Dec-25\n(10-Dec-2025)",
      "description": "POS PURCHASE-RELIANCE FRESH-8857",
      "amount": 2477.0,
      "transaction_type": "CREDIT",
      "bank_name": "SBI",
      "account_number": "9032469685874",
      "balance": 339480.0
    },
    {
      "transaction_date": "10-Dec-25\n(10-Dec-2025)",
      "description": "POS PURCHASE-DMART-1782",
      "amount": 3234.0,
      "transaction_type": "CREDIT",
      "bank_name": "SBI",
      "account_number": "9032469685874",
      "balance": 336246.0
    },
    {
      "transaction_date": "10-Dec-25\n(10-Dec-2025)",
      "description": "BILL PAYMENT-WATER BILL",
      "amount": 2380.0,
      "transaction_type": "CREDIT",
      "bank_name": "SBI",
      "account_number": "9032469685874",
      "balance": 333866.0
    },
    {
      "transaction_date": "10-Dec-25\n(10-Dec-2025)",
      "description": "UPI-STARBUCKS-9912",
      "amount": 881.0,
      "transaction_type": "CREDIT",
      "bank_name": "SBI",
      "account_number": "9032469685874",
      "balance": 332985.0
    },
    {
      "transaction_date": "10-Dec-25\n(10-Dec-2025)",
      "description": "POS PURCHASE-PANTALOONS-8149",
      "amount": 12824.0,
      "transaction_type": "CREDIT",
      "bank_name": "SBI",
      "account_number": "9032469685874",
      "balance": 320161.0
    },
    {
      "transaction_date": "10-Dec-25\n(10-Dec-2025)",
      "description": "UPI-SUBWAY-7842",
      "amount": 472.0,
      "transaction_type": "CREDIT",
      "bank_name": "SBI",
      "account_number": "9032469685874",
      "balance": 319689.0
    },
    {
      "transaction_date": "10-Dec-25\n(10-Dec-2025)",
      "description": "POS PURCHASE-MORE MEGASTORE-55",
      "amount": 419.0,
      "transaction_type": "CREDIT",
      "bank_name": "SBI",
      "account_number": "9032469685874",
      "balance": 319270.0
    },
    {
      "transaction_date": "10-Dec-25\n(10-Dec-2025)",
      "description": "UPI-ZOMATO-4135",
      "amount": 904.0,
      "transaction_type": "CREDIT",
      "bank_name": "SBI",
      "account_number": "9032469685874",
      "balance": 318366.0
    },
    {
      "transaction_date": "10-Dec-25\n(10-Dec-2025)",
      "description": "POS PURCHASE-SHOPPERS STOP-3395",
      "amount": 4570.0,
      "transaction_type": "CREDIT",
      "bank_name": "SBI",
      "account_number": "9032469685874",
      "balance": 313796.0
    },
    {
      "transaction_date": "11-Dec-25\n(11-Dec-2025)",
      "description": "UPI-FLIPKART-5175",
      "amount": 4229.0,
      "transaction_type": "CREDIT",
      "bank_name": "SBI",
      "account_number": "9032469685874",
      "balance": 309567.0
    },
    {
      "transaction_date": "11-Dec-25\n(11-Dec-2025)",
      "description": "IMPS-PAYTM-FASTAG2525",
      "amount": 1139.0,
      "transaction_type": "CREDIT",
      "bank_name": "SBI",
      "account_number": "9032469685874",
      "balance": 308428.0
    },
    {
      "transaction_date": "11-Dec-25\n(11-Dec-2025)",
      "description": "ATM WDL\nATM CASH 8680 KOCHI MG ROAD",
      "amount": 5419.0,
      "transaction_type": "CREDIT",
      "bank_name": "SBI",
      "account_number": "9032469685874",
      "balance": 303009.0
    },
    {
      "transaction_date": "11-Dec-25\n(11-Dec-2025)",
      "description": "UPI-KFC-9174",
      "amount": 910.0,
      "transaction_type": "CREDIT",
      "bank_name": "SBI",
      "account_number": "9032469685874",
      "balance": 302099.0
    },
    {
      "transaction_date": "11-Dec-25\n(11-Dec-2025)",
      "description": "POS PURCHASE-SPENCERS-1361",
      "amount": 1819.0,
      "transaction_type": "CREDIT",
      "bank_name": "SBI",
      "account_number": "9032469685874",
      "balance": 300280.0
    },
    {
      "transaction_date": "11-Dec-25\n(11-Dec-2025)",
      "description": "UPI-BIGBASKET-8557",
      "amount": 848.0,
      "transaction_type": "CREDIT",
      "bank_name": "SBI",
      "account_number": "9032469685874",
      "balance": 299432.0
    },
    {
      "transaction_date": "11-Dec-25\n(11-Dec-2025)",
      "description": "POS PURCHASE-RAILWAY TICKET-8136",
      "amount": 1014.0,
      "transaction_type": "CREDIT",
      "bank_name": "SBI",
      "account_number": "9032469685874",
      "balance": 298418.0
    },
    {
      "transaction_date": "11-Dec-25\n(11-Dec-2025)",
      "description": "UPI-JIO RECHARGE-",
      "amount": 908.0,
      "transaction_type": "CREDIT",
      "bank_name": "SBI",
      "account_number": "9032469685874",
      "balance": 297510.0
    },
    {
      "transaction_date": "12-Dec-25\n(12-Dec-2025)",
      "description": "ATM WDL\nATM CASH 2922 VADODARA ALKAPURI",
      "amount": 3226.0,
      "transaction_type": "CREDIT",
      "bank_name": "SBI",
      "account_number": "9032469685874",
      "balance": 294284.0
    },
    {
      "transaction_date": "12-Dec-25\n(12-Dec-2025)",
      "description": "POS PURCHASE-SHOPPERS STOP-8159",
      "amount": 14222.0,
      "transaction_type": "CREDIT",
      "bank_name": "SBI",
      "account_number": "9032469685874",
      "balance": 280062.0
    },
    {
      "transaction_date": "12-Dec-25\n(12-Dec-2025)",
      "description": "IMPS CR-VIKRAM",
      "amount": 1082.0,
      "transaction_type": "CREDIT",
      "bank_name": "SBI",
      "account_number": "9032469685874",
      "balance": 281144.0
    },
    {
      "transaction_date": "12-Dec-25\n(12-Dec-2025)",
      "description": "UPI-UBER INDIA-9432",
      "amount": 1896.0,
      "transaction_type": "CREDIT",
      "bank_name": "SBI",
      "account_number": "9032469685874",
      "balance": 279248.0
    },
    {
      "transaction_date": "12-Dec-25\n(12-Dec-2025)",
      "description": "POS PURCHASE-INDIAN OIL-6385",
      "amount": 1934.0,
      "transaction_type": "CREDIT",
      "bank_name": "SBI",
      "account_number": "9032469685874",
      "balance": 277314.0
    },
    {
      "transaction_date": "12-Dec-25\n(12-Dec-2025)",
      "description": "POS PURCHASE-DMART-7756",
      "amount": 3341.0,
      "transaction_type": "CREDIT",
      "bank_name": "SBI",
      "account_number": "9032469685874",
      "balance": 273973.0
    },
    {
      "transaction_date": "12-Dec-25\n(12-Dec-2025)",
      "description": "UPI-OLA CABS-5561",
      "amount": 184.0,
      "transaction_type": "CREDIT",
      "bank_name": "SBI",
      "account_number": "9032469685874",
      "balance": 273789.0
    },
    {
      "transaction_date": "12-Dec-25\n(12-Dec-2025)",
      "description": "RTGS-KAVITA-2071",
      "amount": 5542.0,
      "transaction_type": "CREDIT",
      "bank_name": "SBI",
      "account_number": "9032469685874",
      "balance": 268247.0
    },
    {
      "transaction_date": "12-Dec-25\n(12-Dec-2025)",
      "description": "UPI-BARBEQUE NATION-8400",
      "amount": 933.0,
      "transaction_type": "CREDIT",
      "bank_name": "SBI",
      "account_number": "9032469685874",
      "balance": 267314.0
    },
    {
      "transaction_date": "12-Dec-25\n(12-Dec-2025)",
      "description": "ATM WDL\nATM CASH 2767 JAIPUR MI ROAD",
      "amount": 7863.0,
      "transaction_type": "CREDIT",
      "bank_name": "SBI",
      "account_number": "9032469685874",
      "balance": 259451.0
    },
    {
      "transaction_date": "12-Dec-25\n(12-Dec-2025)",
      "description": "UPI-HOTSTAR-1075",
      "amount": 990.0,
      "transaction_type": "CREDIT",
      "bank_name": "SBI",
      "account_number": "9032469685874",
      "balance": 258461.0
    },
    {
      "transaction_date": "12-Dec-25\n(12-Dec-2025)",
      "description": "BILL PAYMENT-ELECTRICITY BILL",
      "amount": 862.0,
      "transaction_type": "CREDIT",
      "bank_name": "SBI",
      "account_number": "9032469685874",
      "balance": 257599.0
    },
    {
      "transaction_date": "13-Dec-25\n(13-Dec-2025)",
      "description": "UPI-TATA SKY-",
      "amount": 2824.0,
      "transaction_type": "CREDIT",
      "bank_name": "SBI",
      "account_number": "9032469685874",
      "balance": 254775.0
    },
    {
      "transaction_date": "13-Dec-25\n(13-Dec-2025)",
      "description": "UPI-RAPIDO-1236",
      "amount": 109.0,
      "transaction_type": "CREDIT",
      "bank_name": "SBI",
      "account_number": "9032469685874",
      "balance": 254666.0
    },
    {
      "transaction_date": "13-Dec-25\n(13-Dec-2025)",
      "description": "NEFT CR-ANJALI",
      "amount": 3569.0,
      "transaction_type": "CREDIT",
      "bank_name": "SBI",
      "account_number": "9032469685874",
      "balance": 258235.0
    },
    {
      "transaction_date": "13-Dec-25\n(13-Dec-2025)",
      "description": "UPI-VENKAT-7139",
      "amount": 15495.0,
      "transaction_type": "CREDIT",
      "bank_name": "SBI",
      "account_number": "9032469685874",
      "balance": 242740.0
    },
    {
      "transaction_date": "13-Dec-25\n(13-Dec-2025)",
      "description": "POS PURCHASE-SPENCERS-6875",
      "amount": 4637.0,
      "transaction_type": "CREDIT",
      "bank_name": "SBI",
      "account_number": "9032469685874",
      "balance": 238103.0
    },
    {
      "transaction_date": "13-Dec-25\n(13-Dec-2025)",
      "description": "UPI-KFC-6401",
      "amount": 828.0,
      "transaction_type": "CREDIT",
      "bank_name": "SBI",
      "account_number": "9032469685874",
      "balance": 237275.0
    },
    {
      "transaction_date": "13-Dec-25\n(13-Dec-2025)",
      "description": "UPI-MEESHO-3632",
      "amount": 7934.0,
      "transaction_type": "CREDIT",
      "bank_name": "SBI",
      "account_number": "9032469685874",
      "balance": 229341.0
    },
    {
      "transaction_date": "13-Dec-25\n(13-Dec-2025)",
      "description": "UPI-ZOMATO-8170",
      "amount": 1141.0,
      "transaction_type": "CREDIT",
      "bank_name": "SBI",
      "account_number": "9032469685874",
      "balance": 228200.0
    },
    {
      "transaction_date": "13-Dec-25\n(13-Dec-2025)",
      "description": "UPI-DOMINOS PIZZA-4270",
      "amount": 247.0,
      "transaction_type": "CREDIT",
      "bank_name": "SBI",
      "account_number": "9032469685874",
      "balance": 227953.0
    },
    {
      "transaction_date": "13-Dec-25\n(13-Dec-2025)",
      "description": "UPI-BIGBASKET-9105",
      "amount": 527.0,
      "transaction_type": "CREDIT",
      "bank_name": "SBI",
      "account_number": "9032469685874",
      "balance": 227426.0
    },
    {
      "transaction_date": "14-Dec-25\n(14-Dec-2025)",
      "description": "IMPS CR-PRIYA",
      "amount": 3688.0,
      "transaction_type": "CREDIT",
      "bank_name": "SBI",
      "account_number": "9032469685874",
      "balance": 231114.0
    },
    {
      "transaction_date": "14-Dec-25\n(14-Dec-2025)",
      "description": "UPI-SUBWAY-8091",
      "amount": 52.0,
      "transaction_type": "CREDIT",
      "bank_name": "SBI",
      "account_number": "9032469685874",
      "balance": 231062.0
    },
    {
      "transaction_date": "14-Dec-25\n(14-Dec-2025)",
      "description": "POS PURCHASE-SPENCERS-8293",
      "amount": 3969.0,
      "transaction_type": "CREDIT",
      "bank_name": "SBI",
      "account_number": "9032469685874",
      "balance": 227093.0
    },
    {
      "transaction_date": "14-Dec-25\n(14-Dec-2025)",
      "description": "UPI-AIRTEL FIBER-",
      "amount": 1193.0,
      "transaction_type": "CREDIT",
      "bank_name": "SBI",
      "account_number": "9032469685874",
      "balance": 225900.0
    },
    {
      "transaction_date": "14-Dec-25\n(14-Dec-2025)",
      "description": "POS PURCHASE-HOTEL 2019",
      "amount": 397.0,
      "transaction_type": "CREDIT",
      "bank_name": "SBI",
      "account_number": "9032469685874",
      "balance": 225503.0
    },
    {
      "transaction_date": "14-Dec-25\n(14-Dec-2025)",
      "description": "ATM WDL\nATM CASH 8376 NAGPUR SITABULDI",
      "amount": 1646.0,
      "transaction_type": "CREDIT",
      "bank_name": "SBI",
      "account_number": "9032469685874",
      "balance": 223857.0
    },
    {
      "transaction_date": "14-Dec-25\n(14-Dec-2025)",
      "description": "UPI-SONYLIV-7363",
      "amount": 217.0,
      "transaction_type": "CREDIT",
      "bank_name": "SBI",
      "account_number": "9032469685874",
      "balance": 223640.0
    },
    {
      "transaction_date": "14-Dec-25\n(14-Dec-2025)",
      "description": "UPI-SWIGGY-4502",
      "amount": 1338.0,
      "transaction_type": "CREDIT",
      "bank_name": "SBI",
      "account_number": "9032469685874",
      "balance": 222302.0
    },
    {
      "transaction_date": "14-Dec-25\n(14-Dec-2025)",
      "description": "UPI-OLA CABS-5229",
      "amount": 1872.0,
      "transaction_type": "CREDIT",
      "bank_name": "SBI",
      "account_number": "9032469685874",
      "balance": 220430.0
    },
    {
      "transaction_date": "14-Dec-25\n(14-Dec-2025)",
      "description": "BILL PAYMENT-GAS BILL",
      "amount": 2469.0,
      "transaction_type": "CREDIT",
      "bank_name": "SBI",
      "account_number": "9032469685874",
      "balance": 217961.0
    },
    {
      "transaction_date": "15-Dec-25\n(15-Dec-2025)",
      "description": "POS PURCHASE-DMART-3028",
      "amount": 4179.0,
      "transaction_type": "CREDIT",
      "bank_name": "SBI",
      "account_number": "9032469685874",
      "balance": 213782.0
    },
    {
      "transaction_date": "15-Dec-25\n(15-Dec-2025)",
      "description": "UPI-CAFE COFFEE DAY-6181",
      "amount": 465.0,
      "transaction_type": "CREDIT",
      "bank_name": "SBI",
      "account_number": "9032469685874",
      "balance": 213317.0
    },
    {
      "transaction_date": "15-Dec-25\n(15-Dec-2025)",
      "description": "ATM WDL\nATM CASH 6119 JAIPUR MI ROAD",
      "amount": 3062.0,
      "transaction_type": "CREDIT",
      "bank_name": "SBI",
      "account_number": "9032469685874",
      "balance": 210255.0
    },
    {
      "transaction_date": "15-Dec-25\n(15-Dec-2025)",
      "description": "BILL PAYMENT-GAS BILL",
      "amount": 943.0,
      "transaction_type": "CREDIT",
      "bank_name": "SBI",
      "account_number": "9032469685874",
      "balance": 209312.0
    },
    {
      "transaction_date": "15-Dec-25\n(15-Dec-2025)",
      "description": "UPI-MEESHO-2038",
      "amount": 11269.0,
      "transaction_type": "CREDIT",
      "bank_name": "SBI",
      "account_number": "9032469685874",
      "balance": 198043.0
    },
    {
      "transaction_date": "15-Dec-25\n(15-Dec-2025)",
      "description": "UPI-BARBEQUE NATION-1749",
      "amount": 1216.0,
      "transaction_type": "CREDIT",
      "bank_name": "SBI",
      "account_number": "9032469685874",
      "balance": 196827.0
    },
    {
      "transaction_date": "15-Dec-25\n(15-Dec-2025)",
      "description": "UPI-MEESHO-9923",
      "amount": 6566.0,
      "transaction_type": "CREDIT",
      "bank_name": "SBI",
      "account_number": "9032469685874",
      "balance": 190261.0
    },
    {
      "transaction_date": "15-Dec-25\n(15-Dec-2025)",
      "description": "CREDIT INTEREST",
      "amount": 481.0,
      "transaction_type": "CREDIT",
      "bank_name": "SBI",
      "account_number": "9032469685874",
      "balance": 190742.0
    },
    {
      "transaction_date": "15-Dec-25\n(15-Dec-2025)",
      "description": "UPI-STARBUCKS-7406",
      "amount": 1142.0,
      "transaction_type": "CREDIT",
      "bank_name": "SBI",
      "account_number": "9032469685874",
      "balance": 189600.0
    },
    {
      "transaction_date": "16-Dec-25\n(16-Dec-2025)",
      "description": "POS PURCHASE-MORE MEGASTORE-77",
      "amount": 4710.0,
      "transaction_type": "CREDIT",
      "bank_name": "SBI",
      "account_number": "9032469685874",
      "balance": 184890.0
    },
    {
      "transaction_date": "16-Dec-25\n(16-Dec-2025)",
      "description": "UPI-STARBUCKS-7688",
      "amount": 532.0,
      "transaction_type": "CREDIT",
      "bank_name": "SBI",
      "account_number": "9032469685874",
      "balance": 184358.0
    },
    {
      "transaction_date": "16-Dec-25\n(16-Dec-2025)",
      "description": "POS PURCHASE-BIG BAZAAR-6371",
      "amount": 4426.0,
      "transaction_type": "CREDIT",
      "bank_name": "SBI",
      "account_number": "9032469685874",
      "balance": 179932.0
    },
    {
      "transaction_date": "16-Dec-25\n(16-Dec-2025)",
      "description": "ATM WDL\nATM CASH 6215 CHANDIGARH SECTOR",
      "amount": 2060.0,
      "transaction_type": "CREDIT",
      "bank_name": "SBI",
      "account_number": "9032469685874",
      "balance": 177872.0
    },
    {
      "transaction_date": "16-Dec-25\n(16-Dec-2025)",
      "description": "RTGS-SWATI-9626",
      "amount": 41772.0,
      "transaction_type": "CREDIT",
      "bank_name": "SBI",
      "account_number": "9032469685874",
      "balance": 136100.0
    },
    {
      "transaction_date": "16-Dec-25\n(16-Dec-2025)",
      "description": "UPI-ZEE5-8973",
      "amount": 644.0,
      "transaction_type": "CREDIT",
      "bank_name": "SBI",
      "account_number": "9032469685874",
      "balance": 135456.0
    },
    {
      "transaction_date": "16-Dec-25\n(16-Dec-2025)",
      "description": "UPI-BOOKMYSHOW-1045",
      "amount": 661.0,
      "transaction_type": "CREDIT",
      "bank_name": "SBI",
      "account_number": "9032469685874",
      "balance": 134795.0
    },
    {
      "transaction_date": "16-Dec-25\n(16-Dec-2025)",
      "description": "IMPS-PAYTM-FASTAG8316",
      "amount": 183.0,
      "transaction_type": "CREDIT",
      "bank_name": "SBI",
      "account_number": "9032469685874",
      "balance": 134612.0
    },
    {
      "transaction_date": "16-Dec-25\n(16-Dec-2025)",
      "description": "UPI-KFC-4208",
      "amount": 1398.0,
      "transaction_type": "CREDIT",
      "bank_name": "SBI",
      "account_number": "9032469685874",
      "balance": 133214.0
    },
    {
      "transaction_date": "17-Dec-25\n(17-Dec-2025)",
      "description": "POS PURCHASE-PANTALOONS-4939",
      "amount": 1424.0,
      "transaction_type": "CREDIT",
      "bank_name": "SBI",
      "account_number": "9032469685874",
      "balance": 131790.0
    },
    {
      "transaction_date": "17-Dec-25\n(17-Dec-2025)",
      "description": "POS PURCHASE-DMART-8257",
      "amount": 2338.0,
      "transaction_type": "CREDIT",
      "bank_name": "SBI",
      "account_number": "9032469685874",
      "balance": 129452.0
    },
    {
      "transaction_date": "17-Dec-25\n(17-Dec-2025)",
      "description": "ATM WDL\nATM CASH 9948 CHANDIGARH SECTOR",
      "amount": 7555.0,
      "transaction_type": "CREDIT",
      "bank_name": "SBI",
      "account_number": "9032469685874",
      "balance": 121897.0
    },
    {
      "transaction_date": "17-Dec-25\n(17-Dec-2025)",
      "description": "UPI-BARBEQUE NATION-7985",
      "amount": 1454.0,
      "transaction_type": "CREDIT",
      "bank_name": "SBI",
      "account_number": "9032469685874",
      "balance": 120443.0
    },
    {
      "transaction_date": "17-Dec-25\n(17-Dec-2025)",
      "description": "ATM WDL\nATM CASH 6593 INDORE VIJAY NAGAR",
      "amount": 6096.0,
      "transaction_type": "CREDIT",
      "bank_name": "SBI",
      "account_number": "9032469685874",
      "balance": 114347.0
    },
    {
      "transaction_date": "17-Dec-25\n(17-Dec-2025)",
      "description": "UPI-STARBUCKS-1929",
      "amount": 1469.0,
      "transaction_type": "CREDIT",
      "bank_name": "SBI",
      "account_number": "9032469685874",
      "balance": 112878.0
    },
    {
      "transaction_date": "17-Dec-25\n(17-Dec-2025)",
      "description": "IMPS CR-RAMESH",
      "amount": 521.0,
      "transaction_type": "CREDIT",
      "bank_name": "SBI",
      "account_number": "9032469685874",
      "balance": 113399.0
    },
    {
      "transaction_date": "17-Dec-25\n(17-Dec-2025)",
      "description": "IMPS CR-MEERA",
      "amount": 985.0,
      "transaction_type": "CREDIT",
      "bank_name": "SBI",
      "account_number": "9032469685874",
      "balance": 114384.0
    },
    {
      "transaction_date": "17-Dec-25\n(17-Dec-2025)",
      "description": "BILL PAYMENT-WATER BILL",
      "amount": 1862.0,
      "transaction_type": "CREDIT",
      "bank_name": "SBI",
      "account_number": "9032469685874",
      "balance": 112522.0
    },
    {
      "transaction_date": "17-Dec-25\n(17-Dec-2025)",
      "description": "UPI-ZOMATO-4509",
      "amount": 780.0,
      "transaction_type": "CREDIT",
      "bank_name": "SBI",
      "account_number": "9032469685874",
      "balance": 111742.0
    },
    {
      "transaction_date": "17-Dec-25\n(17-Dec-2025)",
      "description": "UPI-TATA SKY-",
      "amount": 2917.0,
      "transaction_type": "CREDIT",
      "bank_name": "SBI",
      "account_number": "9032469685874",
      "balance": 108825.0
    },
    {
      "transaction_date": "18-Dec-25\n(18-Dec-2025)",
      "description": "UPI CR-DEEPIKA",
      "amount": 899.0,
      "transaction_type": "CREDIT",
      "bank_name": "SBI",
      "account_number": "9032469685874",
      "balance": 109724.0
    },
    {
      "transaction_date": "18-Dec-25\n(18-Dec-2025)",
      "description": "POS PURCHASE-SHOPPERS STOP-5526",
      "amount": 7403.0,
      "transaction_type": "CREDIT",
      "bank_name": "SBI",
      "account_number": "9032469685874",
      "balance": 102321.0
    },
    {
      "transaction_date": "18-Dec-25\n(18-Dec-2025)",
      "description": "UPI-IRCTC-8141",
      "amount": 547.0,
      "transaction_type": "CREDIT",
      "bank_name": "SBI",
      "account_number": "9032469685874",
      "balance": 101774.0
    },
    {
      "transaction_date": "18-Dec-25\n(18-Dec-2025)",
      "description": "POS PURCHASE-HOTEL 1351",
      "amount": 515.0,
      "transaction_type": "CREDIT",
      "bank_name": "SBI",
      "account_number": "9032469685874",
      "balance": 101259.0
    },
    {
      "transaction_date": "18-Dec-25\n(18-Dec-2025)",
      "description": "UPI-UBER INDIA-9671",
      "amount": 301.0,
      "transaction_type": "CREDIT",
      "bank_name": "SBI",
      "account_number": "9032469685874",
      "balance": 100958.0
    },
    {
      "transaction_date": "18-Dec-25\n(18-Dec-2025)",
      "description": "POS PURCHASE-HOTEL 6985",
      "amount": 775.0,
      "transaction_type": "CREDIT",
      "bank_name": "SBI",
      "account_number": "9032469685874",
      "balance": 100183.0
    },
    {
      "transaction_date": "18-Dec-25\n(18-Dec-2025)",
      "description": "UPI-BOOKMYSHOW-2531",
      "amount": 100.0,
      "transaction_type": "CREDIT",
      "bank_name": "SBI",
      "account_number": "9032469685874",
      "balance": 100083.0
    },
    {
      "transaction_date": "19-Dec-25\n(19-Dec-2025)",
      "description": "UPI-AJIO-7035",
      "amount": 13432.0,
      "transaction_type": "CREDIT",
      "bank_name": "SBI",
      "account_number": "9032469685874",
      "balance": 86651.0
    },
    {
      "transaction_date": "19-Dec-25\n(19-Dec-2025)",
      "description": "SALARY CREDIT-SWATI",
      "amount": 4046.0,
      "transaction_type": "CREDIT",
      "bank_name": "SBI",
      "account_number": "9032469685874",
      "balance": 90697.0
    },
    {
      "transaction_date": "19-Dec-25\n(19-Dec-2025)",
      "description": "UPI-ZOMATO-5489",
      "amount": 1350.0,
      "transaction_type": "CREDIT",
      "bank_name": "SBI",
      "account_number": "9032469685874",
      "balance": 89347.0
    },
    {
      "transaction_date": "19-Dec-25\n(19-Dec-2025)",
      "description": "ATM WDL\nATM CASH 6704 INDORE VIJAY NAGAR",
      "amount": 7050.0,
      "transaction_type": "CREDIT",
      "bank_name": "SBI",
      "account_number": "9032469685874",
      "balance": 82297.0
    },
    {
      "transaction_date": "19-Dec-25\n(19-Dec-2025)",
      "description": "UPI CR-POOJA",
      "amount": 3005.0,
      "transaction_type": "CREDIT",
      "bank_name": "SBI",
      "account_number": "9032469685874",
      "balance": 85302.0
    },
    {
      "transaction_date": "19-Dec-25\n(19-Dec-2025)",
      "description": "POS PURCHASE-RESTAURANT 2740",
      "amount": 1069.0,
      "transaction_type": "CREDIT",
      "bank_name": "SBI",
      "account_number": "9032469685874",
      "balance": 84233.0
    },
    {
      "transaction_date": "19-Dec-25\n(19-Dec-2025)",
      "description": "POS PURCHASE-BHARAT PETROLEUM-",
      "amount": 530.0,
      "transaction_type": "CREDIT",
      "bank_name": "SBI",
      "account_number": "9032469685874",
      "balance": 83703.0
    },
    {
      "transaction_date": "19-Dec-25\n(19-Dec-2025)",
      "description": "NEFT CR-SNEHA",
      "amount": 3415.0,
      "transaction_type": "CREDIT",
      "bank_name": "SBI",
      "account_number": "9032469685874",
      "balance": 87118.0
    },
    {
      "transaction_date": "19-Dec-25\n(19-Dec-2025)",
      "description": "POS PURCHASE-INOX-3211",
      "amount": 686.0,
      "transaction_type": "CREDIT",
      "bank_name": "SBI",
      "account_number": "9032469685874",
      "balance": 86432.0
    },
    {
      "transaction_date": "19-Dec-25\n(19-Dec-2025)",
      "description": "UPI-RAPIDO-4492",
      "amount": 1347.0,
      "transaction_type": "CREDIT",
      "bank_name": "SBI",
      "account_number": "9032469685874",
      "balance": 85085.0
    },
    {
      "transaction_date": "19-Dec-25\n(19-Dec-2025)",
      "description": "POS PURCHASE-RAILWAY TICKET-3160",
      "amount": 1469.0,
      "transaction_type": "CREDIT",
      "bank_name": "SBI",
      "account_number": "9032469685874",
      "balance": 83616.0
    },
    {
      "transaction_date": "19-Dec-25\n(19-Dec-2025)",
      "description": "ATM WDL\nATM CASH 6493 JAIPUR MI ROAD",
      "amount": 7049.0,
      "transaction_type": "CREDIT",
      "bank_name": "SBI",
      "account_number": "9032469685874",
      "balance": 76567.0
    },
    {
      "transaction_date": "20-Dec-25\n(20-Dec-2025)",
      "description": "UPI-BOOKMYSHOW-2506",
      "amount": 381.0,
      "transaction_type": "CREDIT",
      "bank_name": "SBI",
      "account_number": "9032469685874",
      "balance": 76186.0
    },
    {
      "transaction_date": "20-Dec-25\n(20-Dec-2025)",
      "description": "UPI-MYNTRA-5339",
      "amount": 4113.0,
      "transaction_type": "CREDIT",
      "bank_name": "SBI",
      "account_number": "9032469685874",
      "balance": 72073.0
    },
    {
      "transaction_date": "20-Dec-25\n(20-Dec-2025)",
      "description": "POS PURCHASE-MORE MEGASTORE-75",
      "amount": 248.0,
      "transaction_type": "CREDIT",
      "bank_name": "SBI",
      "account_number": "9032469685874",
      "balance": 71825.0
    },
    {
      "transaction_date": "20-Dec-25\n(20-Dec-2025)",
      "description": "RTGS-VIKRAM-7667",
      "amount": 35695.0,
      "transaction_type": "CREDIT",
      "bank_name": "SBI",
      "account_number": "9032469685874",
      "balance": 36130.0
    },
    {
      "transaction_date": "20-Dec-25\n(20-Dec-2025)",
      "description": "UPI-MEESHO-1675",
      "amount": 11456.0,
      "transaction_type": "CREDIT",
      "bank_name": "SBI",
      "account_number": "9032469685874",
      "balance": 24674.0
    },
    {
      "transaction_date": "20-Dec-25\n(20-Dec-2025)",
      "description": "SALARY CREDIT-PRIYA",
      "amount": 2303.0,
      "transaction_type": "CREDIT",
      "bank_name": "SBI",
      "account_number": "9032469685874",
      "balance": 26977.0
    },
    {
      "transaction_date": "20-Dec-25\n(20-Dec-2025)",
      "description": "UPI-CAFE COFFEE DAY-9274",
      "amount": 1391.0,
      "transaction_type": "CREDIT",
      "bank_name": "SBI",
      "account_number": "9032469685874",
      "balance": 25586.0
    },
    {
      "transaction_date": "20-Dec-25\n(20-Dec-2025)",
      "description": "SALARY CREDIT-VENKAT",
      "amount": 1251.0,
      "transaction_type": "CREDIT",
      "bank_name": "SBI",
      "account_number": "9032469685874",
      "balance": 26837.0
    },
    {
      "transaction_date": "20-Dec-25\n(20-Dec-2025)",
      "description": "ATM WDL\nATM CASH 8985 CHANDIGARH SECTOR",
      "amount": 9062.0,
      "transaction_type": "CREDIT",
      "bank_name": "SBI",
      "account_number": "9032469685874",
      "balance": 17775.0
    },
    {
      "transaction_date": "20-Dec-25\n(20-Dec-2025)",
      "description": "UPI-ZEE5-8842",
      "amount": 366.0,
      "transaction_type": "CREDIT",
      "bank_name": "SBI",
      "account_number": "9032469685874",
      "balance": 17409.0
    },
    {
      "transaction_date": "20-Dec-25\n(20-Dec-2025)",
      "description": "UPI-ZOMATO-8844",
      "amount": 335.0,
      "transaction_type": "CREDIT",
      "bank_name": "SBI",
      "account_number": "9032469685874",
      "balance": 17074.0
    },
    {
      "transaction_date": "20-Dec-25\n(20-Dec-2025)",
      "description": "NEFT CR-NISHA",
      "amount": 31393.0,
      "transaction_type": "CREDIT",
      "bank_name": "SBI",
      "account_number": "9032469685874",
      "balance": 48467.0
    },
    {
      "transaction_date": "20-Dec-25\n(20-Dec-2025)",
      "description": "NEFT-POOJA-3053",
      "amount": 35959.0,
      "transaction_type": "CREDIT",
      "bank_name": "SBI",
      "account_number": "9032469685874",
      "balance": 12508.0
    },
    {
      "transaction_date": "21-Dec-25\n(21-Dec-2025)",
      "description": "BILL PAYMENT-WATER BILL",
      "amount": 1038.0,
      "transaction_type": "CREDIT",
      "bank_name": "SBI",
      "account_number": "9032469685874",
      "balance": 11470.0
    },
    {
      "transaction_date": "21-Dec-25\n(21-Dec-2025)",
      "description": "UPI-STARBUCKS-1396",
      "amount": 346.0,
      "transaction_type": "CREDIT",
      "bank_name": "SBI",
      "account_number": "9032469685874",
      "balance": 11124.0
    },
    {
      "transaction_date": "21-Dec-25\n(21-Dec-2025)",
      "description": "UPI-STARBUCKS-3692",
      "amount": 853.0,
      "transaction_type": "CREDIT",
      "bank_name": "SBI",
      "account_number": "9032469685874",
      "balance": 10271.0
    },
    {
      "transaction_date": "21-Dec-25\n(21-Dec-2025)",
      "description": "UPI-MEESHO-3237",
      "amount": 4563.0,
      "transaction_type": "CREDIT",
      "bank_name": "SBI",
      "account_number": "9032469685874",
      "balance": 5708.0
    },
    {
      "transaction_date": "21-Dec-25\n(21-Dec-2025)",
      "description": "UPI-GROFERS-1078",
      "amount": 728.0,
      "transaction_type": "CREDIT",
      "bank_name": "SBI",
      "account_number": "9032469685874",
      "balance": 4980.0
    },
    {
      "transaction_date": "21-Dec-25\n(21-Dec-2025)",
      "description": "NEFT CR-NISHA",
      "amount": 17970.0,
      "transaction_type": "CREDIT",
      "bank_name": "SBI",
      "account_number": "9032469685874",
      "balance": 22950.0
    },
    {
      "transaction_date": "21-Dec-25\n(21-Dec-2025)",
      "description": "POS PURCHASE-LIFESTYLE-8536",
      "amount": 9891.0,
      "transaction_type": "CREDIT",
      "bank_name": "SBI",
      "account_number": "9032469685874",
      "balance": 13059.0
    },
    {
      "transaction_date": "21-Dec-25\n(21-Dec-2025)",
      "description": "POS PURCHASE-PANTALOONS-8487",
      "amount": 1413.0,
      "transaction_type": "CREDIT",
      "bank_name": "SBI",
      "account_number": "9032469685874",
      "balance": 11646.0
    },
    {
      "transaction_date": "21-Dec-25\n(21-Dec-2025)",
      "description": "UPI-OLA CABS-6886",
      "amount": 539.0,
      "transaction_type": "CREDIT",
      "bank_name": "SBI",
      "account_number": "9032469685874",
      "balance": 11107.0
    },
    {
      "transaction_date": "21-Dec-25\n(21-Dec-2025)",
      "description": "UPI-AIRTEL FIBER-",
      "amount": 806.0,
      "transaction_type": "CREDIT",
      "bank_name": "SBI",
      "account_number": "9032469685874",
      "balance": 10301.0
    },
    {
      "transaction_date": "21-Dec-25\n(21-Dec-2025)",
      "description": "CREDIT INTEREST",
      "amount": 160.0,
      "transaction_type": "CREDIT",
      "bank_name": "SBI",
      "account_number": "9032469685874",
      "balance": 10461.0
    },
    {
      "transaction_date": "22-Dec-25\n(22-Dec-2025)",
      "description": "ATM WDL\nATM CASH 7295 AHMEDABAD NAVRANG",
      "amount": 6706.0,
      "transaction_type": "CREDIT",
      "bank_name": "SBI",
      "account_number": "9032469685874",
      "balance": 3755.0
    },
    {
      "transaction_date": "22-Dec-25\n(22-Dec-2025)",
      "description": "UPI-CAFE COFFEE DAY-8614",
      "amount": 1360.0,
      "transaction_type": "CREDIT",
      "bank_name": "SBI",
      "account_number": "9032469685874",
      "balance": 2395.0
    },
    {
      "transaction_date": "22-Dec-25\n(22-Dec-2025)",
      "description": "UPI-STARBUCKS-5056",
      "amount": 510.0,
      "transaction_type": "CREDIT",
      "bank_name": "SBI",
      "account_number": "9032469685874",
      "balance": 1885.0
    },
    {
      "transaction_date": "22-Dec-25\n(22-Dec-2025)",
      "description": "UPI-STARBUCKS-9850",
      "amount": 1450.0,
      "transaction_type": "CREDIT",
      "bank_name": "SBI",
      "account_number": "9032469685874",
      "balance": 435.0
    },
    {
      "transaction_date": "22-Dec-25\n(22-Dec-2025)",
      "description": "NEFT CR-SACHIN",
      "amount": 5400.0,
      "transaction_type": "CREDIT",
      "bank_name": "SBI",
      "account_number": "9032469685874",
      "balance": 5835.0
    },
    {
      "transaction_date": "22-Dec-25\n(22-Dec-2025)",
      "description": "UPI-BARBEQUE NATION-9785",
      "amount": 542.0,
      "transaction_type": "CREDIT",
      "bank_name": "SBI",
      "account_number": "9032469685874",
      "balance": 5293.0
    },
    {
      "transaction_date": "22-Dec-25\n(22-Dec-2025)",
      "description": "IMPS-DEEPIKA-4245",
      "amount": 3224.0,
      "transaction_type": "CREDIT",
      "bank_name": "SBI",
      "account_number": "9032469685874",
      "balance": 2069.0
    },
    {
      "transaction_date": "22-Dec-25\n(22-Dec-2025)",
      "description": "POS PURCHASE-HP PETROL-2927",
      "amount": 1768.0,
      "transaction_type": "CREDIT",
      "bank_name": "SBI",
      "account_number": "9032469685874",
      "balance": 301.0
    },
    {
      "transaction_date": "22-Dec-25\n(22-Dec-2025)",
      "description": "NEFT CR-POOJA",
      "amount": 12451.0,
      "transaction_type": "CREDIT",
      "bank_name": "SBI",
      "account_number": "9032469685874",
      "balance": 12752.0
    },
    {
      "transaction_date": "22-Dec-25\n(22-Dec-2025)",
      "description": "UPI-CAFE COFFEE DAY-2186",
      "amount": 1257.0,
      "transaction_type": "CREDIT",
      "bank_name": "SBI",
      "account_number": "9032469685874",
      "balance": 11495.0
    },
    {
      "transaction_date": "23-Dec-25\n(23-Dec-2025)",
      "description": "ATM WDL\nATM CASH 5659 CHANDIGARH SECTOR",
      "amount": 1475.0,
      "transaction_type": "CREDIT",
      "bank_name": "SBI",
      "account_number": "9032469685874",
      "balance": 10020.0
    },
    {
      "transaction_date": "23-Dec-25\n(23-Dec-2025)",
      "description": "NEFT CR-RAJESH",
      "amount": 2899.0,
      "transaction_type": "CREDIT",
      "bank_name": "SBI",
      "account_number": "9032469685874",
      "balance": 12919.0
    },
    {
      "transaction_date": "24-Dec-25\n(24-Dec-2025)",
      "description": "UPI-MCDONALDS-6089",
      "amount": 551.0,
      "transaction_type": "CREDIT",
      "bank_name": "SBI",
      "account_number": "9032469685874",
      "balance": 12368.0
    },
    {
      "transaction_date": "24-Dec-25\n(24-Dec-2025)",
      "description": "UPI-FLIPKART-5776",
      "amount": 10997.0,
      "transaction_type": "CREDIT",
      "bank_name": "SBI",
      "account_number": "9032469685874",
      "balance": 1371.0
    },
    {
      "transaction_date": "24-Dec-25\n(24-Dec-2025)",
      "description": "SALARY CREDIT-DEEPIKA",
      "amount": 2851.0,
      "transaction_type": "CREDIT",
      "bank_name": "SBI",
      "account_number": "9032469685874",
      "balance": 4222.0
    },
    {
      "transaction_date": "24-Dec-25\n(24-Dec-2025)",
      "description": "UPI-OLA CABS-1765",
      "amount": 1718.0,
      "transaction_type": "CREDIT",
      "bank_name": "SBI",
      "account_number": "9032469685874",
      "balance": 2504.0
    },
    {
      "transaction_date": "24-Dec-25\n(24-Dec-2025)",
      "description": "UPI-OLA CABS-3055",
      "amount": 1356.0,
      "transaction_type": "CREDIT",
      "bank_name": "SBI",
      "account_number": "9032469685874",
      "balance": 1148.0
    },
    {
      "transaction_date": "24-Dec-25\n(24-Dec-2025)",
      "description": "NEFT CR-MANOJ",
      "amount": 9595.0,
      "transaction_type": "CREDIT",
      "bank_name": "SBI",
      "account_number": "9032469685874",
      "balance": 10743.0
    },
    {
      "transaction_date": "24-Dec-25\n(24-Dec-2025)",
      "description": "UPI-OLA CABS-9579",
      "amount": 1310.0,
      "transaction_type": "CREDIT",
      "bank_name": "SBI",
      "account_number": "9032469685874",
      "balance": 9433.0
    },
    {
      "transaction_date": "24-Dec-25\n(24-Dec-2025)",
      "description": "NEFT CR-PRIYA",
      "amount": 24117.0,
      "transaction_type": "CREDIT",
      "bank_name": "SBI",
      "account_number": "9032469685874",
      "balance": 33550.0
    },
    {
      "transaction_date": "24-Dec-25\n(24-Dec-2025)",
      "description": "NEFT-DIVYA-8969",
      "amount": 17642.0,
      "transaction_type": "CREDIT",
      "bank_name": "SBI",
      "account_number": "9032469685874",
      "balance": 15908.0
    },
    {
      "transaction_date": "24-Dec-25\n(24-Dec-2025)",
      "description": "ATM WDL\nATM CASH 5281 NAGPUR SITABULDI",
      "amount": 1372.0,
      "transaction_type": "CREDIT",
      "bank_name": "SBI",
      "account_number": "9032469685874",
      "balance": 14536.0
    },
    {
      "transaction_date": "24-Dec-25\n(24-Dec-2025)",
      "description": "UPI-ZOMATO-8556",
      "amount": 703.0,
      "transaction_type": "CREDIT",
      "bank_name": "SBI",
      "account_number": "9032469685874",
      "balance": 13833.0
    },
    {
      "transaction_date": "24-Dec-25\n(24-Dec-2025)",
      "description": "UPI-STARBUCKS-4968",
      "amount": 757.0,
      "transaction_type": "CREDIT",
      "bank_name": "SBI",
      "account_number": "9032469685874",
      "balance": 13076.0
    },
    {
      "transaction_date": "24-Dec-25\n(24-Dec-2025)",
      "description": "POS PURCHASE-INDIAN OIL-9921",
      "amount": 1720.0,
      "transaction_type": "CREDIT",
      "bank_name": "SBI",
      "account_number": "9032469685874",
      "balance": 11356.0
    },
    {
      "transaction_date": "24-Dec-25\n(24-Dec-2025)",
      "description": "UPI-BIGBASKET-9030",
      "amount": 1252.0,
      "transaction_type": "CREDIT",
      "bank_name": "SBI",
      "account_number": "9032469685874",
      "balance": 10104.0
    },
    {
      "transaction_date": "24-Dec-25\n(24-Dec-2025)",
      "description": "POS PURCHASE-MORE MEGASTORE-44",
      "amount": 2214.0,
      "transaction_type": "CREDIT",
      "bank_name": "SBI",
      "account_number": "9032469685874",
      "balance": 7890.0
    }
  ]
}