{
  "bank_name": "CENTRAL",
  "account_number": "5048110686",
  "account_holder": "Mr. RAJESH JOSHI",
  "statement_period": "Available in Statement",
  "transactions": [
    {
      "transaction_date": "2025-10-18",
      "description": "TO TRF.- UPI RRN 488415537787.TRF TO UBER",
      "amount": 110.39,
      "transaction_type": "DEBIT",
      "bank_name": "CENTRAL",
      "account_number": "5048110686",
      "balance": 141024.44
    },
    {
      "transaction_date": "2025-10-18",
      "description": "TO TRF.- UPI RRN 408009632811.TRF TO AMAZON PRIME",
      "amount": 1427.15,
      "transaction_type": "DEBIT",
      "bank_name": "CENTRAL",
      "account_number": "5048110686",
      "balance": 139597.29
    },
    {
      "transaction_date": "2025-10-18",
      "description": "TO TRF.- UPI RRN 451322853997.TRF TO GAS CYLINDER",
      "amount": 935.48,
      "transaction_type": "DEBIT",
      "bank_name": "CENTRAL",
      "account_number": "5048110686",
      "balance": 138661.81
    },
    {
      "transaction_date": "2025-10-18",
      "description": "TO TRF.- UPI RRN 442268219858.TRF TO WESTSIDE",
      "amount": 2322.57,
      "transaction_type": "DEBIT",
      "bank_name": "CENTRAL",
      "account_number": "5048110686",
      "balance": 136339.24
    },
    {
      "transaction_date": "2025-10-18",
      "description": "TO TRF.- UPI RRN 468275250509.TRF TO BOOK STORE",
      "amount": 646.29,
      "transaction_type": "DEBIT",
      "bank_name": "CENTRAL",
      "account_number": "5048110686",
      "balance": 135692.95
    },
    {
      "transaction_date": "2025-10-18",
      "description": "TO TRF.- UPI RRN 408380301301.TRF TO SPOTIFY",
      "amount": 119.0,
      "transaction_type": "DEBIT",
      "bank_name": "CENTRAL",
      "account_number": "5048110686",
      "balance": 135573.95
    },
    {
      "transaction_date": "2025-10-18",
      "description": "TO TRF.- UPI RRN 475779226812.TRF TO SWIGGY",
      "amount": 689.81,
      "transaction_type": "DEBIT",
      "bank_name": "CENTRAL",
      "account_number": "5048110686",
      "balance": 134884.14
    },
    {
      "transaction_date": "2025-10-19",
      "description": "TO TRF.- UPI RRN 446434759657.TRF TO BOOK MY SHOW",
      "amount": 426.57,
      "transaction_type": "DEBIT",
      "bank_name": "CENTRAL",
      "account_number": "5048110686",
      "balance": 134457.57
    },
    {
      "transaction_date": "2025-10-19",
      "description": "TO TRF.- UPI RRN 494427590031.TRF TO BHARAT PETROLEUM",
      "amount": 2185.86,
      "transaction_type": "DEBIT",
      "bank_name": "CENTRAL",
      "account_number": "5048110686",
      "balance": 132271.71
    },
    {
      "transaction_date": "2025-10-20",
      "description": "TO TRF.- UPI RRN 440395381711.TRF TO GOIBIBO",
      "amount": 4826.27,
      "transaction_type": "DEBIT",
      "bank_name": "CENTRAL",
      "account_number": "5048110686",
      "balance": 127445.44
    },
    {
      "transaction_date": "2025-10-20",
      "description": "TO TRF.- UPI RRN 495544052881.TRF TO GYM MEMBERSHIP",
      "amount": 1249.73,
      "transaction_type": "DEBIT",
      "bank_name": "CENTRAL",
      "account_number": "5048110686",
      "balance": 126195.71
    },
    {
      "transaction_date": "2025-10-20",
      "description": "TO TRF.- UPI RRN 498894977789.TRF TO PANTALOONS",
      "amount": 1173.3,
      "transaction_type": "DEBIT",
      "bank_name": "CENTRAL",
      "account_number": "5048110686",
      "balance": 125022.41
    },
    {
      "transaction_date": "2025-10-20",
      "description": "TO TRF.- UPI RRN 484700813615.TRF TO JIO FIBER",
      "amount": 1192.47,
      "transaction_type": "DEBIT",
      "bank_name": "CENTRAL",
      "account_number": "5048110686",
      "balance": 123829.94
    },
    {
      "transaction_date": "2025-10-20",
      "description": "TO TRF.- UPI RRN 473992749045.TRF TO PHARMACY",
      "amount": 671.81,
      "transaction_type": "DEBIT",
      "bank_name": "CENTRAL",
      "account_number": "5048110686",
      "balance": 123158.13
    },
    {
      "transaction_date": "2025-10-20",
      "description": "TO TRF.- UPI RRN 440812216482.TRF TO DTH RECHARGE",
      "amount": 304.35,
      "transaction_type": "DEBIT",
      "bank_name": "CENTRAL",
      "account_number": "5048110686",
      "balance": 122853.78
    },
    {
      "transaction_date": "2025-10-20",
      "description": "TO TRF.- UPI RRN 446118863430.CTARRFR ITEOD RFEONRTW PAARYDM :ENT",
      "amount": 94973.22,
      "transaction_type": "DEBIT",
      "bank_name": "CENTRAL",
      "account_number": "5048110686",
      "balance": 94378.76
    },
    {
      "transaction_date": "2025-10-20",
      "description": "TO TRF.- UPI RRN 458904469213.TRF TO INOX",
      "amount": 594.46,
      "transaction_type": "DEBIT",
      "bank_name": "CENTRAL",
      "account_number": "5048110686",
      "balance": 94378.76
    },
    {
      "transaction_date": "2025-10-21",
      "description": "TO TRF.- UPI RRN 417145029356.TRF TO YOUTUBE PREMIUM",
      "amount": 129.0,
      "transaction_type": "DEBIT",
      "bank_name": "CENTRAL",
      "account_number": "5048110686",
      "balance": 94249.76
    },
    {
      "transaction_date": "2025-10-21",
      "description": "TO TRF.- UPI RRN 498130098774.TRF TO GAS CYLINDER",
      "amount": 838.64,
      "transaction_type": "DEBIT",
      "bank_name": "CENTRAL",
      "account_number": "5048110686",
      "balance": 93411.12
    },
    {
      "transaction_date": "2025-10-21",
      "description": "TO TRF.- UPI RRN 410008564792.TRF TO PHARMACY",
      "amount": 1093.22,
      "transaction_type": "DEBIT",
      "bank_name": "CENTRAL",
      "account_number": "5048110686",
      "balance": 92317.9
    },
    {
      "transaction_date": "2025-10-21",
      "description": "TO TRF.- UPI RRN 478713650945.TRF TO HALDIRAMS",
      "amount": 285.67,
      "transaction_type": "DEBIT",
      "bank_name": "CENTRAL",
      "account_number": "5048110686",
      "balance": 92032.23
    },
    {
      "transaction_date": "2025-10-21",
      "description": "TO TRF.- UPI RRN 461099988642.TRF TO AMAZON",
      "amount": 639.46,
      "transaction_type": "DEBIT",
      "bank_name": "CENTRAL",
      "account_number": "5048110686",
      "balance": 91392.77
    },
    {
      "transaction_date": "2025-10-21",
      "description": "TO TRF.- UPI RRN 427191497580.TRF TO MORE MEGASTORE",
      "amount": 777.72,
      "transaction_type": "DEBIT",
      "bank_name": "CENTRAL",
      "account_number": "5048110686",
      "balance": 90615.05
    },
    {
      "transaction_date": "2025-10-21",
      "description": "TO TRF.- UPI RRN 492663251922.TRF TO SPENCERS",
      "amount": 2094.48,
      "transaction_type": "DEBIT",
      "bank_name": "CENTRAL",
      "account_number": "5048110686",
      "balance": 88520.57
    },
    {
      "transaction_date": "2025-10-21",
      "description": "TO TRF.- UPI RRN 435249014755.TRF TO SALON",
      "amount": 1001.33,
      "transaction_type": "DEBIT",
      "bank_name": "CENTRAL",
      "account_number": "5048110686",
      "balance": 87519.24
    },
    {
      "transaction_date": "2025-10-21",
      "description": "TO TRF.- UPI RRN 411171435559.TRF TO INDIAN OIL PETROL",
      "amount": 2038.25,
      "transaction_type": "DEBIT",
      "bank_name": "CENTRAL",
      "account_number": "5048110686",
      "balance": 85480.99
    },
    {
      "transaction_date": "2025-10-22",
      "description": "TO TRF.- UPI RRN 404206630027.TRF TO ZOMATO",
      "amount": 856.76,
      "transaction_type": "DEBIT",
      "bank_name": "CENTRAL",
      "account_number": "5048110686",
      "balance": 84624.23
    },
    {
      "transaction_date": "2025-10-22",
      "description": "TO TRF.- UPI RRN 452187120366.TRF TO BIG BAZAAR",
      "amount": 3333.28,
      "transaction_type": "DEBIT",
      "bank_name": "CENTRAL",
      "account_number": "5048110686",
      "balance": 81290.95
    },
    {
      "transaction_date": "2025-10-22",
      "description": "TO TRF.- UPI RRN 421619477953.TRF TO MAKEMYTRIP",
      "amount": 5373.36,
      "transaction_type": "DEBIT",
      "bank_name": "CENTRAL",
      "account_number": "5048110686",
      "balance": 75917.59
    },
    {
      "transaction_date": "2025-10-22",
      "description": "TO TRF.- UPI RRN 419630829309.TRF TO BOOK STORE",
      "amount": 313.96,
      "transaction_type": "DEBIT",
      "bank_name": "CENTRAL",
      "account_number": "5048110686",
      "balance": 75603.63
    },
    {
      "transaction_date": "2025-10-23",
      "description": "TO TRF.- UPI RRN 437720463693.TRF TO CAFE COFFEE DAY",
      "amount": 244.44,
      "transaction_type": "DEBIT",
      "bank_name": "CENTRAL",
      "account_number": "5048110686",
      "balance": 75359.19
    },
    {
      "transaction_date": "2025-10-23",
      "description": "TO TRF.- UPI RRN 461215833335.TRF TO IRCTC TRAIN BOOKING",
      "amount": 1738.65,
      "transaction_type": "DEBIT",
      "bank_name": "CENTRAL",
      "account_number": "5048110686",
      "balance": 73620.54
    },
    {
      "transaction_date": "2025-10-23",
      "description": "TO TRF.- UPI RRN 415816122665.TRF TO GAS CYLINDER",
      "amount": 968.23,
      "transaction_type": "DEBIT",
      "bank_name": "CENTRAL",
      "account_number": "5048110686",
      "balance": 72652.31
    },
    {
      "transaction_date": "2025-10-23",
      "description": "TO TRF.- UPI RRN 415943792564.TRF TO STARBUCKS",
      "amount": 173.45,
      "transaction_type": "DEBIT",
      "bank_name": "CENTRAL",
      "account_number": "5048110686",
      "balance": 72478.86
    },
    {
      "transaction_date": "2025-10-23",
      "description": "TO TRF.- UPI RRN 473418893741.CTARRFR ITEOD MFOOBRIWLEA RRDE C:HARGE",
      "amount": 71758.72,
      "transaction_type": "DEBIT",
      "bank_name": "CENTRAL",
      "account_number": "5048110686",
      "balance": 71561.43
    },
    {
      "transaction_date": "2025-10-23",
      "description": "TO TRF.- UPI RRN 474222979795.TRF TO CAFE COFFEE DAY",
      "amount": 197.29,
      "transaction_type": "DEBIT",
      "bank_name": "CENTRAL",
      "account_number": "5048110686",
      "balance": 71561.43
    },
    {
      "transaction_date": "2025-10-23",
      "description": "TO TRF.- UPI RRN 491122600339.TRF TO NETFLIX",
      "amount": 201.89,
      "transaction_type": "DEBIT",
      "bank_name": "CENTRAL",
      "account_number": "5048110686",
      "balance": 71359.54
    },
    {
      "transaction_date": "2025-10-23",
      "description": "BY TRF.- UPI RRN 421901144302.TRF FROM FRIEND",
      "amount": 3528.52,
      "transaction_type": "CREDIT",
      "bank_name": "CENTRAL",
      "account_number": "5048110686",
      "balance": 74888.06
    },
    {
      "transaction_date": "2025-10-24",
      "description": "TO TRF.- UPI RRN 441451349840.TRF TO YOUTUBE PREMIUM",
      "amount": 129.0,
      "transaction_type": "DEBIT",
      "bank_name": "CENTRAL",
      "account_number": "5048110686",
      "balance": 74759.06
    },
    {
      "transaction_date": "2025-10-24",
      "description": "TO TRF.- UPI RRN 458068096737.TRF TO HOTSTAR",
      "amount": 1441.05,
      "transaction_type": "DEBIT",
      "bank_name": "CENTRAL",
      "account_number": "5048110686",
      "balance": 73318.01
    },
    {
      "transaction_date": "2025-10-24",
      "description": "TO TRF.- UPI RRN 460837282112.TRF TO HALDIRAMS",
      "amount": 282.38,
      "transaction_type": "DEBIT",
      "bank_name": "CENTRAL",
      "account_number": "5048110686",
      "balance": 73035.63
    },
    {
      "transaction_date": "2025-10-24",
      "description": "TO TRF.- UPI RRN 473909292299.TRF TO JIO FIBER",
      "amount": 1142.21,
      "transaction_type": "DEBIT",
      "bank_name": "CENTRAL",
      "account_number": "5048110686",
      "balance": 71893.42
    },
    {
      "transaction_date": "2025-10-25",
      "description": "TO TRF.- UPI RRN 433793835736.TRF TO FLIPKART",
      "amount": 1636.16,
      "transaction_type": "DEBIT",
      "bank_name": "CENTRAL",
      "account_number": "5048110686",
      "balance": 70257.26
    },
    {
      "transaction_date": "2025-10-25",
      "description": "TO TRF.- UPI RRN 487661218176.TRF TO BOOK STORE",
      "amount": 304.9,
      "transaction_type": "DEBIT",
      "bank_name": "CENTRAL",
      "account_number": "5048110686",
      "balance": 69952.36
    },
    {
      "transaction_date": "2025-10-25",
      "description": "TO TRF.- UPI RRN 470010647592.TRF TO AJIO",
      "amount": 2180.85,
      "transaction_type": "DEBIT",
      "bank_name": "CENTRAL",
      "account_number": "5048110686",
      "balance": 67771.51
    },
    {
      "transaction_date": "2025-10-25",
      "description": "TO TRF.- UPI RRN 475668718524.TRF TO HOTSTAR",
      "amount": 601.34,
      "transaction_type": "DEBIT",
      "bank_name": "CENTRAL",
      "account_number": "5048110686",
      "balance": 67170.17
    },
    {
      "transaction_date": "2025-10-25",
      "description": "TO TRF.- UPI RRN 434503397120.TRF TO NETFLIX",
      "amount": 788.0,
      "transaction_type": "DEBIT",
      "bank_name": "CENTRAL",
      "account_number": "5048110686",
      "balance": 66382.17
    },
    {
      "transaction_date": "2025-10-25",
      "description": "TO TRF.- UPI RRN 476525244734.TRF TO GYM MEMBERSHIP",
      "amount": 2933.4,
      "transaction_type": "DEBIT",
      "bank_name": "CENTRAL",
      "account_number": "5048110686",
      "balance": 63448.77
    },
    {
      "transaction_date": "2025-10-25",
      "description": "TO TRF.- UPI RRN 426430636217.TRF TO AMAZON",
      "amount": 4007.01,
      "transaction_type": "DEBIT",
      "bank_name": "CENTRAL",
      "account_number": "5048110686",
      "balance": 59441.76
    },
    {
      "transaction_date": "2025-10-25",
      "description": "TO TRF.- UPI RRN 438432315322.TRF TO DTH RECHARGE",
      "amount": 593.07,
      "transaction_type": "DEBIT",
      "bank_name": "CENTRAL",
      "account_number": "5048110686",
      "balance": 58848.69
    },
    {
      "transaction_date": "2025-10-25",
      "description": "TO TRF.- UPI RRN 443485751149.TRF TO FLIPKART",
      "amount": 3553.99,
      "transaction_type": "DEBIT",
      "bank_name": "CENTRAL",
      "account_number": "5048110686",
      "balance": 55294.7
    },
    {
      "transaction_date": "2025-10-26",
      "description": "TO TRF.- UPI RRN 488681284385.TRF TO MYNTRA",
      "amount": 1605.31,
      "transaction_type": "DEBIT",
      "bank_name": "CENTRAL",
      "account_number": "5048110686",
      "balance": 53689.39
    },
    {
      "transaction_date": "2025-10-26",
      "description": "TO TRF.- UPI RRN 497463940843.TRF TO ELECTRICITY BILL",
      "amount": 1073.04,
      "transaction_type": "DEBIT",
      "bank_name": "CENTRAL",
      "account_number": "5048110686",
      "balance": 52616.35
    },
    {
      "transaction_date": "2025-10-26",
      "description": "TO TRF.- UPI RRN 482719191606.TRF TO FLIPKART",
      "amount": 1507.59,
      "transaction_type": "DEBIT",
      "bank_name": "CENTRAL",
      "account_number": "5048110686",
      "balance": 51108.76
    },
    {
      "transaction_date": "2025-10-26",
      "description": "TO TRF.- UPI RRN 472969290211.CTARRFR ITEOD WFOATREWRA BRIDLL :",
      "amount": 50745.73,
      "transaction_type": "DEBIT",
      "bank_name": "CENTRAL",
      "account_number": "5048110686",
      "balance": 50385.61
    },
    {
      "transaction_date": "2025-10-26",
      "description": "TO TRF.- UPI RRN 403235319943.TRF TO OLA CABS",
      "amount": 360.12,
      "transaction_type": "DEBIT",
      "bank_name": "CENTRAL",
      "account_number": "5048110686",
      "balance": 50385.61
    },
    {
      "transaction_date": "2025-10-26",
      "description": "TO TRF.- UPI RRN 406526613165.TRF TO ATM CASH WITHDRAWAL",
      "amount": 9522.29,
      "transaction_type": "DEBIT",
      "bank_name": "CENTRAL",
      "account_number": "5048110686",
      "balance": 40863.32
    },
    {
      "transaction_date": "2025-10-26",
      "description": "TO TRF.- UPI RRN 474032616184.TRF TO MOBILE RECHARGE",
      "amount": 590.65,
      "transaction_type": "DEBIT",
      "bank_name": "CENTRAL",
      "account_number": "5048110686",
      "balance": 40272.67
    },
    {
      "transaction_date": "2025-10-27",
      "description": "TO TRF.- UPI RRN 458880854194.TRF TO DECATHLON",
      "amount": 3864.46,
      "transaction_type": "DEBIT",
      "bank_name": "CENTRAL",
      "account_number": "5048110686",
      "balance": 36408.21
    },
    {
      "transaction_date": "2025-10-27",
      "description": "TO TRF.- UPI RRN 481303684461.TRF TO INOX",
      "amount": 761.23,
      "transaction_type": "DEBIT",
      "bank_name": "CENTRAL",
      "account_number": "5048110686",
      "balance": 35646.98
    },
    {
      "transaction_date": "2025-10-27",
      "description": "TO TRF.- UPI RRN 499315645975.TRF TO KFC",
      "amount": 538.33,
      "transaction_type": "DEBIT",
      "bank_name": "CENTRAL",
      "account_number": "5048110686",
      "balance": 35108.65
    },
    {
      "transaction_date": "2025-10-27",
      "description": "TO TRF.- UPI RRN 410998782679.TRF TO DOMINOS PIZZA",
      "amount": 355.41,
      "transaction_type": "DEBIT",
      "bank_name": "CENTRAL",
      "account_number": "5048110686",
      "balance": 34753.24
    },
    {
      "transaction_date": "2025-10-27",
      "description": "TO TRF.- UPI RRN 420377979184.TRF TO AMAZON",
      "amount": 1005.58,
      "transaction_type": "DEBIT",
      "bank_name": "CENTRAL",
      "account_number": "5048110686",
      "balance": 33747.66
    },
    {
      "transaction_date": "2025-10-27",
      "description": "TO TRF.- UPI RRN 417103370122.TRF TO AIRTEL BROADBAND",
      "amount": 579.71,
      "transaction_type": "DEBIT",
      "bank_name": "CENTRAL",
      "account_number": "5048110686",
      "balance": 33167.95
    },
    {
      "transaction_date": "2025-10-27",
      "description": "TO TRF.- UPI RRN 474067695163.TRF TO UBER",
      "amount": 100.37,
      "transaction_type": "DEBIT",
      "bank_name": "CENTRAL",
      "account_number": "5048110686",
      "balance": 33067.58
    },
    {
      "transaction_date": "2025-10-28",
      "description": "TO TRF.- UPI RRN 440250023382.TRF TO DTH RECHARGE",
      "amount": 287.74,
      "transaction_type": "DEBIT",
      "bank_name": "CENTRAL",
      "account_number": "5048110686",
      "balance": 32779.84
    },
    {
      "transaction_date": "2025-10-28",
      "description": "TO TRF.- UPI RRN 483826385734.TRF TO BIG BAZAAR",
      "amount": 3111.92,
      "transaction_type": "DEBIT",
      "bank_name": "CENTRAL",
      "account_number": "5048110686",
      "balance": 29667.92
    },
    {
      "transaction_date": "2025-10-28",
      "description": "TO TRF.- UPI RRN 445254250442.TRF TO WESTSIDE",
      "amount": 1721.5,
      "transaction_type": "DEBIT",
      "bank_name": "CENTRAL",
      "account_number": "5048110686",
      "balance": 27946.42
    },
    {
      "transaction_date": "2025-10-28",
      "description": "TO TRF.- UPI RRN 418241743889.TRF TO BARBEQUE NATION",
      "amount": 1490.08,
      "transaction_type": "DEBIT",
      "bank_name": "CENTRAL",
      "account_number": "5048110686",
      "balance": 26456.34
    },
    {
      "transaction_date": "2025-10-28",
      "description": "TO TRF.- UPI RRN 403540001263.TRF TO LOCAL KIRANA",
      "amount": 574.48,
      "transaction_type": "DEBIT",
      "bank_name": "CENTRAL",
      "account_number": "5048110686",
      "balance": 25881.86
    },
    {
      "transaction_date": "2025-10-28",
      "description": "TO TRF.- UPI RRN 477423263061.TRF TO MORE MEGASTORE",
      "amount": 1431.64,
      "transaction_type": "DEBIT",
      "bank_name": "CENTRAL",
      "account_number": "5048110686",
      "balance": 24450.22
    },
    {
      "transaction_date": "2025-10-28",
      "description": "TO TRF.- UPI RRN 419942498848.TRF TO PANTALOONS",
      "amount": 2723.82,
      "transaction_type": "DEBIT",
      "bank_name": "CENTRAL",
      "account_number": "5048110686",
      "balance": 21726.4
    },
    {
      "transaction_date": "2025-10-28",
      "description": "TO TRF.- UPI RRN 472353524484.TRF TO MYNTRA",
      "amount": 1215.09,
      "transaction_type": "DEBIT",
      "bank_name": "CENTRAL",
      "account_number": "5048110686",
      "balance": 20511.31
    },
    {
      "transaction_date": "2025-10-28",
      "description": "TO TRF.- UPI RRN 463354567204.TRF TO PVR CINEMAS",
      "amount": 473.27,
      "transaction_type": "DEBIT",
      "bank_name": "CENTRAL",
      "account_number": "5048110686",
      "balance": 20038.04
    },
    {
      "transaction_date": "2025-10-29",
      "description": "TO TRF.- UPI RRN 406758454665.CTARRFR ITEOD HFAOLRDWIRAARMDS :",
      "amount": 19675.94,
      "transaction_type": "DEBIT",
      "bank_name": "CENTRAL",
      "account_number": "5048110686",
      "balance": 19367.34
    },
    {
      "transaction_date": "2025-10-29",
      "description": "TO TRF.- UPI RRN 497730332306.TRF TO WATER BILL",
      "amount": 308.6,
      "transaction_type": "DEBIT",
      "bank_name": "CENTRAL",
      "account_number": "5048110686",
      "balance": 19367.34
    },
    {
      "transaction_date": "2025-10-29",
      "description": "BY TRF.- UPI RRN 412887901811.REFUND",
      "amount": 231.8,
      "transaction_type": "CREDIT",
      "bank_name": "CENTRAL",
      "account_number": "5048110686",
      "balance": 19599.14
    },
    {
      "transaction_date": "2025-10-29",
      "description": "TO TRF.- UPI RRN 400711233734.TRF TO BIG BAZAAR",
      "amount": 1820.17,
      "transaction_type": "DEBIT",
      "bank_name": "CENTRAL",
      "account_number": "5048110686",
      "balance": 17778.97
    },
    {
      "transaction_date": "2025-10-29",
      "description": "TO TRF.- UPI RRN 406537594264.TRF TO IRCTC TRAIN BOOKING",
      "amount": 1039.31,
      "transaction_type": "DEBIT",
      "bank_name": "CENTRAL",
      "account_number": "5048110686",
      "balance": 16739.66
    },
    {
      "transaction_date": "2025-10-29",
      "description": "TO TRF.- UPI RRN 417245719479.TRF TO AJIO",
      "amount": 2410.3,
      "transaction_type": "DEBIT",
      "bank_name": "CENTRAL",
      "account_number": "5048110686",
      "balance": 14329.36
    },
    {
      "transaction_date": "2025-10-29",
      "description": "TO TRF.- UPI RRN 486333909041.TRF TO MOBILE RECHARGE",
      "amount": 206.26,
      "transaction_type": "DEBIT",
      "bank_name": "CENTRAL",
      "account_number": "5048110686",
      "balance": 14123.1
    },
    {
      "transaction_date": "2025-10-29",
      "description": "TO TRF.- UPI RRN 496815407308.TRF TO WESTSIDE",
      "amount": 2936.01,
      "transaction_type": "DEBIT",
      "bank_name": "CENTRAL",
      "account_number": "5048110686",
      "balance": 11187.09
    },
    {
      "transaction_date": "2025-10-29",
      "description": "TO TRF.- UPI RRN 415824287978.TRF TO GOIBIBO",
      "amount": 4588.05,
      "transaction_type": "DEBIT",
      "bank_name": "CENTRAL",
      "account_number": "5048110686",
      "balance": 6599.04
    },
    {
      "transaction_date": "2025-10-29",
      "description": "TO TRF.- UPI RRN 406521306908.TRF TO CAFE COFFEE DAY",
      "amount": 174.34,
      "transaction_type": "DEBIT",
      "bank_name": "CENTRAL",
      "account_number": "5048110686",
      "balance": 6424.7
    },
    {
      "transaction_date": "2025-10-29",
      "description": "TO TRF.- UPI RRN 445259628445.TRF TO MCDONALDS",
      "amount": 342.95,
      "transaction_type": "DEBIT",
      "bank_name": "CENTRAL",
      "account_number": "5048110686",
      "balance": 6081.75
    },
    {
      "transaction_date": "2025-10-30",
      "description": "BY TRF.- UPI RRN 454106667280.SALARY CREDIT",
      "amount": 30115.91,
      "transaction_type": "CREDIT",
      "bank_name": "CENTRAL",
      "account_number": "5048110686",
      "balance": 36197.66
    },
    {
      "transaction_date": "2025-10-30",
      "description": "TO TRF.- UPI RRN 468833386446.TRF TO JIO FIBER",
      "amount": 1090.87,
      "transaction_type": "DEBIT",
      "bank_name": "CENTRAL",
      "account_number": "5048110686",
      "balance": 35106.79
    },
    {
      "transaction_date": "2025-10-30",
      "description": "TO TRF.- UPI RRN 494209000383.TRF TO PVR CINEMAS",
      "amount": 457.38,
      "transaction_type": "DEBIT",
      "bank_name": "CENTRAL",
      "account_number": "5048110686",
      "balance": 34649.41
    },
    {
      "transaction_date": "2025-10-30",
      "description": "TO TRF.- UPI RRN 436651017874.TRF TO MCDONALDS",
      "amount": 452.93,
      "transaction_type": "DEBIT",
      "bank_name": "CENTRAL",
      "account_number": "5048110686",
      "balance": 34196.48
    },
    {
      "transaction_date": "2025-10-30",
      "description": "TO TRF.- UPI RRN 442553010587.TRF TO MOBILE RECHARGE",
      "amount": 426.66,
      "transaction_type": "DEBIT",
      "bank_name": "CENTRAL",
      "account_number": "5048110686",
      "balance": 33769.82
    },
    {
      "transaction_date": "2025-10-31",
      "description": "BY TRF.- UPI RRN 499896449874.SALARY CREDIT",
      "amount": 33104.79,
      "transaction_type": "CREDIT",
      "bank_name": "CENTRAL",
      "account_number": "5048110686",
      "balance": 66874.61
    },
    {
      "transaction_date": "2025-10-31",
      "description": "TO TRF.- UPI RRN 455440227823.TRF TO INOX",
      "amount": 607.09,
      "transaction_type": "DEBIT",
      "bank_name": "CENTRAL",
      "account_number": "5048110686",
      "balance": 66267.52
    },
    {
      "transaction_date": "2025-10-31",
      "description": "TO TRF.- UPI RRN 412556412892.TRF TO GAS CYLINDER",
      "amount": 933.75,
      "transaction_type": "DEBIT",
      "bank_name": "CENTRAL",
      "account_number": "5048110686",
      "balance": 65333.77
    },
    {
      "transaction_date": "2025-10-31",
      "description": "TO TRF.- UPI RRN 443536781502.TRF TO RELIANCE FRESH",
      "amount": 1623.1,
      "transaction_type": "DEBIT",
      "bank_name": "CENTRAL",
      "account_number": "5048110686",
      "balance": 63710.67
    },
    {
      "transaction_date": "2025-10-31",
      "description": "TO TRF.- UPI RRN 483005215931.CTARRFR ITEOD LFOOCRAWL AKRIRDA :NA",
      "amount": 63157.44,
      "transaction_type": "DEBIT",
      "bank_name": "CENTRAL",
      "account_number": "5048110686",
      "balance": 61003.55
    },
    {
      "transaction_date": "2025-10-31",
      "description": "TO TRF.- UPI RRN 453066992736.TRF TO MYNTRA",
      "amount": 2153.89,
      "transaction_type": "DEBIT",
      "bank_name": "CENTRAL",
      "account_number": "5048110686",
      "balance": 61003.55
    },
    {
      "transaction_date": "2025-10-31",
      "description": "TO TRF.- UPI RRN 484457122235.TRF TO PANTALOONS",
      "amount": 2819.11,
      "transaction_type": "DEBIT",
      "bank_name": "CENTRAL",
      "account_number": "5048110686",
      "balance": 58184.44
    },
    {
      "transaction_date": "2025-11-01",
      "description": "TO TRF.- UPI RRN 433689100323.TRF TO NETFLIX",
      "amount": 543.61,
      "transaction_type": "DEBIT",
      "bank_name": "CENTRAL",
      "account_number": "5048110686",
      "balance": 57640.83
    },
    {
      "transaction_date": "2025-11-01",
      "description": "TO TRF.- UPI RRN 462107214627.TRF TO JIO FIBER",
      "amount": 948.75,
      "transaction_type": "DEBIT",
      "bank_name": "CENTRAL",
      "account_number": "5048110686",
      "balance": 56692.08
    },
    {
      "transaction_date": "2025-11-01",
      "description": "TO TRF.- UPI RRN 445818262707.TRF TO AMAZON PRIME",
      "amount": 1308.79,
      "transaction_type": "DEBIT",
      "bank_name": "CENTRAL",
      "account_number": "5048110686",
      "balance": 55383.29
    },
    {
      "transaction_date": "2025-11-01",
      "description": "BY TRF.- UPI RRN 423448090364.REFUND",
      "amount": 664.56,
      "transaction_type": "CREDIT",
      "bank_name": "CENTRAL",
      "account_number": "5048110686",
      "balance": 56047.85
    },
    {
      "transaction_date": "2025-11-01",
      "description": "TO TRF.- UPI RRN 499725573646.TRF TO AMAZON PRIME",
      "amount": 1047.3,
      "transaction_type": "DEBIT",
      "bank_name": "CENTRAL",
      "account_number": "5048110686",
      "balance": 55000.55
    },
    {
      "transaction_date": "2025-11-02",
      "description": "TO TRF.- UPI RRN 477207131690.TRF TO HALDIRAMS",
      "amount": 376.57,
      "transaction_type": "DEBIT",
      "bank_name": "CENTRAL",
      "account_number": "5048110686",
      "balance": 54623.98
    },
    {
      "transaction_date": "2025-11-02",
      "description": "TO TRF.- UPI RRN 450290137663.TRF TO GAS CYLINDER",
      "amount": 836.35,
      "transaction_type": "DEBIT",
      "bank_name": "CENTRAL",
      "account_number": "5048110686",
      "balance": 53787.63
    },
    {
      "transaction_date": "2025-11-02",
      "description": "BY TRF.- UPI RRN 410425980981.SALARY CREDIT",
      "amount": 59017.27,
      "transaction_type": "CREDIT",
      "bank_name": "CENTRAL",
      "account_number": "5048110686",
      "balance": 112804.9
    },
    {
      "transaction_date": "2025-11-02",
      "description": "TO TRF.- UPI RRN 412795302020.TRF TO SUBWAY",
      "amount": 178.82,
      "transaction_type": "DEBIT",
      "bank_name": "CENTRAL",
      "account_number": "5048110686",
      "balance": 112626.08
    },
    {
      "transaction_date": "2025-11-02",
      "description": "BY TRF.- UPI RRN 487376766698.SALARY CREDIT",
      "amount": 67534.38,
      "transaction_type": "CREDIT",
      "bank_name": "CENTRAL",
      "account_number": "5048110686",
      "balance": 180160.46
    },
    {
      "transaction_date": "2025-11-02",
      "description": "TO TRF.- UPI RRN 422019688514.TRF TO AJIO",
      "amount": 1107.71,
      "transaction_type": "DEBIT",
      "bank_name": "CENTRAL",
      "account_number": "5048110686",
      "balance": 179052.75
    },
    {
      "transaction_date": "2025-11-02",
      "description": "TO TRF.- UPI RRN 424836350032.TRF TO JIO FIBER",
      "amount": 1399.29,
      "transaction_type": "DEBIT",
      "bank_name": "CENTRAL",
      "account_number": "5048110686",
      "balance": 177653.46
    },
    {
      "transaction_date": "2025-11-03",
      "description": "TO TRF.- UPI RRN 444165739108.TRF TO MCDONALDS",
      "amount": 452.17,
      "transaction_type": "DEBIT",
      "bank_name": "CENTRAL",
      "account_number": "5048110686",
      "balance": 177201.29
    },
    {
      "transaction_date": "2025-11-03",
      "description": "TO TRF.- UPI RRN 480879605882.TRF TO SALON",
      "amount": 1422.4,
      "transaction_type": "DEBIT",
      "bank_name": "CENTRAL",
      "account_number": "5048110686",
      "balance": 175778.89
    },
    {
      "transaction_date": "2025-11-03",
      "description": "TO TRF.- UPI RRN 448956595545.TRF TO INDIAN OIL PETROL",
      "amount": 1145.77,
      "transaction_type": "DEBIT",
      "bank_name": "CENTRAL",
      "account_number": "5048110686",
      "balance": 174633.12
    },
    {
      "transaction_date": "2025-11-03",
      "description": "TO TRF.- UPI RRN 498468184955.TRF TO YOUTUBE PREMIUM",
      "amount": 129.0,
      "transaction_type": "DEBIT",
      "bank_name": "CENTRAL",
      "account_number": "5048110686",
      "balance": 174504.12
    },
    {
      "transaction_date": "2025-11-03",
      "description": "TO TRF.- UPI RRN 448374506576.TRF TO ELECTRICITY BILL",
      "amount": 973.44,
      "transaction_type": "DEBIT",
      "bank_name": "CENTRAL",
      "account_number": "5048110686",
      "balance": 173530.68
    },
    {
      "transaction_date": "2025-11-03",
      "description": "BY TRF.- UPI RRN 456513857322.CRAERFRUIENDD FORWARD :",
      "amount": 174127.72,
      "transaction_type": "CREDIT",
      "bank_name": "CENTRAL",
      "account_number": "5048110686",
      "balance": 179092.25
    },
    {
      "transaction_date": "2025-11-03",
      "description": "BY TRF.- UPI RRN 422194024123.TRF FROM FRIEND",
      "amount": 4964.53,
      "transaction_type": "CREDIT",
      "bank_name": "CENTRAL",
      "account_number": "5048110686",
      "balance": 179092.25
    },
    {
      "transaction_date": "2025-11-04",
      "description": "TO TRF.- UPI RRN 494518645421.TRF TO INOX",
      "amount": 576.13,
      "transaction_type": "DEBIT",
      "bank_name": "CENTRAL",
      "account_number": "5048110686",
      "balance": 178516.12
    },
    {
      "transaction_date": "2025-11-04",
      "description": "TO TRF.- UPI RRN 495068971797.TRF TO JIO FIBER",
      "amount": 880.82,
      "transaction_type": "DEBIT",
      "bank_name": "CENTRAL",
      "account_number": "5048110686",
      "balance": 177635.3
    },
    {
      "transaction_date": "2025-11-04",
      "description": "TO TRF.- UPI RRN 475031189716.TRF TO AMAZON PRIME",
      "amount": 1008.18,
      "transaction_type": "DEBIT",
      "bank_name": "CENTRAL",
      "account_number": "5048110686",
      "balance": 176627.12
    },
    {
      "transaction_date": "2025-11-04",
      "description": "TO TRF.- UPI RRN 435138873010.TRF TO DTH RECHARGE",
      "amount": 426.01,
      "transaction_type": "DEBIT",
      "bank_name": "CENTRAL",
      "account_number": "5048110686",
      "balance": 176201.11
    },
    {
      "transaction_date": "2025-11-05",
      "description": "TO TRF.- UPI RRN 435020321415.TRF TO GAS CYLINDER",
      "amount": 805.81,
      "transaction_type": "DEBIT",
      "bank_name": "CENTRAL",
      "account_number": "5048110686",
      "balance": 175395.3
    },
    {
      "transaction_date": "2025-11-05",
      "description": "TO TRF.- UPI RRN 414227161125.TRF TO DECATHLON",
      "amount": 3013.53,
      "transaction_type": "DEBIT",
      "bank_name": "CENTRAL",
      "account_number": "5048110686",
      "balance": 172381.77
    },
    {
      "transaction_date": "2025-11-05",
      "description": "BY TRF.- UPI RRN 454935976877.SALARY CREDIT",
      "amount": 51757.01,
      "transaction_type": "CREDIT",
      "bank_name": "CENTRAL",
      "account_number": "5048110686",
      "balance": 224138.78
    },
    {
      "transaction_date": "2025-11-05",
      "description": "TO TRF.- UPI RRN 473442970345.TRF TO MAKEMYTRIP",
      "amount": 10788.45,
      "transaction_type": "DEBIT",
      "bank_name": "CENTRAL",
      "account_number": "5048110686",
      "balance": 213350.33
    },
    {
      "transaction_date": "2025-11-06",
      "description": "TO TRF.- UPI RRN 428045213693.TRF TO GOIBIBO",
      "amount": 8651.29,
      "transaction_type": "DEBIT",
      "bank_name": "CENTRAL",
      "account_number": "5048110686",
      "balance": 204699.04
    },
    {
      "transaction_date": "2025-11-06",
      "description": "BY TRF.- UPI RRN 443525175036.REFUND",
      "amount": 157.75,
      "transaction_type": "CREDIT",
      "bank_name": "CENTRAL",
      "account_number": "5048110686",
      "balance": 204856.79
    },
    {
      "transaction_date": "2025-11-06",
      "description": "TO TRF.- UPI RRN 414215846434.TRF TO DOMINOS PIZZA",
      "amount": 395.42,
      "transaction_type": "DEBIT",
      "bank_name": "CENTRAL",
      "account_number": "5048110686",
      "balance": 204461.37
    },
    {
      "transaction_date": "2025-11-06",
      "description": "TO TRF.- UPI RRN 468290770052.TRF TO JIO FIBER",
      "amount": 1205.63,
      "transaction_type": "DEBIT",
      "bank_name": "CENTRAL",
      "account_number": "5048110686",
      "balance": 203255.74
    },
    {
      "transaction_date": "2025-11-06",
      "description": "TO TRF.- UPI RRN 496667292160.TRF TO BHARAT PETROLEUM",
      "amount": 669.01,
      "transaction_type": "DEBIT",
      "bank_name": "CENTRAL",
      "account_number": "5048110686",
      "balance": 202586.73
    },
    {
      "transaction_date": "2025-11-06",
      "description": "TO TRF.- UPI RRN 479985199580.TRF TO SWIGGY",
      "amount": 464.32,
      "transaction_type": "DEBIT",
      "bank_name": "CENTRAL",
      "account_number": "5048110686",
      "balance": 202122.41
    },
    {
      "transaction_date": "2025-11-06",
      "description": "TO TRF.- UPI RRN 493119338641.TRF TO BHARAT PETROLEUM",
      "amount": 742.7,
      "transaction_type": "DEBIT",
      "bank_name": "CENTRAL",
      "account_number": "5048110686",
      "balance": 201379.71
    },
    {
      "transaction_date": "2025-11-07",
      "description": "TO TRF.- UPI RRN 475035530525.TRF TO RENT PAYMENT",
      "amount": 13761.83,
      "transaction_type": "DEBIT",
      "bank_name": "CENTRAL",
      "account_number": "5048110686",
      "balance": 187617.88
    },
    {
      "transaction_date": "2025-11-07",
      "description": "TO TRF.- UPI RRN 450340076517.TRF TO ATM CASH WITHDRAWAL",
      "amount": 3808.01,
      "transaction_type": "DEBIT",
      "bank_name": "CENTRAL",
      "account_number": "5048110686",
      "balance": 183809.87
    },
    {
      "transaction_date": "2025-11-07",
      "description": "TO TRF.- UPI RRN 470341833822.TRF TO YOUTUBE PREMIUM",
      "amount": 129.0,
      "transaction_type": "DEBIT",
      "bank_name": "CENTRAL",
      "account_number": "5048110686",
      "balance": 183680.87
    },
    {
      "transaction_date": "2025-11-07",
      "description": "BY TRF.- UPI RRN 423170766312.CTARRFR IFERDO FMO FRRWIEANRDD :",
      "amount": 186545.44,
      "transaction_type": "CREDIT",
      "bank_name": "CENTRAL",
      "account_number": "5048110686",
      "balance": 186045.53
    },
    {
      "transaction_date": "2025-11-07",
      "description": "TO TRF.- UPI RRN 412444632857.TRF TO BOOK MY SHOW",
      "amount": 499.91,
      "transaction_type": "DEBIT",
      "bank_name": "CENTRAL",
      "account_number": "5048110686",
      "balance": 186045.53
    },
    {
      "transaction_date": "2025-11-07",
      "description": "TO TRF.- UPI RRN 463552857852.TRF TO RELIANCE FRESH",
      "amount": 1658.43,
      "transaction_type": "DEBIT",
      "bank_name": "CENTRAL",
      "account_number": "5048110686",
      "balance": 184387.1
    },
    {
      "transaction_date": "2025-11-07",
      "description": "TO TRF.- UPI RRN 496402726493.TRF TO STARBUCKS",
      "amount": 251.8,
      "transaction_type": "DEBIT",
      "bank_name": "CENTRAL",
      "account_number": "5048110686",
      "balance": 184135.3
    },
    {
      "transaction_date": "2025-11-08",
      "description": "TO TRF.- UPI RRN 461710910442.TRF TO BIG BAZAAR",
      "amount": 1116.48,
      "transaction_type": "DEBIT",
      "bank_name": "CENTRAL",
      "account_number": "5048110686",
      "balance": 183018.82
    },
    {
      "transaction_date": "2025-11-08",
      "description": "TO TRF.- UPI RRN 430815333561.TRF TO RENT PAYMENT",
      "amount": 14258.06,
      "transaction_type": "DEBIT",
      "bank_name": "CENTRAL",
      "account_number": "5048110686",
      "balance": 168760.76
    },
    {
      "transaction_date": "2025-11-08",
      "description": "TO TRF.- UPI RRN 440472895052.TRF TO SPENCERS",
      "amount": 1446.4,
      "transaction_type": "DEBIT",
      "bank_name": "CENTRAL",
      "account_number": "5048110686",
      "balance": 167314.36
    },
    {
      "transaction_date": "2025-11-08",
      "description": "TO TRF.- UPI RRN 480817699305.TRF TO MYNTRA",
      "amount": 2444.56,
      "transaction_type": "DEBIT",
      "bank_name": "CENTRAL",
      "account_number": "5048110686",
      "balance": 164869.8
    },
    {
      "transaction_date": "2025-11-08",
      "description": "TO TRF.- UPI RRN 463154511747.TRF TO INDIAN OIL PETROL",
      "amount": 2209.03,
      "transaction_type": "DEBIT",
      "bank_name": "CENTRAL",
      "account_number": "5048110686",
      "balance": 162660.77
    },
    {
      "transaction_date": "2025-11-08",
      "description": "BY TRF.- UPI RRN 449199529860.TRF FROM FRIEND",
      "amount": 2849.38,
      "transaction_type": "CREDIT",
      "bank_name": "CENTRAL",
      "account_number": "5048110686",
      "balance": 165510.15
    },
    {
      "transaction_date": "2025-11-08",
      "description": "BY TRF.- UPI RRN 448591456560.REFUND",
      "amount": 1756.45,
      "transaction_type": "CREDIT",
      "bank_name": "CENTRAL",
      "account_number": "5048110686",
      "balance": 167266.6
    },
    {
      "transaction_date": "2025-11-08",
      "description": "TO TRF.- UPI RRN 483120031197.TRF TO AJIO",
      "amount": 973.92,
      "transaction_type": "DEBIT",
      "bank_name": "CENTRAL",
      "account_number": "5048110686",
      "balance": 166292.68
    },
    {
      "transaction_date": "2025-11-08",
      "description": "TO TRF.- UPI RRN 470833687444.TRF TO UBER",
      "amount": 334.96,
      "transaction_type": "DEBIT",
      "bank_name": "CENTRAL",
      "account_number": "5048110686",
      "balance": 165957.72
    },
    {
      "transaction_date": "2025-11-08",
      "description": "TO TRF.- UPI RRN 439956955642.TRF TO IRCTC TRAIN BOOKING",
      "amount": 680.77,
      "transaction_type": "DEBIT",
      "bank_name": "CENTRAL",
      "account_number": "5048110686",
      "balance": 165276.95
    },
    {
      "transaction_date": "2025-11-09",
      "description": "TO TRF.- UPI RRN 415033850588.TRF TO BOOK MY SHOW",
      "amount": 344.96,
      "transaction_type": "DEBIT",
      "bank_name": "CENTRAL",
      "account_number": "5048110686",
      "balance": 164931.99
    },
    {
      "transaction_date": "2025-11-09",
      "description": "TO TRF.- UPI RRN 460520300889.TRF TO DMART",
      "amount": 1135.12,
      "transaction_type": "DEBIT",
      "bank_name": "CENTRAL",
      "account_number": "5048110686",
      "balance": 163796.87
    },
    {
      "transaction_date": "2025-11-09",
      "description": "BY TRF.- UPI RRN 402180369124.TRF FROM FRIEND",
      "amount": 2621.4,
      "transaction_type": "CREDIT",
      "bank_name": "CENTRAL",
      "account_number": "5048110686",
      "balance": 166418.27
    },
    {
      "transaction_date": "2025-11-09",
      "description": "TO TRF.- UPI RRN 485510557949.TRF TO MORE MEGASTORE",
      "amount": 1351.35,
      "transaction_type": "DEBIT",
      "bank_name": "CENTRAL",
      "account_number": "5048110686",
      "balance": 165066.92
    },
    {
      "transaction_date": "2025-11-10",
      "description": "BY TRF.- UPI RRN 471968787535.TRF FROM FRIEND",
      "amount": 1917.22,
      "transaction_type": "CREDIT",
      "bank_name": "CENTRAL",
      "account_number": "5048110686",
      "balance": 166984.14
    },
    {
      "transaction_date": "2025-11-10",
      "description": "BY TRF.- UPI RRN 478458989261.REFUND",
      "amount": 1769.49,
      "transaction_type": "CREDIT",
      "bank_name": "CENTRAL",
      "account_number": "5048110686",
      "balance": 168753.63
    },
    {
      "transaction_date": "2025-11-10",
      "description": "TO TRF.- UPI RRN 435763684491.CTARRFR ITEOD FFLOIPRKWAARRTD :",
      "amount": 165915.61,
      "transaction_type": "DEBIT",
      "bank_name": "CENTRAL",
      "account_number": "5048110686",
      "balance": 163175.02
    },
    {
      "transaction_date": "2025-11-10",
      "description": "TO TRF.- UPI RRN 418195638388.TRF TO PANTALOONS",
      "amount": 2740.59,
      "transaction_type": "DEBIT",
      "bank_name": "CENTRAL",
      "account_number": "5048110686",
      "balance": 163175.02
    },
    {
      "transaction_date": "2025-11-10",
      "description": "TO TRF.- UPI RRN 469038408580.TRF TO INOX",
      "amount": 909.6,
      "transaction_type": "DEBIT",
      "bank_name": "CENTRAL",
      "account_number": "5048110686",
      "balance": 162265.42
    },
    {
      "transaction_date": "2025-11-10",
      "description": "TO TRF.- UPI RRN 480490561569.TRF TO RELIANCE FRESH",
      "amount": 1658.26,
      "transaction_type": "DEBIT",
      "bank_name": "CENTRAL",
      "account_number": "5048110686",
      "balance": 160607.16
    },
    {
      "transaction_date": "2025-11-10",
      "description": "TO TRF.- UPI RRN 498084127563.TRF TO JIO FIBER",
      "amount": 1240.72,
      "transaction_type": "DEBIT",
      "bank_name": "CENTRAL",
      "account_number": "5048110686",
      "balance": 159366.44
    },
    {
      "transaction_date": "2025-11-11",
      "description": "TO TRF.- UPI RRN 468282561986.TRF TO PVR CINEMAS",
      "amount": 554.32,
      "transaction_type": "DEBIT",
      "bank_name": "CENTRAL",
      "account_number": "5048110686",
      "balance": 158812.12
    },
    {
      "transaction_date": "2025-11-11",
      "description": "TO TRF.- UPI RRN 410396428164.TRF TO SALON",
      "amount": 520.16,
      "transaction_type": "DEBIT",
      "bank_name": "CENTRAL",
      "account_number": "5048110686",
      "balance": 158291.96
    },
    {
      "transaction_date": "2025-11-11",
      "description": "TO TRF.- UPI RRN 454213211599.TRF TO DOMINOS PIZZA",
      "amount": 455.23,
      "transaction_type": "DEBIT",
      "bank_name": "CENTRAL",
      "account_number": "5048110686",
      "balance": 157836.73
    },
    {
      "transaction_date": "2025-11-11",
      "description": "TO TRF.- UPI RRN 465052316346.TRF TO PHARMACY",
      "amount": 1183.72,
      "transaction_type": "DEBIT",
      "bank_name": "CENTRAL",
      "account_number": "5048110686",
      "balance": 156653.01
    },
    {
      "transaction_date": "2025-11-11",
      "description": "TO TRF.- UPI RRN 421583843401.TRF TO AIRTEL BROADBAND",
      "amount": 1039.09,
      "transaction_type": "DEBIT",
      "bank_name": "CENTRAL",
      "account_number": "5048110686",
      "balance": 155613.92
    },
    {
      "transaction_date": "2025-11-11",
      "description": "BY TRF.- UPI RRN 469639046314.SALARY CREDIT",
      "amount": 48822.7,
      "transaction_type": "CREDIT",
      "bank_name": "CENTRAL",
      "account_number": "5048110686",
      "balance": 204436.62
    },
    {
      "transaction_date": "2025-11-11",
      "description": "TO TRF.- UPI RRN 422121967955.TRF TO LOCAL KIRANA",
      "amount": 1093.45,
      "transaction_type": "DEBIT",
      "bank_name": "CENTRAL",
      "account_number": "5048110686",
      "balance": 203343.17
    },
    {
      "transaction_date": "2025-11-12",
      "description": "TO TRF.- UPI RRN 403498736122.TRF TO YOUTUBE PREMIUM",
      "amount": 129.0,
      "transaction_type": "DEBIT",
      "bank_name": "CENTRAL",
      "account_number": "5048110686",
      "balance": 203214.17
    },
    {
      "transaction_date": "2025-11-12",
      "description": "BY TRF.- UPI RRN 444282688079.REFUND",
      "amount": 981.23,
      "transaction_type": "CREDIT",
      "bank_name": "CENTRAL",
      "account_number": "5048110686",
      "balance": 204195.4
    },
    {
      "transaction_date": "2025-11-12",
      "description": "TO TRF.- UPI RRN 465528634784.TRF TO GAS CYLINDER",
      "amount": 854.07,
      "transaction_type": "DEBIT",
      "bank_name": "CENTRAL",
      "account_number": "5048110686",
      "balance": 203341.33
    },
    {
      "transaction_date": "2025-11-12",
      "description": "TO TRF.- UPI RRN 472817942885.TRF TO BOOK STORE",
      "amount": 245.62,
      "transaction_type": "DEBIT",
      "bank_name": "CENTRAL",
      "account_number": "5048110686",
      "balance": 203095.71
    },
    {
      "transaction_date": "2025-11-12",
      "description": "BY TRF.- UPI RRN 461478499952.REFUND",
      "amount": 1431.83,
      "transaction_type": "CREDIT",
      "bank_name": "CENTRAL",
      "account_number": "5048110686",
      "balance": 204527.54
    },
    {
      "transaction_date": "2025-11-12",
      "description": "TO TRF.- UPI RRN 459912438871.TRF TO DTH RECHARGE",
      "amount": 369.35,
      "transaction_type": "DEBIT",
      "bank_name": "CENTRAL",
      "account_number": "5048110686",
      "balance": 204158.19
    },
    {
      "transaction_date": "2025-11-13",
      "description": "TO TRF.- UPI RRN 479952024809.TRF TO NETFLIX",
      "amount": 676.21,
      "transaction_type": "DEBIT",
      "bank_name": "CENTRAL",
      "account_number": "5048110686",
      "balance": 203481.98
    },
    {
      "transaction_date": "2025-11-13",
      "description": "TO TRF.- UPI RRN 467391459747.TRF TO LOCAL KIRANA",
      "amount": 1469.9,
      "transaction_type": "DEBIT",
      "bank_name": "CENTRAL",
      "account_number": "5048110686",
      "balance": 202012.08
    },
    {
      "transaction_date": "2025-11-13",
      "description": "TO TRF.- UPI RRN 422264743126.CTARRFR ITEOD SFTOARRWBAURCDK S:",
      "amount": 201693.42,
      "transaction_type": "DEBIT",
      "bank_name": "CENTRAL",
      "account_number": "5048110686",
      "balance": 198715.65
    },
    {
      "transaction_date": "2025-11-13",
      "description": "TO TRF.- UPI RRN 417549754717.TRF TO BIG BAZAAR",
      "amount": 2977.77,
      "transaction_type": "DEBIT",
      "bank_name": "CENTRAL",
      "account_number": "5048110686",
      "balance": 198715.65
    },
    {
      "transaction_date": "2025-11-13",
      "description": "TO TRF.- UPI RRN 464444949915.TRF TO HOTSTAR",
      "amount": 1396.87,
      "transaction_type": "DEBIT",
      "bank_name": "CENTRAL",
      "account_number": "5048110686",
      "balance": 197318.78
    },
    {
      "transaction_date": "2025-11-13",
      "description": "TO TRF.- UPI RRN 425134704708.TRF TO MCDONALDS",
      "amount": 277.34,
      "transaction_type": "DEBIT",
      "bank_name": "CENTRAL",
      "account_number": "5048110686",
      "balance": 197041.44
    },
    {
      "transaction_date": "2025-11-13",
      "description": "TO TRF.- UPI RRN 492929475151.TRF TO RENT PAYMENT",
      "amount": 28334.65,
      "transaction_type": "DEBIT",
      "bank_name": "CENTRAL",
      "account_number": "5048110686",
      "balance": 168706.79
    },
    {
      "transaction_date": "2025-11-13",
      "description": "TO TRF.- UPI RRN 476181718933.TRF TO PHARMACY",
      "amount": 391.52,
      "transaction_type": "DEBIT",
      "bank_name": "CENTRAL",
      "account_number": "5048110686",
      "balance": 168315.27
    },
    {
      "transaction_date": "2025-11-14",
      "description": "TO TRF.- UPI RRN 495799776929.TRF TO RENT PAYMENT",
      "amount": 22306.37,
      "transaction_type": "DEBIT",
      "bank_name": "CENTRAL",
      "account_number": "5048110686",
      "balance": 146008.9
    },
    {
      "transaction_date": "2025-11-14",
      "description": "TO TRF.- UPI RRN 405215159976.TRF TO KFC",
      "amount": 413.87,
      "transaction_type": "DEBIT",
      "bank_name": "CENTRAL",
      "account_number": "5048110686",
      "balance": 145595.03
    },
    {
      "transaction_date": "2025-11-14",
      "description": "TO TRF.- UPI RRN 409425556348.TRF TO IRCTC TRAIN BOOKING",
      "amount": 1013.63,
      "transaction_type": "DEBIT",
      "bank_name": "CENTRAL",
      "account_number": "5048110686",
      "balance": 144581.4
    },
    {
      "transaction_date": "2025-11-14",
      "description": "TO TRF.- UPI RRN 455242607313.TRF TO ELECTRICITY BILL",
      "amount": 1250.3,
      "transaction_type": "DEBIT",
      "bank_name": "CENTRAL",
      "account_number": "5048110686",
      "balance": 143331.1
    },
    {
      "transaction_date": "2025-11-14",
      "description": "BY TRF.- UPI RRN 405978968304.TRF FROM FRIEND",
      "amount": 4335.37,
      "transaction_type": "CREDIT",
      "bank_name": "CENTRAL",
      "account_number": "5048110686",
      "balance": 147666.47
    },
    {
      "transaction_date": "2025-11-15",
      "description": "BY TRF.- UPI RRN 419366416980.TRF FROM FRIEND",
      "amount": 2019.7,
      "transaction_type": "CREDIT",
      "bank_name": "CENTRAL",
      "account_number": "5048110686",
      "balance": 149686.17
    },
    {
      "transaction_date": "2025-11-15",
      "description": "BY TRF.- UPI RRN 468709588795.REFUND",
      "amount": 228.9,
      "transaction_type": "CREDIT",
      "bank_name": "CENTRAL",
      "account_number": "5048110686",
      "balance": 149915.07
    },
    {
      "transaction_date": "2025-11-15",
      "description": "TO TRF.- UPI RRN 484286413110.TRF TO BARBEQUE NATION",
      "amount": 1095.5,
      "transaction_type": "DEBIT",
      "bank_name": "CENTRAL",
      "account_number": "5048110686",
      "balance": 148819.57
    },
    {
      "transaction_date": "2025-11-15",
      "description": "TO TRF.- UPI RRN 457963441669.TRF TO HOTSTAR",
      "amount": 320.26,
      "transaction_type": "DEBIT",
      "bank_name": "CENTRAL",
      "account_number": "5048110686",
      "balance": 148499.31
    },
    {
      "transaction_date": "2025-11-15",
      "description": "TO TRF.- UPI RRN 447841116087.TRF TO YOUTUBE PREMIUM",
      "amount": 129.0,
      "transaction_type": "DEBIT",
      "bank_name": "CENTRAL",
      "account_number": "5048110686",
      "balance": 148370.31
    },
    {
      "transaction_date": "2025-11-16",
      "description": "TO TRF.- UPI RRN 446079661790.TRF TO AMAZON PRIME",
      "amount": 626.55,
      "transaction_type": "DEBIT",
      "bank_name": "CENTRAL",
      "account_number": "5048110686",
      "balance": 147743.76
    },
    {
      "transaction_date": "2025-11-16",
      "description": "TO TRF.- UPI RRN 480181090357.TRF TO RENT PAYMENT",
      "amount": 20970.83,
      "transaction_type": "DEBIT",
      "bank_name": "CENTRAL",
      "account_number": "5048110686",
      "balance": 126772.93
    },
    {
      "transaction_date": "2025-11-16",
      "description": "TO TRF.- UPI RRN 457440717803.TRF TO YOUTUBE PREMIUM",
      "amount": 129.0,
      "transaction_type": "DEBIT",
      "bank_name": "CENTRAL",
      "account_number": "5048110686",
      "balance": 126643.93
    },
    {
      "transaction_date": "2025-11-16",
      "description": "BY TRF.- UPI RRN 436528378297.REFUND",
      "amount": 1593.26,
      "transaction_type": "CREDIT",
      "bank_name": "CENTRAL",
      "account_number": "5048110686",
      "balance": 128237.19
    },
    {
      "transaction_date": "2025-11-17",
      "description": "TO TRF.- UPI RRN 471460217397.CTARRFR ITEOD FFLOIPRKWAARRTD :",
      "amount": 126793.6,
      "transaction_type": "DEBIT",
      "bank_name": "CENTRAL",
      "account_number": "5048110686",
      "balance": 102963.9
    },
    {
      "transaction_date": "2025-11-17",
      "description": "TO TRF.- UPI RRN 455209853325.TRF TO RENT PAYMENT",
      "amount": 23829.7,
      "transaction_type": "DEBIT",
      "bank_name": "CENTRAL",
      "account_number": "5048110686",
      "balance": 102963.9
    },
    {
      "transaction_date": "2025-11-17",
      "description": "BY TRF.- UPI RRN 423758146548.TRF FROM FRIEND",
      "amount": 946.5,
      "transaction_type": "CREDIT",
      "bank_name": "CENTRAL",
      "account_number": "5048110686",
      "balance": 103910.4
    },
    {
      "transaction_date": "2025-11-17",
      "description": "TO TRF.- UPI RRN 407848770375.TRF TO SUBWAY",
      "amount": 331.88,
      "transaction_type": "DEBIT",
      "bank_name": "CENTRAL",
      "account_number": "5048110686",
      "balance": 103578.52
    },
    {
      "transaction_date": "2025-11-17",
      "description": "TO TRF.- UPI RRN 436662896530.TRF TO AJIO",
      "amount": 2401.58,
      "transaction_type": "DEBIT",
      "bank_name": "CENTRAL",
      "account_number": "5048110686",
      "balance": 101176.94
    },
    {
      "transaction_date": "2025-11-17",
      "description": "TO TRF.- UPI RRN 472425877461.TRF TO KFC",
      "amount": 531.03,
      "transaction_type": "DEBIT",
      "bank_name": "CENTRAL",
      "account_number": "5048110686",
      "balance": 100645.91
    },
    {
      "transaction_date": "2025-11-17",
      "description": "TO TRF.- UPI RRN 462467778686.TRF TO IRCTC TRAIN BOOKING",
      "amount": 685.23,
      "transaction_type": "DEBIT",
      "bank_name": "CENTRAL",
      "account_number": "5048110686",
      "balance": 99960.68
    },
    {
      "transaction_date": "2025-11-17",
      "description": "TO TRF.- UPI RRN 464912598937.TRF TO BHARAT PETROLEUM",
      "amount": 2794.7,
      "transaction_type": "DEBIT",
      "bank_name": "CENTRAL",
      "account_number": "5048110686",
      "balance": 97165.98
    },
    {
      "transaction_date": "2025-11-17",
      "description": "TO TRF.- UPI RRN 405777084681.TRF TO BOOK MY SHOW",
      "amount": 490.24,
      "transaction_type": "DEBIT",
      "bank_name": "CENTRAL",
      "account_number": "5048110686",
      "balance": 96675.74
    },
    {
      "transaction_date": "2025-11-17",
      "description": "TO TRF.- UPI RRN 453639106105.TRF TO MORE MEGASTORE",
      "amount": 1165.03,
      "transaction_type": "DEBIT",
      "bank_name": "CENTRAL",
      "account_number": "5048110686",
      "balance": 95510.71
    },
    {
      "transaction_date": "2025-11-18",
      "description": "TO TRF.- UPI RRN 446487936581.TRF TO MAKEMYTRIP",
      "amount": 2664.72,
      "transaction_type": "DEBIT",
      "bank_name": "CENTRAL",
      "account_number": "5048110686",
      "balance": 92845.99
    },
    {
      "transaction_date": "2025-11-18",
      "description": "TO TRF.- UPI RRN 454758644652.TRF TO ELECTRICITY BILL",
      "amount": 1542.52,
      "transaction_type": "DEBIT",
      "bank_name": "CENTRAL",
      "account_number": "5048110686",
      "balance": 91303.47
    },
    {
      "transaction_date": "2025-11-18",
      "description": "TO TRF.- UPI RRN 443094900550.TRF TO HOTSTAR",
      "amount": 637.66,
      "transaction_type": "DEBIT",
      "bank_name": "CENTRAL",
      "account_number": "5048110686",
      "balance": 90665.81
    },
    {
      "transaction_date": "2025-11-18",
      "description": "TO TRF.- UPI RRN 489666168505.TRF TO GOIBIBO",
      "amount": 10219.79,
      "transaction_type": "DEBIT",
      "bank_name": "CENTRAL",
      "account_number": "5048110686",
      "balance": 80446.02
    },
    {
      "transaction_date": "2025-11-18",
      "description": "TO TRF.- UPI RRN 466572801413.TRF TO INOX",
      "amount": 373.11,
      "transaction_type": "DEBIT",
      "bank_name": "CENTRAL",
      "account_number": "5048110686",
      "balance": 80072.91
    },
    {
      "transaction_date": "2025-11-18",
      "description": "BY TRF.- UPI RRN 464206288419.TRF FROM FRIEND",
      "amount": 4988.07,
      "transaction_type": "CREDIT",
      "bank_name": "CENTRAL",
      "account_number": "5048110686",
      "balance": 85060.98
    },
    {
      "transaction_date": "2025-11-19",
      "description": "TO TRF.- UPI RRN 482351185333.TRF TO MCDONALDS",
      "amount": 468.39,
      "transaction_type": "DEBIT",
      "bank_name": "CENTRAL",
      "account_number": "5048110686",
      "balance": 84592.59
    },
    {
      "transaction_date": "2025-11-19",
      "description": "TO TRF.- UPI RRN 450527291086.TRF TO ELECTRICITY BILL",
      "amount": 2507.82,
      "transaction_type": "DEBIT",
      "bank_name": "CENTRAL",
      "account_number": "5048110686",
      "balance": 82084.77
    },
    {
      "transaction_date": "2025-11-19",
      "description": "TO TRF.- UPI RRN 403844099106.TRF TO ATM CASH WITHDRAWAL",
      "amount": 7356.7,
      "transaction_type": "DEBIT",
      "bank_name": "CENTRAL",
      "account_number": "5048110686",
      "balance": 74728.07
    },
    {
      "transaction_date": "2025-11-19",
      "description": "TO TRF.- UPI RRN 454235945814.TRF TO ATM CASH WITHDRAWAL",
      "amount": 5857.03,
      "transaction_type": "DEBIT",
      "bank_name": "CENTRAL",
      "account_number": "5048110686",
      "balance": 68871.04
    },
    {
      "transaction_date": "2025-11-20",
      "description": "TO TRF.- UPI RRN 426891385600.CTARRFR ITEOD SFPOERNWCAERRDS :",
      "amount": 67702.74,
      "transaction_type": "DEBIT",
      "bank_name": "CENTRAL",
      "account_number": "5048110686",
      "balance": 65824.45
    },
    {
      "transaction_date": "2025-11-20",
      "description": "TO TRF.- UPI RRN 443534437716.TRF TO IRCTC TRAIN BOOKING",
      "amount": 1878.29,
      "transaction_type": "DEBIT",
      "bank_name": "CENTRAL",
      "account_number": "5048110686",
      "balance": 65824.45
    },
    {
      "transaction_date": "2025-11-20",
      "description": "TO TRF.- UPI RRN 412020501670.TRF TO CAFE COFFEE DAY",
      "amount": 264.62,
      "transaction_type": "DEBIT",
      "bank_name": "CENTRAL",
      "account_number": "5048110686",
      "balance": 65559.83
    },
    {
      "transaction_date": "2025-11-20",
      "description": "TO TRF.- UPI RRN 438619409833.TRF TO DMART",
      "amount": 1214.5,
      "transaction_type": "DEBIT",
      "bank_name": "CENTRAL",
      "account_number": "5048110686",
      "balance": 64345.33
    },
    {
      "transaction_date": "2025-11-20",
      "description": "TO TRF.- UPI RRN 434825658870.TRF TO AJIO",
      "amount": 1750.92,
      "transaction_type": "DEBIT",
      "bank_name": "CENTRAL",
      "account_number": "5048110686",
      "balance": 62594.41
    },
    {
      "transaction_date": "2025-11-20",
      "description": "TO TRF.- UPI RRN 432985002696.TRF TO DTH RECHARGE",
      "amount": 441.36,
      "transaction_type": "DEBIT",
      "bank_name": "CENTRAL",
      "account_number": "5048110686",
      "balance": 62153.05
    },
    {
      "transaction_date": "2025-11-21",
      "description": "BY TRF.- UPI RRN 414862274151.REFUND",
      "amount": 339.75,
      "transaction_type": "CREDIT",
      "bank_name": "CENTRAL",
      "account_number": "5048110686",
      "balance": 62492.8
    },
    {
      "transaction_date": "2025-11-21",
      "description": "BY TRF.- UPI RRN 434804131111.TRF FROM FRIEND",
      "amount": 4246.38,
      "transaction_type": "CREDIT",
      "bank_name": "CENTRAL",
      "account_number": "5048110686",
      "balance": 66739.18
    },
    {
      "transaction_date": "2025-11-21",
      "description": "BY TRF.- UPI RRN 402329249647.TRF FROM FRIEND",
      "amount": 4778.37,
      "transaction_type": "CREDIT",
      "bank_name": "CENTRAL",
      "account_number": "5048110686",
      "balance": 71517.55
    },
    {
      "transaction_date": "2025-11-21",
      "description": "TO TRF.- UPI RRN 454101748342.TRF TO JIO FIBER",
      "amount": 835.13,
      "transaction_type": "DEBIT",
      "bank_name": "CENTRAL",
      "account_number": "5048110686",
      "balance": 70682.42
    },
    {
      "transaction_date": "2025-11-21",
      "description": "TO TRF.- UPI RRN 421141628581.TRF TO SPENCERS",
      "amount": 2045.76,
      "transaction_type": "DEBIT",
      "bank_name": "CENTRAL",
      "account_number": "5048110686",
      "balance": 68636.66
    },
    {
      "transaction_date": "2025-11-21",
      "description": "TO TRF.- UPI RRN 461026125467.TRF TO AJIO",
      "amount": 2062.64,
      "transaction_type": "DEBIT",
      "bank_name": "CENTRAL",
      "account_number": "5048110686",
      "balance": 66574.02
    },
    {
      "transaction_date": "2025-11-21",
      "description": "TO TRF.- UPI RRN 490609529547.TRF TO ELECTRICITY BILL",
      "amount": 2248.59,
      "transaction_type": "DEBIT",
      "bank_name": "CENTRAL",
      "account_number": "5048110686",
      "balance": 64325.43
    },
    {
      "transaction_date": "2025-11-21",
      "description": "TO TRF.- UPI RRN 418204851388.TRF TO GAS CYLINDER",
      "amount": 899.51,
      "transaction_type": "DEBIT",
      "bank_name": "CENTRAL",
      "account_number": "5048110686",
      "balance": 63425.92
    },
    {
      "transaction_date": "2025-11-21",
      "description": "TO TRF.- UPI RRN 434314814741.TRF TO OLA CABS",
      "amount": 184.77,
      "transaction_type": "DEBIT",
      "bank_name": "CENTRAL",
      "account_number": "5048110686",
      "balance": 63241.15
    },
    {
      "transaction_date": "2025-11-22",
      "description": "TO TRF.- UPI RRN 469301490906.TRF TO DECATHLON",
      "amount": 3208.75,
      "transaction_type": "DEBIT",
      "bank_name": "CENTRAL",
      "account_number": "5048110686",
      "balance": 60032.4
    },
    {
      "transaction_date": "2025-11-22",
      "description": "TO TRF.- UPI RRN 422494278295.TRF TO AJIO",
      "amount": 540.24,
      "transaction_type": "DEBIT",
      "bank_name": "CENTRAL",
      "account_number": "5048110686",
      "balance": 59492.16
    },
    {
      "transaction_date": "2025-11-22",
      "description": "TO TRF.- UPI RRN 491330038359.TRF TO BOOK MY SHOW",
      "amount": 749.66,
      "transaction_type": "DEBIT",
      "bank_name": "CENTRAL",
      "account_number": "5048110686",
      "balance": 58742.5
    },
    {
      "transaction_date": "2025-11-22",
      "description": "BY TRF.- UPI RRN 492794676701.REFUND",
      "amount": 1885.39,
      "transaction_type": "CREDIT",
      "bank_name": "CENTRAL",
      "account_number": "5048110686",
      "balance": 60627.89
    },
    {
      "transaction_date": "2025-11-22",
      "description": "TO TRF.- UPI RRN 407452670154.TRF TO RENT PAYMENT",
      "amount": 24076.4,
      "transaction_type": "DEBIT",
      "bank_name": "CENTRAL",
      "account_number": "5048110686",
      "balance": 36551.49
    },
    {
      "transaction_date": "2025-11-22",
      "description": "TO TRF.- UPI RRN 409510455783.CTARRFR ITEOD LFOOCRAWL AKRIRDA :NA",
      "amount": 36195.22,
      "transaction_type": "DEBIT",
      "bank_name": "CENTRAL",
      "account_number": "5048110686",
      "balance": 34934.81
    },
    {
      "transaction_date": "2025-11-22",
      "description": "TO TRF.- UPI RRN 454587245024.TRF TO JIO FIBER",
      "amount": 1260.41,
      "transaction_type": "DEBIT",
      "bank_name": "CENTRAL",
      "account_number": "5048110686",
      "balance": 34934.81
    },
    {
      "transaction_date": "2025-11-22",
      "description": "TO TRF.- UPI RRN 472591408762.TRF TO WESTSIDE",
      "amount": 923.55,
      "transaction_type": "DEBIT",
      "bank_name": "CENTRAL",
      "account_number": "5048110686",
      "balance": 34011.26
    },
    {
      "transaction_date": "2025-11-22",
      "description": "BY TRF.- UPI RRN 405417046885.SALARY CREDIT",
      "amount": 67025.52,
      "transaction_type": "CREDIT",
      "bank_name": "CENTRAL",
      "account_number": "5048110686",
      "balance": 101036.78
    },
    {
      "transaction_date": "2025-11-23",
      "description": "TO TRF.- UPI RRN 411378880825.TRF TO SPENCERS",
      "amount": 1966.07,
      "transaction_type": "DEBIT",
      "bank_name": "CENTRAL",
      "account_number": "5048110686",
      "balance": 99070.71
    },
    {
      "transaction_date": "2025-11-23",
      "description": "TO TRF.- UPI RRN 487429591974.TRF TO AJIO",
      "amount": 2337.88,
      "transaction_type": "DEBIT",
      "bank_name": "CENTRAL",
      "account_number": "5048110686",
      "balance": 96732.83
    },
    {
      "transaction_date": "2025-11-23",
      "description": "BY TRF.- UPI RRN 422950114126.REFUND",
      "amount": 463.79,
      "transaction_type": "CREDIT",
      "bank_name": "CENTRAL",
      "account_number": "5048110686",
      "balance": 97196.62
    },
    {
      "transaction_date": "2025-11-23",
      "description": "TO TRF.- UPI RRN 408476502145.TRF TO MAKEMYTRIP",
      "amount": 12619.13,
      "transaction_type": "DEBIT",
      "bank_name": "CENTRAL",
      "account_number": "5048110686",
      "balance": 84577.49
    },
    {
      "transaction_date": "2025-11-23",
      "description": "TO TRF.- UPI RRN 497393693038.TRF TO STARBUCKS",
      "amount": 179.79,
      "transaction_type": "DEBIT",
      "bank_name": "CENTRAL",
      "account_number": "5048110686",
      "balance": 84397.7
    },
    {
      "transaction_date": "2025-11-24",
      "description": "TO TRF.- UPI RRN 408910017304.TRF TO BARBEQUE NATION",
      "amount": 1091.68,
      "transaction_type": "DEBIT",
      "bank_name": "CENTRAL",
      "account_number": "5048110686",
      "balance": 83306.02
    },
    {
      "transaction_date": "2025-11-24",
      "description": "BY TRF.- UPI RRN 471175997902.TRF FROM FRIEND",
      "amount": 1750.8,
      "transaction_type": "CREDIT",
      "bank_name": "CENTRAL",
      "account_number": "5048110686",
      "balance": 85056.82
    },
    {
      "transaction_date": "2025-11-24",
      "description": "TO TRF.- UPI RRN 435617340322.TRF TO RELIANCE FRESH",
      "amount": 1083.16,
      "transaction_type": "DEBIT",
      "bank_name": "CENTRAL",
      "account_number": "5048110686",
      "balance": 83973.66
    },
    {
      "transaction_date": "2025-11-24",
      "description": "TO TRF.- UPI RRN 473440946149.TRF TO GAS CYLINDER",
      "amount": 928.62,
      "transaction_type": "DEBIT",
      "bank_name": "CENTRAL",
      "account_number": "5048110686",
      "balance": 83045.04
    },
    {
      "transaction_date": "2025-11-24",
      "description": "TO TRF.- UPI RRN 486840773845.TRF TO STARBUCKS",
      "amount": 238.92,
      "transaction_type": "DEBIT",
      "bank_name": "CENTRAL",
      "account_number": "5048110686",
      "balance": 82806.12
    },
    {
      "transaction_date": "2025-11-24",
      "description": "TO TRF.- UPI RRN 498711605341.TRF TO KFC",
      "amount": 323.9,
      "transaction_type": "DEBIT",
      "bank_name": "CENTRAL",
      "account_number": "5048110686",
      "balance": 82482.22
    },
    {
      "transaction_date": "2025-11-24",
      "description": "TO TRF.- UPI RRN 426536375506.TRF TO BARBEQUE NATION",
      "amount": 1171.91,
      "transaction_type": "DEBIT",
      "bank_name": "CENTRAL",
      "account_number": "5048110686",
      "balance": 81310.31
    },
    {
      "transaction_date": "2025-11-24",
      "description": "TO TRF.- UPI RRN 471089785805.TRF TO SWIGGY",
      "amount": 402.45,
      "transaction_type": "DEBIT",
      "bank_name": "CENTRAL",
      "account_number": "5048110686",
      "balance": 80907.86
    },
    {
      "transaction_date": "2025-11-25",
      "description": "TO TRF.- UPI RRN 484333540113.TRF TO OLA CABS",
      "amount": 326.16,
      "transaction_type": "DEBIT",
      "bank_name": "CENTRAL",
      "account_number": "5048110686",
      "balance": 80581.7
    },
    {
      "transaction_date": "2025-11-25",
      "description": "TO TRF.- UPI RRN 477261743847.TRF TO WATER BILL",
      "amount": 386.52,
      "transaction_type": "DEBIT",
      "bank_name": "CENTRAL",
      "account_number": "5048110686",
      "balance": 80195.18
    },
    {
      "transaction_date": "2025-11-25",
      "description": "TO TRF.- UPI RRN 417747424418.TRF TO ATM CASH WITHDRAWAL",
      "amount": 1844.87,
      "transaction_type": "DEBIT",
      "bank_name": "CENTRAL",
      "account_number": "5048110686",
      "balance": 78350.31
    },
    {
      "transaction_date": "2025-11-25",
      "description": "TO TRF.- UPI RRN 448889961577.CTARRFR ITEOD SFPOERNWCAERRDS :",
      "amount": 76340.37,
      "transaction_type": "DEBIT",
      "bank_name": "CENTRAL",
      "account_number": "5048110686",
      "balance": 76189.87
    },
    {
      "transaction_date": "2025-11-26",
      "description": "TO TRF.- UPI RRN 462536491800.TRF TO UBER",
      "amount": 150.5,
      "transaction_type": "DEBIT",
      "bank_name": "CENTRAL",
      "account_number": "5048110686",
      "balance": 76189.87
    },
    {
      "transaction_date": "2025-11-26",
      "description": "TO TRF.- UPI RRN 462434441269.TRF TO MYNTRA",
      "amount": 1770.91,
      "transaction_type": "DEBIT",
      "bank_name": "CENTRAL",
      "account_number": "5048110686",
      "balance": 74418.96
    },
    {
      "transaction_date": "2025-11-26",
      "description": "TO TRF.- UPI RRN 405357106072.TRF TO CAFE COFFEE DAY",
      "amount": 245.35,
      "transaction_type": "DEBIT",
      "bank_name": "CENTRAL",
      "account_number": "5048110686",
      "balance": 74173.61
    },
    {
      "transaction_date": "2025-11-26",
      "description": "TO TRF.- UPI RRN 416161220401.TRF TO INDIAN OIL PETROL",
      "amount": 1987.7,
      "transaction_type": "DEBIT",
      "bank_name": "CENTRAL",
      "account_number": "5048110686",
      "balance": 72185.91
    },
    {
      "transaction_date": "2025-11-26",
      "description": "TO TRF.- UPI RRN 402098153383.TRF TO NETFLIX",
      "amount": 332.33,
      "transaction_type": "DEBIT",
      "bank_name": "CENTRAL",
      "account_number": "5048110686",
      "balance": 71853.58
    },
    {
      "transaction_date": "2025-11-26",
      "description": "TO TRF.- UPI RRN 424171743133.TRF TO AMAZON PRIME",
      "amount": 307.05,
      "transaction_type": "DEBIT",
      "bank_name": "CENTRAL",
      "account_number": "5048110686",
      "balance": 71546.53
    },
    {
      "transaction_date": "2025-11-26",
      "description": "TO TRF.- UPI RRN 432447350511.TRF TO ATM CASH WITHDRAWAL",
      "amount": 9214.06,
      "transaction_type": "DEBIT",
      "bank_name": "CENTRAL",
      "account_number": "5048110686",
      "balance": 62332.47
    },
    {
      "transaction_date": "2025-11-27",
      "description": "TO TRF.- UPI RRN 410835644190.TRF TO MYNTRA",
      "amount": 824.6,
      "transaction_type": "DEBIT",
      "bank_name": "CENTRAL",
      "account_number": "5048110686",
      "balance": 61507.87
    },
    {
      "transaction_date": "2025-11-27",
      "description": "TO TRF.- UPI RRN 413055172597.TRF TO MYNTRA",
      "amount": 588.87,
      "transaction_type": "DEBIT",
      "bank_name": "CENTRAL",
      "account_number": "5048110686",
      "balance": 60919.0
    },
    {
      "transaction_date": "2025-11-27",
      "description": "TO TRF.- UPI RRN 477937251416.TRF TO BIG BAZAAR",
      "amount": 2256.68,
      "transaction_type": "DEBIT",
      "bank_name": "CENTRAL",
      "account_number": "5048110686",
      "balance": 58662.32
    },
    {
      "transaction_date": "2025-11-27",
      "description": "TO TRF.- UPI RRN 493312761428.TRF TO INOX",
      "amount": 372.04,
      "transaction_type": "DEBIT",
      "bank_name": "CENTRAL",
      "account_number": "5048110686",
      "balance": 58290.28
    },
    {
      "transaction_date": "2025-11-27",
      "description": "TO TRF.- UPI RRN 482889729377.TRF TO AMAZON PRIME",
      "amount": 1187.22,
      "transaction_type": "DEBIT",
      "bank_name": "CENTRAL",
      "account_number": "5048110686",
      "balance": 57103.06
    },
    {
      "transaction_date": "2025-11-27",
      "description": "TO TRF.- UPI RRN 411328166477.TRF TO HALDIRAMS",
      "amount": 309.43,
      "transaction_type": "DEBIT",
      "bank_name": "CENTRAL",
      "account_number": "5048110686",
      "balance": 56793.63
    },
    {
      "transaction_date": "2025-11-27",
      "description": "TO TRF.- UPI RRN 460660180775.TRF TO MAKEMYTRIP",
      "amount": 12127.01,
      "transaction_type": "DEBIT",
      "bank_name": "CENTRAL",
      "account_number": "5048110686",
      "balance": 44666.62
    },
    {
      "transaction_date": "2025-11-27",
      "description": "TO TRF.- UPI RRN 484698756773.TRF TO ATM CASH WITHDRAWAL",
      "amount": 4392.47,
      "transaction_type": "DEBIT",
      "bank_name": "CENTRAL",
      "account_number": "5048110686",
      "balance": 40274.15
    },
    {
      "transaction_date": "2025-11-27",
      "description": "TO TRF.- UPI RRN 405831900803.TRF TO MORE MEGASTORE",
      "amount": 722.66,
      "transaction_type": "DEBIT",
      "bank_name": "CENTRAL",
      "account_number": "5048110686",
      "balance": 39551.49
    },
    {
      "transaction_date": "2025-11-27",
      "description": "TO TRF.- UPI RRN 451199241114.TRF TO OLA CABS",
      "amount": 180.79,
      "transaction_type": "DEBIT",
      "bank_name": "CENTRAL",
      "account_number": "5048110686",
      "balance": 39370.7
    },
    {
      "transaction_date": "2025-11-27",
      "description": "TO TRF.- UPI RRN 430995102638.TRF TO GYM MEMBERSHIP",
      "amount": 1052.7,
      "transaction_type": "DEBIT",
      "bank_name": "CENTRAL",
      "account_number": "5048110686",
      "balance": 38318.0
    },
    {
      "transaction_date": "2025-11-27",
      "description": "TO TRF.- UPI RRN 490518100119.TRF TO AMAZON",
      "amount": 1805.38,
      "transaction_type": "DEBIT",
      "bank_name": "CENTRAL",
      "account_number": "5048110686",
      "balance": 36512.62
    },
    {
      "transaction_date": "2025-11-28",
      "description": "TO TRF.- UPI RRN 479320603826.CTARRFR ITEOD GFOOIRBWIBAORD :",
      "amount": 26220.65,
      "transaction_type": "DEBIT",
      "bank_name": "CENTRAL",
      "account_number": "5048110686",
      "balance": 24342.39
    },
    {
      "transaction_date": "2025-11-29",
      "description": "TO TRF.- UPI RRN 473907005451.TRF TO FLIPKART",
      "amount": 1878.26,
      "transaction_type": "DEBIT",
      "bank_name": "CENTRAL",
      "account_number": "5048110686",
      "balance": 24342.39
    },
    {
      "transaction_date": "2025-11-29",
      "description": "TO TRF.- UPI RRN 453585209381.TRF TO HALDIRAMS",
      "amount": 272.88,
      "transaction_type": "DEBIT",
      "bank_name": "CENTRAL",
      "account_number": "5048110686",
      "balance": 24069.51
    },
    {
      "transaction_date": "2025-11-29",
      "description": "TO TRF.- UPI RRN 444621579441.TRF TO RELIANCE FRESH",
      "amount": 1540.91,
      "transaction_type": "DEBIT",
      "bank_name": "CENTRAL",
      "account_number": "5048110686",
      "balance": 22528.6
    },
    {
      "transaction_date": "2025-11-29",
      "description": "TO TRF.- UPI RRN 408969376524.TRF TO AJIO",
      "amount": 2219.0,
      "transaction_type": "DEBIT",
      "bank_name": "CENTRAL",
      "account_number": "5048110686",
      "balance": 20309.6
    },
    {
      "transaction_date": "2025-11-30",
      "description": "TO TRF.- UPI RRN 404537658630.TRF TO AIRTEL BROADBAND",
      "amount": 1330.46,
      "transaction_type": "DEBIT",
      "bank_name": "CENTRAL",
      "account_number": "5048110686",
      "balance": 18979.14
    },
    {
      "transaction_date": "2025-11-30",
      "description": "TO TRF.- UPI RRN 425975018368.TRF TO LOCAL KIRANA",
      "amount": 284.92,
      "transaction_type": "DEBIT",
      "bank_name": "CENTRAL",
      "account_number": "5048110686",
      "balance": 18694.22
    },
    {
      "transaction_date": "2025-11-30",
      "description": "TO TRF.- UPI RRN 445084084706.TRF TO GOIBIBO",
      "amount": 10254.05,
      "transaction_type": "DEBIT",
      "bank_name": "CENTRAL",
      "account_number": "5048110686",
      "balance": 8440.17
    },
    {
      "transaction_date": "2025-11-30",
      "description": "TO TRF.- UPI RRN 430263060472.TRF TO DMART",
      "amount": 1724.83,
      "transaction_type": "DEBIT",
      "bank_name": "CENTRAL",
      "account_number": "5048110686",
      "balance": 6715.34
    },
    {
      "transaction_date": "2025-11-30",
      "description": "TO TRF.- UPI RRN 451409471231.TRF TO BOOK MY SHOW",
      "amount": 748.47,
      "transaction_type": "DEBIT",
      "bank_name": "CENTRAL",
      "account_number": "5048110686",
      "balance": 5966.87
    },
    {
      "transaction_date": "2025-11-30",
      "description": "TO TRF.- UPI RRN 498915493237.TRF TO WATER BILL",
      "amount": 501.4,
      "transaction_type": "DEBIT",
      "bank_name": "CENTRAL",
      "account_number": "5048110686",
      "balance": 5465.47
    },
    {
      "transaction_date": "2025-11-30",
      "description": "TO TRF.- UPI RRN 480203056063.TRF TO DTH RECHARGE",
      "amount": 232.4,
      "transaction_type": "DEBIT",
      "bank_name": "CENTRAL",
      "account_number": "5048110686",
      "balance": 5233.07
    },
    {
      "transaction_date": "2025-12-01",
      "description": "TO TRF.- UPI RRN 455474322636.TRF TO METRO CARD RECHARGE",
      "amount": 216.97,
      "transaction_type": "DEBIT",
      "bank_name": "CENTRAL",
      "account_number": "5048110686",
      "balance": 5016.1
    },
    {
      "transaction_date": "2025-12-01",
      "description": "TO TRF.- - UPI RRN 409622711875.TRF TO GOIBIBO",
      "amount": 5927.25,
      "transaction_type": "DEBIT",
      "bank_name": "CENTRAL",
      "account_number": "5048110686",
      "balance": 911.15
    },
    {
      "transaction_date": "2025-12-01",
      "description": "TO TRF.- - UPI RRN 460812406565.TRF TO GAS CYLINDER",
      "amount": 823.37,
      "transaction_type": "DEBIT",
      "bank_name": "CENTRAL",
      "account_number": "5048110686",
      "balance": 1734.52
    },
    {
      "transaction_date": "2025-12-01",
      "description": "TO TRF.- - UPI RRN 482610984214.TRF TO BIG BAZAAR",
      "amount": 1481.63,
      "transaction_type": "DEBIT",
      "bank_name": "CENTRAL",
      "account_number": "5048110686",
      "balance": 3216.15
    },
    {
      "transaction_date": "2025-12-01",
      "description": "TO TRF.- - UPI RRN 494369321179.TRF TO AJIO",
      "amount": 975.22,
      "transaction_type": "DEBIT",
      "bank_name": "CENTRAL",
      "account_number": "5048110686",
      "balance": 4191.37
    },
    {
      "transaction_date": "2025-12-01",
      "description": "TO TRF.- - UPI RRN 492213404424.TRF TO BARBEQUE NATION",
      "amount": 1250.78,
      "transaction_type": "DEBIT",
      "bank_name": "CENTRAL",
      "account_number": "5048110686",
      "balance": 5442.15
    },
    {
      "transaction_date": "2025-12-02",
      "description": "TO TRF.- - UPI RRN 473575943946.TRF TO DMART",
      "amount": 1434.57,
      "transaction_type": "DEBIT",
      "bank_name": "CENTRAL",
      "account_number": "5048110686",
      "balance": 6876.72
    },
    {
      "transaction_date": "2025-12-02",
      "description": "TO TRF.- - UPI RRN 410876830952.TRF TO SUBWAY",
      "amount": 264.05,
      "transaction_type": "DEBIT",
      "bank_name": "CENTRAL",
      "account_number": "5048110686",
      "balance": 7140.77
    },
    {
      "transaction_date": "2025-12-02",
      "description": "TO TRF.- - UPI RRN 427284363023.CTARRFR ITEOD GFOOIRBWIBAORD :",
      "amount": 10473.94,
      "transaction_type": "DEBIT",
      "bank_name": "CENTRAL",
      "account_number": "5048110686",
      "balance": 11152.44
    },
    {
      "transaction_date": "2025-12-02",
      "description": "TO TRF.- - UPI RRN 408768437897.TRF TO MOBILE RECHARGE",
      "amount": 678.5,
      "transaction_type": "DEBIT",
      "bank_name": "CENTRAL",
      "account_number": "5048110686",
      "balance": 11152.44
    },
    {
      "transaction_date": "2025-12-02",
      "description": "BY TRF.- UPI RRN 440662452526.SALARY CREDIT",
      "amount": 74677.73,
      "transaction_type": "CREDIT",
      "bank_name": "CENTRAL",
      "account_number": "5048110686",
      "balance": 63525.29
    },
    {
      "transaction_date": "2025-12-02",
      "description": "TO TRF.- UPI RRN 498372105001.TRF TO SPENCERS",
      "amount": 620.37,
      "transaction_type": "DEBIT",
      "bank_name": "CENTRAL",
      "account_number": "5048110686",
      "balance": 62904.92
    },
    {
      "transaction_date": "2025-12-02",
      "description": "TO TRF.- UPI RRN 477166126704.TRF TO GAS CYLINDER",
      "amount": 995.88,
      "transaction_type": "DEBIT",
      "bank_name": "CENTRAL",
      "account_number": "5048110686",
      "balance": 61909.04
    },
    {
      "transaction_date": "2025-12-02",
      "description": "TO TRF.- UPI RRN 406937668251.TRF TO AJIO.CARRIED FORWARD : Page Summary Dr.Count 266.Count 34 Toll Free No.18003030 This is system generated statement hence signature or seal is not required",
      "amount": 567596.3,
      "transaction_type": "DEBIT",
      "bank_name": "CENTRAL",
      "account_number": "5048110686",
      "balance": 485967.36
    }
  ]
}