{
  "bank_name": "HDFC",
  "account_number": "50100167696320",
  "account_holder": "",
  "statement_period": "01/06/2024 To 29/09/2024",
  "transactions": [
    {
      "transaction_date": "2024-06-01",
      "description": "POS 416021XXXXXX7596 IRCTC RAIL TICKET POS\nDEBIT",
      "amount": 1594.84,
      "transaction_type": "DEBIT",
      "bank_name": "HDFC",
      "account_number": "50100167696320",
      "balance": 28009.12
    },
    {
      "transaction_date": "2024-06-01",
      "description": "ATW-416021XXXXXX3391-5WCVS5SS-MUMBAI",
      "amount": 486.54,
      "transaction_type": "DEBIT",
      "bank_name": "HDFC",
      "account_number": "50100167696320",
      "balance": 27522.58
    },
    {
      "transaction_date": "2024-06-01",
      "description": "POS 416021XXXXXX8453 PUNJABI DHABA POS DEBIT",
      "amount": 336.92,
      "transaction_type": "DEBIT",
      "bank_name": "HDFC",
      "account_number": "50100167696320",
      "balance": 27185.66
    },
    {
      "transaction_date": "2024-06-01",
      "description": "POS 416021XXXXXX7959 NATURE S BASKET POS\nDEBIT",
      "amount": 1196.8,
      "transaction_type": "DEBIT",
      "bank_name": "HDFC",
      "account_number": "50100167696320",
      "balance": 25988.86
    },
    {
      "transaction_date": "2024-06-03",
      "description": "POS 416021XXXXXX8755 STARBUCKS COFFEE POS\nDEBIT",
      "amount": 317.72,
      "transaction_type": "DEBIT",
      "bank_name": "HDFC",
      "account_number": "50100167696320",
      "balance": 25671.14
    },
    {
      "transaction_date": "2024-06-03",
      "description": "POS 416021XXXXXX2299 MEDPLUS POS DEBIT",
      "amount": 161.41,
      "transaction_type": "DEBIT",
      "bank_name": "HDFC",
      "account_number": "50100167696320",
      "balance": 25509.73
    },
    {
      "transaction_date": "2024-06-03",
      "description": "POS 416021XXXXXX8488 CAFE COFFEE DAY POS\nDEBIT",
      "amount": 300.83,
      "transaction_type": "DEBIT",
      "bank_name": "HDFC",
      "account_number": "50100167696320",
      "balance": 25208.9
    },
    {
      "transaction_date": "2024-06-03",
      "description": "POS 416021XXXXXX5669 MCDONALD S POS DEBIT",
      "amount": 308.46,
      "transaction_type": "DEBIT",
      "bank_name": "HDFC",
      "account_number": "50100167696320",
      "balance": 24900.44
    },
    {
      "transaction_date": "2024-06-03",
      "description": "POS 416021XXXXXX2896 INOX CINEMAS POS DEBIT",
      "amount": 902.23,
      "transaction_type": "DEBIT",
      "bank_name": "HDFC",
      "account_number": "50100167696320",
      "balance": 23998.21
    },
    {
      "transaction_date": "2024-06-04",
      "description": "UPI-261726610644-OLA CABS-UPI-831904405384-OK",
      "amount": 500.45,
      "transaction_type": "DEBIT",
      "bank_name": "HDFC",
      "account_number": "50100167696320",
      "balance": 23497.76
    },
    {
      "transaction_date": "2024-06-05",
      "description": "POS 416021XXXXXX5926 STARBUCKS COFFEE POS\nDEBIT",
      "amount": 360.37,
      "transaction_type": "DEBIT",
      "bank_name": "HDFC",
      "account_number": "50100167696320",
      "balance": 23137.39
    },
    {
      "transaction_date": "2024-06-05",
      "description": "POS 416021XXXXXX5963 IRCTC RAIL TICKET POS\nDEBIT",
      "amount": 1616.98,
      "transaction_type": "DEBIT",
      "bank_name": "HDFC",
      "account_number": "50100167696320",
      "balance": 21520.41
    },
    {
      "transaction_date": "2024-06-05",
      "description": "POS 416021XXXXXX7994 CAFE COFFEE DAY POS\nDEBIT",
      "amount": 248.04,
      "transaction_type": "DEBIT",
      "bank_name": "HDFC",
      "account_number": "50100167696320",
      "balance": 21272.37
    },
    {
      "transaction_date": "2024-06-06",
      "description": "ATW-416021XXXXXX9970-4KITCXTU-MUMBAI",
      "amount": 370.9,
      "transaction_type": "DEBIT",
      "bank_name": "HDFC",
      "account_number": "50100167696320",
      "balance": 20901.47
    },
    {
      "transaction_date": "2024-06-06",
      "description": "POS 416021XXXXXX8308 MAKEMYTRIP POS DEBIT",
      "amount": 3905.51,
      "transaction_type": "DEBIT",
      "bank_name": "HDFC",
      "account_number": "50100167696320",
      "balance": 16995.96
    },
    {
      "transaction_date": "2024-06-06",
      "description": "POS 416021XXXXXX4357 BARBEQUE NATION POS\nDEBIT",
      "amount": 1547.37,
      "transaction_type": "DEBIT",
      "bank_name": "HDFC",
      "account_number": "50100167696320",
      "balance": 15448.59
    },
    {
      "transaction_date": "2024-06-07",
      "description": "POS 416021XXXXXX3752 MCDONALD S POS DEBIT",
      "amount": 268.75,
      "transaction_type": "DEBIT",
      "bank_name": "HDFC",
      "account_number": "50100167696320",
      "balance": 15179.84
    },
    {
      "transaction_date": "2024-06-07",
      "description": "A\nUPI-461410113670-AMAZON PAY-UPI-812348560827-OK",
      "amount": 4199.95,
      "transaction_type": "DEBIT",
      "bank_name": "HDFC",
      "account_number": "50100167696320",
      "balance": 10979.89
    },
    {
      "transaction_date": "2024-06-07",
      "description": "POS 416021XXXXXX3834 BIG BAZAAR POS DEBIT",
      "amount": 2797.71,
      "transaction_type": "DEBIT",
      "bank_name": "HDFC",
      "account_number": "50100167696320",
      "balance": 8182.18
    },
    {
      "transaction_date": "2024-06-07",
      "description": "S\nPOS 416021XXXXXX4081 HP PETROL PUMP POS DEBIT",
      "amount": 1780.49,
      "transaction_type": "DEBIT",
      "bank_name": "HDFC",
      "account_number": "50100167696320",
      "balance": 6401.69
    },
    {
      "transaction_date": "2024-06-09",
      "description": "UPI-393340132958-ARUN\nMISHRA@UPI-842779215310-OK",
      "amount": 553.97,
      "transaction_type": "DEBIT",
      "bank_name": "HDFC",
      "account_number": "50100167696320",
      "balance": 5847.72
    },
    {
      "transaction_date": "2024-06-11",
      "description": "POS 416021XXXXXX8675 BIG BAZAAR POS DEBIT",
      "amount": 1854.74,
      "transaction_type": "DEBIT",
      "bank_name": "HDFC",
      "account_number": "50100167696320",
      "balance": 3992.98
    },
    {
      "transaction_date": "2024-06-11",
      "description": "POS 416021XXXXXX9347 KFC RESTAURANT POS\nDEBIT",
      "amount": 412.15,
      "transaction_type": "DEBIT",
      "bank_name": "HDFC",
      "account_number": "50100167696320",
      "balance": 3580.83
    },
    {
      "transaction_date": "2024-06-11",
      "description": "NHDF6071677201/BILLDKHOTSTAR",
      "amount": 1166.33,
      "transaction_type": "DEBIT",
      "bank_name": "HDFC",
      "account_number": "50100167696320",
      "balance": 2414.5
    },
    {
      "transaction_date": "2024-06-11",
      "description": "CREDIT INTEREST CAPITALISED",
      "amount": 253.62,
      "transaction_type": "CREDIT",
      "bank_name": "HDFC",
      "account_number": "50100167696320",
      "balance": 2668.12
    },
    {
      "transaction_date": "2024-06-11",
      "description": "UPI-721743321290-OLA CABS-UPI-810845594369-OK",
      "amount": 345.44,
      "transaction_type": "DEBIT",
      "bank_name": "HDFC",
      "account_number": "50100167696320",
      "balance": 2322.68
    },
    {
      "transaction_date": "2024-06-12",
      "description": "NHDF6075170038/BILLDKAIRTELINDIA",
      "amount": 266.92,
      "transaction_type": "DEBIT",
      "bank_name": "HDFC",
      "account_number": "50100167696320",
      "balance": 2055.76
    },
    {
      "transaction_date": "2024-06-13",
      "description": "EMI 5083122 CHQ S501661576 1306245083122",
      "amount": 1917.37,
      "transaction_type": "DEBIT",
      "bank_name": "HDFC",
      "account_number": "50100167696320",
      "balance": 138.39
    },
    {
      "transaction_date": "2024-06-13",
      "description": "POS 416021XXXXXX2906 MEDPLUS POS DEBIT",
      "amount": 865.18,
      "transaction_type": "DEBIT",
      "bank_name": "HDFC",
      "account_number": "50100167696320",
      "balance": -726.79
    },
    {
      "transaction_date": "2024-06-13",
      "description": "POS 416021XXXXXX1900 BIG BAZAAR POS DEBIT",
      "amount": 2087.31,
      "transaction_type": "DEBIT",
      "bank_name": "HDFC",
      "account_number": "50100167696320",
      "balance": -2814.1
    },
    {
      "transaction_date": "2024-06-13",
      "description": "NEFT DR-IDLT191073-POOJA PILLAI-NETBANK,\nMUM-N387220800863-PERSON",
      "amount": 8957.51,
      "transaction_type": "DEBIT",
      "bank_name": "HDFC",
      "account_number": "50100167696320",
      "balance": -11771.61
    },
    {
      "transaction_date": "2024-06-13",
      "description": "UPI-178066098969-SWIGGY-UPI-839301488670-OK",
      "amount": 420.15,
      "transaction_type": "DEBIT",
      "bank_name": "HDFC",
      "account_number": "50100167696320",
      "balance": -12191.76
    },
    {
      "transaction_date": "2024-06-14",
      "description": "UPI-527030123065-KAVITA\nSHARMA@UPI-859254830534-OK",
      "amount": 4714.0,
      "transaction_type": "DEBIT",
      "bank_name": "HDFC",
      "account_number": "50100167696320",
      "balance": -16905.76
    },
    {
      "transaction_date": "2024-06-14",
      "description": "POS 416021XXXXXX8987 AMAZON PAY POS DEBIT",
      "amount": 1603.98,
      "transaction_type": "DEBIT",
      "bank_name": "HDFC",
      "account_number": "50100167696320",
      "balance": -18509.74
    },
    {
      "transaction_date": "2024-06-15",
      "description": "POS 416021XXXXXX8637 BHARAT PETROLEUM POS\nDEBIT",
      "amount": 1643.97,
      "transaction_type": "DEBIT",
      "bank_name": "HDFC",
      "account_number": "50100167696320",
      "balance": -20153.71
    },
    {
      "transaction_date": "2024-06-15",
      "description": "POS 416021XXXXXX7180 BIG BAZAAR POS DEBIT",
      "amount": 965.1,
      "transaction_type": "DEBIT",
      "bank_name": "HDFC",
      "account_number": "50100167696320",
      "balance": -21118.81
    },
    {
      "transaction_date": "2024-06-15",
      "description": "POS 416021XXXXXX7319 MYNTRA POS DEBIT",
      "amount": 2540.73,
      "transaction_type": "DEBIT",
      "bank_name": "HDFC",
      "account_number": "50100167696320",
      "balance": -23659.54
    },
    {
      "transaction_date": "2024-06-16",
      "description": "POS 416021XXXXXX3473 MAKEMYTRIP POS DEBIT",
      "amount": 11965.0,
      "transaction_type": "DEBIT",
      "bank_name": "HDFC",
      "account_number": "50100167696320",
      "balance": -35624.54
    },
    {
      "transaction_date": "2024-06-16",
      "description": "UPI-923026944188-PRACTO-UPI-891907259891-OK",
      "amount": 609.79,
      "transaction_type": "DEBIT",
      "bank_name": "HDFC",
      "account_number": "50100167696320",
      "balance": -36234.33
    },
    {
      "transaction_date": "2024-06-16",
      "description": "POS 416021XXXXXX7173 CULT FIT POS DEBIT",
      "amount": 2509.98,
      "transaction_type": "DEBIT",
      "bank_name": "HDFC",
      "account_number": "50100167696320",
      "balance": -38744.31
    },
    {
      "transaction_date": "2024-06-16",
      "description": "UPI-420258642861-ZOMATO-UPI-864658048623-OK",
      "amount": 655.28,
      "transaction_type": "DEBIT",
      "bank_name": "HDFC",
      "account_number": "50100167696320",
      "balance": -39399.59
    },
    {
      "transaction_date": "2024-06-16",
      "description": "ACH D- HOMECRINDFINPVTLTD-6185331458",
      "amount": 1753.14,
      "transaction_type": "DEBIT",
      "bank_name": "HDFC",
      "account_number": "50100167696320",
      "balance": -41152.73
    },
    {
      "transaction_date": "2024-06-17",
      "description": "UPI-440399083605-SEEMA IYER@UPI-835340284968-OK",
      "amount": 1507.99,
      "transaction_type": "DEBIT",
      "bank_name": "HDFC",
      "account_number": "50100167696320",
      "balance": -42660.72
    },
    {
      "transaction_date": "2024-06-17",
      "description": "IB BILLPAY DR-HDFCPE-545964XXXXXX3563",
      "amount": 4778.63,
      "transaction_type": "DEBIT",
      "bank_name": "HDFC",
      "account_number": "50100167696320",
      "balance": -47439.35
    },
    {
      "transaction_date": "2024-06-18",
      "description": "UPI-739013085288-OLA CABS-UPI-846893508847-OK",
      "amount": 186.09,
      "transaction_type": "DEBIT",
      "bank_name": "HDFC",
      "account_number": "50100167696320",
      "balance": -47625.44
    },
    {
      "transaction_date": "2024-06-19",
      "description": "UPI-265972932512-AMAZON PAY-UPI-842303899714-OK",
      "amount": 3648.76,
      "transaction_type": "DEBIT",
      "bank_name": "HDFC",
      "account_number": "50100167696320",
      "balance": -51274.2
    },
    {
      "transaction_date": "2024-06-19",
      "description": "UPI-962528969865-SWIGGY-UPI-890306724413-OK",
      "amount": 481.31,
      "transaction_type": "DEBIT",
      "bank_name": "HDFC",
      "account_number": "50100167696320",
      "balance": -51755.51
    },
    {
      "transaction_date": "2024-06-19",
      "description": "UPI-380756981566-UBER INDIA-UPI-872442750432-OK",
      "amount": 421.47,
      "transaction_type": "DEBIT",
      "bank_name": "HDFC",
      "account_number": "50100167696320",
      "balance": -52176.98
    },
    {
      "transaction_date": "2024-06-19",
      "description": "NEFT DR-JUSY840539-ANJALI MEHTA-NETBANK,\nMUM-N242855916666-PERSON",
      "amount": 10390.42,
      "transaction_type": "DEBIT",
      "bank_name": "HDFC",
      "account_number": "50100167696320",
      "balance": -62567.4
    },
    {
      "transaction_date": "2024-06-19",
      "description": "A\nPOS 416021XXXXXX8984 MORE SUPERMARKET POS\nDEBIT",
      "amount": 1526.37,
      "transaction_type": "DEBIT",
      "bank_name": "HDFC",
      "account_number": "50100167696320",
      "balance": -64093.77
    },
    {
      "transaction_date": "2024-06-19",
      "description": "POS 416021XXXXXX4101 MCDONALD S POS DEBIT",
      "amount": 359.07,
      "transaction_type": "DEBIT",
      "bank_name": "HDFC",
      "account_number": "50100167696320",
      "balance": -64452.84
    },
    {
      "transaction_date": "2024-06-19",
      "description": "S\nPOS 416021XXXXXX4005 MEDPLUS POS DEBIT",
      "amount": 1128.79,
      "transaction_type": "DEBIT",
      "bank_name": "HDFC",
      "account_number": "50100167696320",
      "balance": -65581.63
    },
    {
      "transaction_date": "2024-06-19",
      "description": "POS 416021XXXXXX2410 PVR CINEMAS POS DEBIT",
      "amount": 532.4,
      "transaction_type": "DEBIT",
      "bank_name": "HDFC",
      "account_number": "50100167696320",
      "balance": -66114.03
    },
    {
      "transaction_date": "2024-06-21",
      "description": "POS 416021XXXXXX4815 CULT FIT POS DEBIT",
      "amount": 957.82,
      "transaction_type": "DEBIT",
      "bank_name": "HDFC",
      "account_number": "50100167696320",
      "balance": -67071.85
    },
    {
      "transaction_date": "2024-06-21",
      "description": "EMI 5035038 CHQ S493242246 2106245035038",
      "amount": 4880.82,
      "transaction_type": "DEBIT",
      "bank_name": "HDFC",
      "account_number": "50100167696320",
      "balance": -71952.67
    },
    {
      "transaction_date": "2024-06-21",
      "description": "POS 416021XXXXXX1061 MYNTRA POS DEBIT",
      "amount": 2949.66,
      "transaction_type": "DEBIT",
      "bank_name": "HDFC",
      "account_number": "50100167696320",
      "balance": -74902.33
    },
    {
      "transaction_date": "2024-06-21",
      "description": "POS 416021XXXXXX6325 MORE SUPERMARKET POS\nDEBIT",
      "amount": 765.68,
      "transaction_type": "DEBIT",
      "bank_name": "HDFC",
      "account_number": "50100167696320",
      "balance": -75668.01
    },
    {
      "transaction_date": "2024-06-21",
      "description": "POS 416021XXXXXX6779 BARBEQUE NATION POS\nDEBIT",
      "amount": 1698.02,
      "transaction_type": "DEBIT",
      "bank_name": "HDFC",
      "account_number": "50100167696320",
      "balance": -77366.03
    },
    {
      "transaction_date": "2024-06-21",
      "description": "POS 416021XXXXXX3454 PVR CINEMAS POS DEBIT",
      "amount": 1163.51,
      "transaction_type": "DEBIT",
      "bank_name": "HDFC",
      "account_number": "50100167696320",
      "balance": -78529.54
    },
    {
      "transaction_date": "2024-06-21",
      "description": "POS 416021XXXXXX6696 IRCTC RAIL TICKET POS\nDEBIT",
      "amount": 2674.81,
      "transaction_type": "DEBIT",
      "bank_name": "HDFC",
      "account_number": "50100167696320",
      "balance": -81204.35
    },
    {
      "transaction_date": "2024-06-21",
      "description": "POS 416021XXXXXX1932 MCDONALD S POS DEBIT",
      "amount": 384.08,
      "transaction_type": "DEBIT",
      "bank_name": "HDFC",
      "account_number": "50100167696320",
      "balance": -81588.43
    },
    {
      "transaction_date": "2024-06-22",
      "description": "UPI-702064446807-SUNITA\nPILLAI@UPI-848530630415-OK",
      "amount": 3421.0,
      "transaction_type": "CREDIT",
      "bank_name": "HDFC",
      "account_number": "50100167696320",
      "balance": -78167.43
    },
    {
      "transaction_date": "2024-06-23",
      "description": "UPI-402128375789-BOOKMYSHOW-UPI-890266031458-O\nK",
      "amount": 851.24,
      "transaction_type": "DEBIT",
      "bank_name": "HDFC",
      "account_number": "50100167696320",
      "balance": -79018.67
    },
    {
      "transaction_date": "2024-06-23",
      "description": "POS 416021XXXXXX7508 FLIPKART POS DEBIT",
      "amount": 5356.36,
      "transaction_type": "DEBIT",
      "bank_name": "HDFC",
      "account_number": "50100167696320",
      "balance": -84375.03
    },
    {
      "transaction_date": "2024-06-23",
      "description": "UPI-522247396984-SWIGGY-UPI-847661758960-OK",
      "amount": 628.93,
      "transaction_type": "DEBIT",
      "bank_name": "HDFC",
      "account_number": "50100167696320",
      "balance": -85003.96
    },
    {
      "transaction_date": "2024-06-23",
      "description": "POS 416021XXXXXX5639 PVR CINEMAS POS DEBIT",
      "amount": 727.39,
      "transaction_type": "DEBIT",
      "bank_name": "HDFC",
      "account_number": "50100167696320",
      "balance": -85731.35
    },
    {
      "transaction_date": "2024-06-23",
      "description": "POS 416021XXXXXX3845 LOCAL KIRANA POS DEBIT",
      "amount": 660.56,
      "transaction_type": "DEBIT",
      "bank_name": "HDFC",
      "account_number": "50100167696320",
      "balance": -86391.91
    },
    {
      "transaction_date": "2024-06-23",
      "description": "UPI-793806174435-OLA CABS-UPI-820325134960-OK",
      "amount": 242.27,
      "transaction_type": "DEBIT",
      "bank_name": "HDFC",
      "account_number": "50100167696320",
      "balance": -86634.18
    },
    {
      "transaction_date": "2024-06-24",
      "description": "POS 416021XXXXXX1332 RELIANCE FRESH POS DEBIT",
      "amount": 1245.84,
      "transaction_type": "DEBIT",
      "bank_name": "HDFC",
      "account_number": "50100167696320",
      "balance": -87880.02
    },
    {
      "transaction_date": "2024-06-24",
      "description": "UPI-193019794631-RAJESH\nMISHRA@UPI-856355072998-OK",
      "amount": 2469.55,
      "transaction_type": "DEBIT",
      "bank_name": "HDFC",
      "account_number": "50100167696320",
      "balance": -90349.57
    },
    {
      "transaction_date": "2024-06-25",
      "description": "POS 416021XXXXXX6721 CAFE COFFEE DAY POS\nDEBIT",
      "amount": 176.88,
      "transaction_type": "DEBIT",
      "bank_name": "HDFC",
      "account_number": "50100167696320",
      "balance": -90526.45
    },
    {
      "transaction_date": "2024-06-25",
      "description": "NHDF6041824474/BILLDKBESCOM",
      "amount": 1801.03,
      "transaction_type": "DEBIT",
      "bank_name": "HDFC",
      "account_number": "50100167696320",
      "balance": -92327.48
    },
    {
      "transaction_date": "2024-06-26",
      "description": "POS 416021XXXXXX4554 GOLD S GYM POS DEBIT",
      "amount": 4413.7,
      "transaction_type": "DEBIT",
      "bank_name": "HDFC",
      "account_number": "50100167696320",
      "balance": -96741.18
    },
    {
      "transaction_date": "2024-06-26",
      "description": "POS 416021XXXXXX2831 RELIANCE FRESH POS DEBIT",
      "amount": 1659.37,
      "transaction_type": "DEBIT",
      "bank_name": "HDFC",
      "account_number": "50100167696320",
      "balance": -98400.55
    },
    {
      "transaction_date": "2024-06-26",
      "description": "POS 416021XXXXXX5854 GOLD S GYM POS DEBIT",
      "amount": 4008.98,
      "transaction_type": "DEBIT",
      "bank_name": "HDFC",
      "account_number": "50100167696320",
      "balance": -102409.53
    },
    {
      "transaction_date": "2024-06-26",
      "description": "MICRO ATM CASH DEP - HDFC MUMBAI MH IN -\nBNAKMU29",
      "amount": 11283.35,
      "transaction_type": "CREDIT",
      "bank_name": "HDFC",
      "account_number": "50100167696320",
      "balance": -91126.18
    },
    {
      "transaction_date": "2024-06-26",
      "description": "UPI-321861995052-PRACTO-UPI-888524188245-OK",
      "amount": 450.84,
      "transaction_type": "DEBIT",
      "bank_name": "HDFC",
      "account_number": "50100167696320",
      "balance": -91577.02
    },
    {
      "transaction_date": "2024-06-26",
      "description": "NHDF6260986058/BILLDKNETFLIX",
      "amount": 620.99,
      "transaction_type": "DEBIT",
      "bank_name": "HDFC",
      "account_number": "50100167696320",
      "balance": -92198.01
    },
    {
      "transaction_date": "2024-06-26",
      "description": "ATW-416021XXXXXX3035-JNSGYKA8-MUMBAI",
      "amount": 369.65,
      "transaction_type": "DEBIT",
      "bank_name": "HDFC",
      "account_number": "50100167696320",
      "balance": -92567.66
    },
    {
      "transaction_date": "2024-06-26",
      "description": "A\nPOS 416021XXXXXX8050 DMART POS DEBIT",
      "amount": 2214.96,
      "transaction_type": "DEBIT",
      "bank_name": "HDFC",
      "account_number": "50100167696320",
      "balance": -94782.62
    },
    {
      "transaction_date": "2024-06-29",
      "description": "IMPS-826392055779-HCL TECHNOLOGIES\nLTD-CORP-SALARY CREDIT",
      "amount": 76009.09,
      "transaction_type": "CREDIT",
      "bank_name": "HDFC",
      "account_number": "50100167696320",
      "balance": -18773.53
    },
    {
      "transaction_date": "2024-06-29",
      "description": "S\nEMI 5053102 CHQ S506713610 2906245053102",
      "amount": 2865.72,
      "transaction_type": "DEBIT",
      "bank_name": "HDFC",
      "account_number": "50100167696320",
      "balance": -21639.25
    },
    {
      "transaction_date": "2024-07-01",
      "description": "POS 416021XXXXXX6205 SPENCERS RETAIL POS\nDEBIT",
      "amount": 1513.49,
      "transaction_type": "DEBIT",
      "bank_name": "HDFC",
      "account_number": "50100167696320",
      "balance": -23152.74
    },
    {
      "transaction_date": "2024-07-01",
      "description": "MICRO ATM CASH DEP - HDFC MUMBAI MH IN -\nBNAKMU29",
      "amount": 11284.23,
      "transaction_type": "CREDIT",
      "bank_name": "HDFC",
      "account_number": "50100167696320",
      "balance": -11868.51
    },
    {
      "transaction_date": "2024-07-01",
      "description": "POS 416021XXXXXX3613 BARBEQUE NATION POS\nDEBIT",
      "amount": 1527.74,
      "transaction_type": "DEBIT",
      "bank_name": "HDFC",
      "account_number": "50100167696320",
      "balance": -13396.25
    },
    {
      "transaction_date": "2024-07-01",
      "description": "POS 416021XXXXXX7625 PANTALOONS POS DEBIT",
      "amount": 1237.35,
      "transaction_type": "DEBIT",
      "bank_name": "HDFC",
      "account_number": "50100167696320",
      "balance": -14633.6
    },
    {
      "transaction_date": "2024-07-01",
      "description": "POS 416021XXXXXX1310 HALDIRAM S POS DEBIT",
      "amount": 158.42,
      "transaction_type": "DEBIT",
      "bank_name": "HDFC",
      "account_number": "50100167696320",
      "balance": -14792.02
    },
    {
      "transaction_date": "2024-07-01",
      "description": "NHDF6680392318/BILLDKNETFLIX",
      "amount": 739.21,
      "transaction_type": "DEBIT",
      "bank_name": "HDFC",
      "account_number": "50100167696320",
      "balance": -15531.23
    },
    {
      "transaction_date": "2024-07-01",
      "description": "ATW-416021XXXXXX6495-K0QW75I6-MUMBAI",
      "amount": 234.79,
      "transaction_type": "DEBIT",
      "bank_name": "HDFC",
      "account_number": "50100167696320",
      "balance": -15766.02
    },
    {
      "transaction_date": "2024-07-01",
      "description": "POS 416021XXXXXX9115 SPENCERS RETAIL POS\nDEBIT",
      "amount": 2075.48,
      "transaction_type": "DEBIT",
      "bank_name": "HDFC",
      "account_number": "50100167696320",
      "balance": -17841.5
    },
    {
      "transaction_date": "2024-07-01",
      "description": "POS 416021XXXXXX2120 MAKEMYTRIP POS DEBIT",
      "amount": 11651.07,
      "transaction_type": "DEBIT",
      "bank_name": "HDFC",
      "account_number": "50100167696320",
      "balance": -29492.57
    },
    {
      "transaction_date": "2024-07-01",
      "description": "UPI-996697836429-UBER INDIA-UPI-854636239242-OK",
      "amount": 236.52,
      "transaction_type": "DEBIT",
      "bank_name": "HDFC",
      "account_number": "50100167696320",
      "balance": -29729.09
    },
    {
      "transaction_date": "2024-07-01",
      "description": "POS 416021XXXXXX4166 CULT FIT POS DEBIT",
      "amount": 1220.75,
      "transaction_type": "DEBIT",
      "bank_name": "HDFC",
      "account_number": "50100167696320",
      "balance": -30949.84
    },
    {
      "transaction_date": "2024-07-01",
      "description": "POS 416021XXXXXX1599 KFC RESTAURANT POS\nDEBIT",
      "amount": 582.55,
      "transaction_type": "DEBIT",
      "bank_name": "HDFC",
      "account_number": "50100167696320",
      "balance": -31532.39
    },
    {
      "transaction_date": "2024-07-03",
      "description": "UPI-370536002777-MEERA\nSHAH@UPI-872509661824-OK",
      "amount": 4124.99,
      "transaction_type": "DEBIT",
      "bank_name": "HDFC",
      "account_number": "50100167696320",
      "balance": -35657.38
    },
    {
      "transaction_date": "2024-07-03",
      "description": "POS 416021XXXXXX8847 DOMINOS PIZZA POS DEBIT",
      "amount": 679.43,
      "transaction_type": "DEBIT",
      "bank_name": "HDFC",
      "account_number": "50100167696320",
      "balance": -36336.81
    },
    {
      "transaction_date": "2024-07-03",
      "description": "EMI 4961999 CHQ S507367182 0307244961999",
      "amount": 4178.94,
      "transaction_type": "DEBIT",
      "bank_name": "HDFC",
      "account_number": "50100167696320",
      "balance": -40515.75
    },
    {
      "transaction_date": "2024-07-03",
      "description": "POS 416021XXXXXX6245 HP PETROL PUMP POS DEBIT",
      "amount": 2769.2,
      "transaction_type": "DEBIT",
      "bank_name": "HDFC",
      "account_number": "50100167696320",
      "balance": -43284.95
    },
    {
      "transaction_date": "2024-07-04",
      "description": "UPI-954021249726-SWIGGY-UPI-839114775973-OK",
      "amount": 695.75,
      "transaction_type": "DEBIT",
      "bank_name": "HDFC",
      "account_number": "50100167696320",
      "balance": -43980.7
    },
    {
      "transaction_date": "2024-07-05",
      "description": "UPI-148978334227-BOOKMYSHOW-UPI-887063024181-O\nK",
      "amount": 506.12,
      "transaction_type": "DEBIT",
      "bank_name": "HDFC",
      "account_number": "50100167696320",
      "balance": -44486.82
    },
    {
      "transaction_date": "2024-07-05",
      "description": "NHDF6492391219/BILLDKRELIANCEJIOINF",
      "amount": 529.13,
      "transaction_type": "DEBIT",
      "bank_name": "HDFC",
      "account_number": "50100167696320",
      "balance": -45015.95
    },
    {
      "transaction_date": "2024-07-05",
      "description": "POS 416021XXXXXX3327 DMART POS DEBIT",
      "amount": 2293.84,
      "transaction_type": "DEBIT",
      "bank_name": "HDFC",
      "account_number": "50100167696320",
      "balance": -47309.79
    },
    {
      "transaction_date": "2024-07-05",
      "description": "POS 416021XXXXXX2099 BHARAT PETROLEUM POS\nDEBIT",
      "amount": 2198.44,
      "transaction_type": "DEBIT",
      "bank_name": "HDFC",
      "account_number": "50100167696320",
      "balance": -49508.23
    },
    {
      "transaction_date": "2024-07-06",
      "description": "MICRO ATM CASH DEP - HDFC THANE MH IN -\nBNAKMU02",
      "amount": 9059.29,
      "transaction_type": "CREDIT",
      "bank_name": "HDFC",
      "account_number": "50100167696320",
      "balance": -40448.94
    },
    {
      "transaction_date": "2024-07-06",
      "description": "NHDF6254952538/BILLDKAMAZONPRIME",
      "amount": 1084.44,
      "transaction_type": "DEBIT",
      "bank_name": "HDFC",
      "account_number": "50100167696320",
      "balance": -41533.38
    },
    {
      "transaction_date": "2024-07-06",
      "description": "POS 416021XXXXXX4962 HALDIRAM S POS DEBIT",
      "amount": 222.1,
      "transaction_type": "DEBIT",
      "bank_name": "HDFC",
      "account_number": "50100167696320",
      "balance": -41755.48
    },
    {
      "transaction_date": "2024-07-07",
      "description": "NHDF6989268725/BILLDKBESCOM",
      "amount": 1144.36,
      "transaction_type": "DEBIT",
      "bank_name": "HDFC",
      "account_number": "50100167696320",
      "balance": -42899.84
    },
    {
      "transaction_date": "2024-07-08",
      "description": "POS 416021XXXXXX3259 DMART POS DEBIT",
      "amount": 1999.93,
      "transaction_type": "DEBIT",
      "bank_name": "HDFC",
      "account_number": "50100167696320",
      "balance": -44899.77
    },
    {
      "transaction_date": "2024-07-09",
      "description": "UPI-808662440915-SWIGGY-UPI-879584971711-OK",
      "amount": 213.87,
      "transaction_type": "DEBIT",
      "bank_name": "HDFC",
      "account_number": "50100167696320",
      "balance": -45113.64
    },
    {
      "transaction_date": "2024-07-09",
      "description": "A\nNHDF6609484657/BILLDKRELIANCEJIOINF",
      "amount": 451.41,
      "transaction_type": "DEBIT",
      "bank_name": "HDFC",
      "account_number": "50100167696320",
      "balance": -45565.05
    },
    {
      "transaction_date": "2024-07-09",
      "description": "POS 416021XXXXXX7433 CAFE COFFEE DAY POS\nDEBIT",
      "amount": 359.98,
      "transaction_type": "DEBIT",
      "bank_name": "HDFC",
      "account_number": "50100167696320",
      "balance": -45925.03
    },
    {
      "transaction_date": "2024-07-09",
      "description": "S\nPOS 416021XXXXXX8675 RELIANCE FRESH POS DEBIT",
      "amount": 1651.17,
      "transaction_type": "DEBIT",
      "bank_name": "HDFC",
      "account_number": "50100167696320",
      "balance": -47576.2
    },
    {
      "transaction_date": "2024-07-11",
      "description": "POS 416021XXXXXX4691 MAKEMYTRIP POS DEBIT",
      "amount": 3810.64,
      "transaction_type": "DEBIT",
      "bank_name": "HDFC",
      "account_number": "50100167696320",
      "balance": -51386.84
    },
    {
      "transaction_date": "2024-07-11",
      "description": "POS 416021XXXXXX4774 SPENCERS RETAIL POS\nDEBIT",
      "amount": 892.99,
      "transaction_type": "DEBIT",
      "bank_name": "HDFC",
      "account_number": "50100167696320",
      "balance": -52279.83
    },
    {
      "transaction_date": "2024-07-11",
      "description": "POS 416021XXXXXX8696 INDIAN OIL PETROL POS\nDEBIT",
      "amount": 1101.33,
      "transaction_type": "DEBIT",
      "bank_name": "HDFC",
      "account_number": "50100167696320",
      "balance": -53381.16
    },
    {
      "transaction_date": "2024-07-11",
      "description": "POS 416021XXXXXX1670 BARBEQUE NATION POS\nDEBIT",
      "amount": 1123.64,
      "transaction_type": "DEBIT",
      "bank_name": "HDFC",
      "account_number": "50100167696320",
      "balance": -54504.8
    },
    {
      "transaction_date": "2024-07-11",
      "description": "POS 416021XXXXXX9008 HALDIRAM S POS DEBIT",
      "amount": 186.2,
      "transaction_type": "DEBIT",
      "bank_name": "HDFC",
      "account_number": "50100167696320",
      "balance": -54691.0
    },
    {
      "transaction_date": "2024-07-11",
      "description": "MICRO ATM CASH DEP - HDFC THANE MH IN -\nBNAKMU02",
      "amount": 18109.0,
      "transaction_type": "CREDIT",
      "bank_name": "HDFC",
      "account_number": "50100167696320",
      "balance": -36582.0
    },
    {
      "transaction_date": "2024-07-11",
      "description": "MICRO ATM CASH DEP - HDFC MUMBAI MH IN -\nBNAKMU29",
      "amount": 10607.32,
      "transaction_type": "CREDIT",
      "bank_name": "HDFC",
      "account_number": "50100167696320",
      "balance": -25974.68
    },
    {
      "transaction_date": "2024-07-11",
      "description": "IB BILLPAY DR-HDFCPE-545964XXXXXX3563",
      "amount": 4158.88,
      "transaction_type": "DEBIT",
      "bank_name": "HDFC",
      "account_number": "50100167696320",
      "balance": -30133.56
    },
    {
      "transaction_date": "2024-07-11",
      "description": "NHDF6658760373/BILLDKKOTAKCARDS",
      "amount": 16163.36,
      "transaction_type": "DEBIT",
      "bank_name": "HDFC",
      "account_number": "50100167696320",
      "balance": -46296.92
    },
    {
      "transaction_date": "2024-07-11",
      "description": "POS 416021XXXXXX2237 WESTSIDE POS DEBIT",
      "amount": 1562.97,
      "transaction_type": "DEBIT",
      "bank_name": "HDFC",
      "account_number": "50100167696320",
      "balance": -47859.89
    },
    {
      "transaction_date": "2024-07-12",
      "description": "POS 416021XXXXXX1414 RELIANCE FRESH POS DEBIT",
      "amount": 1961.35,
      "transaction_type": "DEBIT",
      "bank_name": "HDFC",
      "account_number": "50100167696320",
      "balance": -49821.24
    },
    {
      "transaction_date": "2024-07-13",
      "description": "POS 416021XXXXXX5718 INDIAN OIL PETROL POS\nDEBIT",
      "amount": 1226.16,
      "transaction_type": "DEBIT",
      "bank_name": "HDFC",
      "account_number": "50100167696320",
      "balance": -51047.4
    },
    {
      "transaction_date": "2024-07-13",
      "description": "IB BILLPAY DR-HDFCPE-545964XXXXXX3563",
      "amount": 1723.25,
      "transaction_type": "DEBIT",
      "bank_name": "HDFC",
      "account_number": "50100167696320",
      "balance": -52770.65
    },
    {
      "transaction_date": "2024-07-13",
      "description": "POS 416021XXXXXX3095 MORE SUPERMARKET POS\nDEBIT",
      "amount": 1291.82,
      "transaction_type": "DEBIT",
      "bank_name": "HDFC",
      "account_number": "50100167696320",
      "balance": -54062.47
    },
    {
      "transaction_date": "2024-07-13",
      "description": "POS 416021XXXXXX5117 FLIPKART POS DEBIT",
      "amount": 1601.16,
      "transaction_type": "DEBIT",
      "bank_name": "HDFC",
      "account_number": "50100167696320",
      "balance": -55663.63
    },
    {
      "transaction_date": "2024-07-15",
      "description": "POS 416021XXXXXX3428 MEDPLUS POS DEBIT",
      "amount": 380.19,
      "transaction_type": "DEBIT",
      "bank_name": "HDFC",
      "account_number": "50100167696320",
      "balance": -56043.82
    },
    {
      "transaction_date": "2024-07-15",
      "description": "POS 416021XXXXXX4598 IRCTC RAIL TICKET POS\nDEBIT",
      "amount": 2674.95,
      "transaction_type": "DEBIT",
      "bank_name": "HDFC",
      "account_number": "50100167696320",
      "balance": -58718.77
    },
    {
      "transaction_date": "2024-07-16",
      "description": "NHDF6967891341/BILLDKSPOTIFY",
      "amount": 122.51,
      "transaction_type": "DEBIT",
      "bank_name": "HDFC",
      "account_number": "50100167696320",
      "balance": -58841.28
    },
    {
      "transaction_date": "2024-07-16",
      "description": "POS 416021XXXXXX7731 SPENCERS RETAIL POS\nDEBIT",
      "amount": 1241.37,
      "transaction_type": "DEBIT",
      "bank_name": "HDFC",
      "account_number": "50100167696320",
      "balance": -60082.65
    },
    {
      "transaction_date": "2024-07-16",
      "description": "POS 416021XXXXXX1549 BARBEQUE NATION POS\nDEBIT",
      "amount": 1260.47,
      "transaction_type": "DEBIT",
      "bank_name": "HDFC",
      "account_number": "50100167696320",
      "balance": -61343.12
    },
    {
      "transaction_date": "2024-07-16",
      "description": "POS 416021XXXXXX3418 PANTALOONS POS DEBIT",
      "amount": 1235.83,
      "transaction_type": "DEBIT",
      "bank_name": "HDFC",
      "account_number": "50100167696320",
      "balance": -62578.95
    },
    {
      "transaction_date": "2024-07-16",
      "description": "POS 416021XXXXXX7664 LIFESTYLE POS DEBIT",
      "amount": 1876.08,
      "transaction_type": "DEBIT",
      "bank_name": "HDFC",
      "account_number": "50100167696320",
      "balance": -64455.03
    },
    {
      "transaction_date": "2024-07-17",
      "description": "UPI-814830350105-SWIGGY-UPI-842766222444-OK",
      "amount": 598.22,
      "transaction_type": "DEBIT",
      "bank_name": "HDFC",
      "account_number": "50100167696320",
      "balance": -65053.25
    },
    {
      "transaction_date": "2024-07-17",
      "description": "POS 416021XXXXXX2248 IRCTC RAIL TICKET POS\nDEBIT",
      "amount": 789.36,
      "transaction_type": "DEBIT",
      "bank_name": "HDFC",
      "account_number": "50100167696320",
      "balance": -65842.61
    },
    {
      "transaction_date": "2024-07-17",
      "description": "IMPS-830426355834-SURESH\nPILLAI-HDFC-XXXXXXXX7884-PERSONAL",
      "amount": 6741.69,
      "transaction_type": "DEBIT",
      "bank_name": "HDFC",
      "account_number": "50100167696320",
      "balance": -72584.3
    },
    {
      "transaction_date": "2024-07-17",
      "description": "A\nUPI-434200096200-AMAZON PAY-UPI-849106960807-OK",
      "amount": 2164.56,
      "transaction_type": "DEBIT",
      "bank_name": "HDFC",
      "account_number": "50100167696320",
      "balance": -74748.86
    },
    {
      "transaction_date": "2024-07-17",
      "description": "IMPS-884607577717-ANJALI\nVERMA-HDFC-XXXXXXXX4605-PERSONAL",
      "amount": 1143.62,
      "transaction_type": "DEBIT",
      "bank_name": "HDFC",
      "account_number": "50100167696320",
      "balance": -75892.48
    },
    {
      "transaction_date": "2024-07-19",
      "description": "S\nPOS 416021XXXXXX1700 FLIPKART POS DEBIT",
      "amount": 2038.83,
      "transaction_type": "DEBIT",
      "bank_name": "HDFC",
      "account_number": "50100167696320",
      "balance": -77931.31
    },
    {
      "transaction_date": "2024-07-19",
      "description": "NHDF6928502025/BILLDKRELIANCEJIOINF",
      "amount": 504.87,
      "transaction_type": "DEBIT",
      "bank_name": "HDFC",
      "account_number": "50100167696320",
      "balance": -78436.18
    },
    {
      "transaction_date": "2024-07-20",
      "description": "POS 416021XXXXXX2007 RELIANCE FRESH POS DEBIT",
      "amount": 1514.9,
      "transaction_type": "DEBIT",
      "bank_name": "HDFC",
      "account_number": "50100167696320",
      "balance": -79951.08
    },
    {
      "transaction_date": "2024-07-21",
      "description": "MICRO ATM CASH DEP - HDFC THANE MH IN -\nBNAKMU02",
      "amount": 14978.44,
      "transaction_type": "CREDIT",
      "bank_name": "HDFC",
      "account_number": "50100167696320",
      "balance": -64972.64
    },
    {
      "transaction_date": "2024-07-21",
      "description": "POS 416021XXXXXX9364 PUNJABI DHABA POS DEBIT",
      "amount": 537.44,
      "transaction_type": "DEBIT",
      "bank_name": "HDFC",
      "account_number": "50100167696320",
      "balance": -65510.08
    },
    {
      "transaction_date": "2024-07-21",
      "description": "POS 416021XXXXXX5781 BARBEQUE NATION POS\nDEBIT",
      "amount": 935.47,
      "transaction_type": "DEBIT",
      "bank_name": "HDFC",
      "account_number": "50100167696320",
      "balance": -66445.55
    },
    {
      "transaction_date": "2024-07-21",
      "description": "EMI 5075093 CHQ S499961231 2107245075093",
      "amount": 2123.83,
      "transaction_type": "DEBIT",
      "bank_name": "HDFC",
      "account_number": "50100167696320",
      "balance": -68569.38
    },
    {
      "transaction_date": "2024-07-21",
      "description": "UPI-353814994825-ZOMATO-UPI-831452011977-OK",
      "amount": 466.47,
      "transaction_type": "DEBIT",
      "bank_name": "HDFC",
      "account_number": "50100167696320",
      "balance": -69035.85
    },
    {
      "transaction_date": "2024-07-21",
      "description": "POS 416021XXXXXX8839 BARBEQUE NATION POS\nDEBIT",
      "amount": 955.07,
      "transaction_type": "DEBIT",
      "bank_name": "HDFC",
      "account_number": "50100167696320",
      "balance": -69990.92
    },
    {
      "transaction_date": "2024-07-21",
      "description": "ATW-416021XXXXXX2489-GIII1H5Z-MUMBAI",
      "amount": 376.92,
      "transaction_type": "DEBIT",
      "bank_name": "HDFC",
      "account_number": "50100167696320",
      "balance": -70367.84
    },
    {
      "transaction_date": "2024-07-23",
      "description": "POS 416021XXXXXX5126 INOX CINEMAS POS DEBIT",
      "amount": 624.48,
      "transaction_type": "DEBIT",
      "bank_name": "HDFC",
      "account_number": "50100167696320",
      "balance": -70992.32
    },
    {
      "transaction_date": "2024-07-23",
      "description": "POS 416021XXXXXX2469 STARBUCKS COFFEE POS\nDEBIT",
      "amount": 258.98,
      "transaction_type": "DEBIT",
      "bank_name": "HDFC",
      "account_number": "50100167696320",
      "balance": -71251.3
    },
    {
      "transaction_date": "2024-07-25",
      "description": "POS 416021XXXXXX7550 KFC RESTAURANT POS\nDEBIT",
      "amount": 540.66,
      "transaction_type": "DEBIT",
      "bank_name": "HDFC",
      "account_number": "50100167696320",
      "balance": -71791.96
    },
    {
      "transaction_date": "2024-07-25",
      "description": "POS 416021XXXXXX8079 MORE SUPERMARKET POS\nDEBIT",
      "amount": 823.03,
      "transaction_type": "DEBIT",
      "bank_name": "HDFC",
      "account_number": "50100167696320",
      "balance": -72614.99
    },
    {
      "transaction_date": "2024-07-26",
      "description": "POS 416021XXXXXX2068 MAKEMYTRIP POS DEBIT",
      "amount": 2880.45,
      "transaction_type": "DEBIT",
      "bank_name": "HDFC",
      "account_number": "50100167696320",
      "balance": -75495.44
    },
    {
      "transaction_date": "2024-07-26",
      "description": "POS 416021XXXXXX4495 BARBEQUE NATION POS\nDEBIT",
      "amount": 935.99,
      "transaction_type": "DEBIT",
      "bank_name": "HDFC",
      "account_number": "50100167696320",
      "balance": -76431.43
    },
    {
      "transaction_date": "2024-07-26",
      "description": "POS 416021XXXXXX2795 WESTSIDE POS DEBIT",
      "amount": 1307.28,
      "transaction_type": "DEBIT",
      "bank_name": "HDFC",
      "account_number": "50100167696320",
      "balance": -77738.71
    },
    {
      "transaction_date": "2024-07-27",
      "description": "NEFT DR-SELX541057-PRIYA PATEL-NETBANK,\nMUM-N757473923394-PERSONA",
      "amount": 5940.02,
      "transaction_type": "DEBIT",
      "bank_name": "HDFC",
      "account_number": "50100167696320",
      "balance": -83678.73
    },
    {
      "transaction_date": "2024-07-27",
      "description": "POS 416021XXXXXX6331 AMAZON PAY POS DEBIT",
      "amount": 4233.89,
      "transaction_type": "DEBIT",
      "bank_name": "HDFC",
      "account_number": "50100167696320",
      "balance": -87912.62
    },
    {
      "transaction_date": "2024-07-27",
      "description": "POS 416021XXXXXX3502 LOCAL KIRANA POS DEBIT",
      "amount": 627.1,
      "transaction_type": "DEBIT",
      "bank_name": "HDFC",
      "account_number": "50100167696320",
      "balance": -88539.72
    },
    {
      "transaction_date": "2024-07-28",
      "description": "UPI-431708647681-UBER INDIA-UPI-876825178976-OK",
      "amount": 231.62,
      "transaction_type": "DEBIT",
      "bank_name": "HDFC",
      "account_number": "50100167696320",
      "balance": -88771.34
    },
    {
      "transaction_date": "2024-07-28",
      "description": "UPI-625990928994-RAHUL\nSHARMA@UPI-884459406238-OK",
      "amount": 809.31,
      "transaction_type": "DEBIT",
      "bank_name": "HDFC",
      "account_number": "50100167696320",
      "balance": -89580.65
    },
    {
      "transaction_date": "2024-07-29",
      "description": "NEFT DR-NSDH471061-KIRAN VERMA-NETBANK,\nMUM-N600317268982-PERSONA",
      "amount": 8814.9,
      "transaction_type": "DEBIT",
      "bank_name": "HDFC",
      "account_number": "50100167696320",
      "balance": -98395.55
    },
    {
      "transaction_date": "2024-07-31",
      "description": "POS 416021XXXXXX5977 GOLD S GYM POS DEBIT",
      "amount": 5249.34,
      "transaction_type": "DEBIT",
      "bank_name": "HDFC",
      "account_number": "50100167696320",
      "balance": -103644.89
    },
    {
      "transaction_date": "2024-07-31",
      "description": "IB BILLPAY DR-HDFCPE-545964XXXXXX3563",
      "amount": 1393.29,
      "transaction_type": "DEBIT",
      "bank_name": "HDFC",
      "account_number": "50100167696320",
      "balance": -105038.18
    },
    {
      "transaction_date": "2024-07-31",
      "description": "POS 416021XXXXXX5599 BARBEQUE NATION POS\nDEBIT",
      "amount": 795.09,
      "transaction_type": "DEBIT",
      "bank_name": "HDFC",
      "account_number": "50100167696320",
      "balance": -105833.27
    },
    {
      "transaction_date": "2024-07-31",
      "description": "POS 416021XXXXXX4249 LOCAL KIRANA POS DEBIT",
      "amount": 591.74,
      "transaction_type": "DEBIT",
      "bank_name": "HDFC",
      "account_number": "50100167696320",
      "balance": -106425.01
    },
    {
      "transaction_date": "2024-07-31",
      "description": "POS 416021XXXXXX2264 GOLD S GYM POS DEBIT",
      "amount": 2268.03,
      "transaction_type": "DEBIT",
      "bank_name": "HDFC",
      "account_number": "50100167696320",
      "balance": -108693.04
    },
    {
      "transaction_date": "2024-07-31",
      "description": "A\nPOS 416021XXXXXX4213 SHOPPER S STOP POS DEBIT",
      "amount": 3156.15,
      "transaction_type": "DEBIT",
      "bank_name": "HDFC",
      "account_number": "50100167696320",
      "balance": -111849.19
    },
    {
      "transaction_date": "2024-08-01",
      "description": "UPI-355134609054-ASHOK NAIR@UPI-889551333153-OK",
      "amount": 1016.67,
      "transaction_type": "DEBIT",
      "bank_name": "HDFC",
      "account_number": "50100167696320",
      "balance": -112865.86
    },
    {
      "transaction_date": "2024-08-01",
      "description": "S\nUPI-530051341011-OLA CABS-UPI-863647602524-OK",
      "amount": 328.64,
      "transaction_type": "DEBIT",
      "bank_name": "HDFC",
      "account_number": "50100167696320",
      "balance": -113194.5
    },
    {
      "transaction_date": "2024-08-02",
      "description": "UPI-861943865253-OLA CABS-UPI-821228592593-OK",
      "amount": 168.39,
      "transaction_type": "DEBIT",
      "bank_name": "HDFC",
      "account_number": "50100167696320",
      "balance": -113362.89
    },
    {
      "transaction_date": "2024-08-02",
      "description": "EMI 5064126 CHQ S501976973 0208245064126",
      "amount": 6575.13,
      "transaction_type": "DEBIT",
      "bank_name": "HDFC",
      "account_number": "50100167696320",
      "balance": -119938.02
    },
    {
      "transaction_date": "2024-08-02",
      "description": "POS 416021XXXXXX4928 BHARAT PETROLEUM POS\nDEBIT",
      "amount": 1500.74,
      "transaction_type": "DEBIT",
      "bank_name": "HDFC",
      "account_number": "50100167696320",
      "balance": -121438.76
    },
    {
      "transaction_date": "2024-08-04",
      "description": "POS 416021XXXXXX4308 DOMINOS PIZZA POS DEBIT",
      "amount": 829.5,
      "transaction_type": "DEBIT",
      "bank_name": "HDFC",
      "account_number": "50100167696320",
      "balance": -122268.26
    },
    {
      "transaction_date": "2024-08-04",
      "description": "POS 416021XXXXXX8775 MEDPLUS POS DEBIT",
      "amount": 164.83,
      "transaction_type": "DEBIT",
      "bank_name": "HDFC",
      "account_number": "50100167696320",
      "balance": -122433.09
    },
    {
      "transaction_date": "2024-08-05",
      "description": "POS 416021XXXXXX6537 HALDIRAM S POS DEBIT",
      "amount": 324.33,
      "transaction_type": "DEBIT",
      "bank_name": "HDFC",
      "account_number": "50100167696320",
      "balance": -122757.42
    },
    {
      "transaction_date": "2024-08-05",
      "description": "UPI-636824258755-KAVITA\nMISHRA@UPI-861956687932-OK",
      "amount": 4372.31,
      "transaction_type": "CREDIT",
      "bank_name": "HDFC",
      "account_number": "50100167696320",
      "balance": -118385.11
    },
    {
      "transaction_date": "2024-08-06",
      "description": "NEFT DR-JZHF907962-ARUN GUPTA-NETBANK,\nMUM-N701269707717-PERSONAL",
      "amount": 5592.54,
      "transaction_type": "DEBIT",
      "bank_name": "HDFC",
      "account_number": "50100167696320",
      "balance": -123977.65
    },
    {
      "transaction_date": "2024-08-06",
      "description": "POS 416021XXXXXX9002 INOX CINEMAS POS DEBIT",
      "amount": 784.74,
      "transaction_type": "DEBIT",
      "bank_name": "HDFC",
      "account_number": "50100167696320",
      "balance": -124762.39
    },
    {
      "transaction_date": "2024-08-06",
      "description": "POS 416021XXXXXX8405 STARBUCKS COFFEE POS\nDEBIT",
      "amount": 415.57,
      "transaction_type": "DEBIT",
      "bank_name": "HDFC",
      "account_number": "50100167696320",
      "balance": -125177.96
    },
    {
      "transaction_date": "2024-08-08",
      "description": "UPI-930107340153-VIJAY IYER@UPI-815779746201-OK",
      "amount": 1995.36,
      "transaction_type": "DEBIT",
      "bank_name": "HDFC",
      "account_number": "50100167696320",
      "balance": -127173.32
    },
    {
      "transaction_date": "2024-08-08",
      "description": "POS 416021XXXXXX7252 CAFE COFFEE DAY POS\nDEBIT",
      "amount": 101.38,
      "transaction_type": "DEBIT",
      "bank_name": "HDFC",
      "account_number": "50100167696320",
      "balance": -127274.7
    },
    {
      "transaction_date": "2024-08-08",
      "description": "POS 416021XXXXXX8621 BIG BAZAAR POS DEBIT",
      "amount": 1220.46,
      "transaction_type": "DEBIT",
      "bank_name": "HDFC",
      "account_number": "50100167696320",
      "balance": -128495.16
    },
    {
      "transaction_date": "2024-08-09",
      "description": "UPI-436470967238-UBER INDIA-UPI-862070303182-OK",
      "amount": 258.7,
      "transaction_type": "DEBIT",
      "bank_name": "HDFC",
      "account_number": "50100167696320",
      "balance": -128753.86
    },
    {
      "transaction_date": "2024-08-09",
      "description": "NHDF6427959163/BILLDKVODAFONEINDIAL",
      "amount": 545.17,
      "transaction_type": "DEBIT",
      "bank_name": "HDFC",
      "account_number": "50100167696320",
      "balance": -129299.03
    },
    {
      "transaction_date": "2024-08-10",
      "description": "POS 416021XXXXXX6584 SHOPPER S STOP POS DEBIT",
      "amount": 2042.09,
      "transaction_type": "DEBIT",
      "bank_name": "HDFC",
      "account_number": "50100167696320",
      "balance": -131341.12
    },
    {
      "transaction_date": "2024-08-10",
      "description": "POS 416021XXXXXX4134 PANTALOONS POS DEBIT",
      "amount": 2873.41,
      "transaction_type": "DEBIT",
      "bank_name": "HDFC",
      "account_number": "50100167696320",
      "balance": -134214.53
    },
    {
      "transaction_date": "2024-08-10",
      "description": "NHDF6234464980/BILLDKHOTSTAR",
      "amount": 336.11,
      "transaction_type": "DEBIT",
      "bank_name": "HDFC",
      "account_number": "50100167696320",
      "balance": -134550.64
    },
    {
      "transaction_date": "2024-08-10",
      "description": "POS 416021XXXXXX4892 CAFE COFFEE DAY POS\nDEBIT",
      "amount": 133.82,
      "transaction_type": "DEBIT",
      "bank_name": "HDFC",
      "account_number": "50100167696320",
      "balance": -134684.46
    },
    {
      "transaction_date": "2024-08-10",
      "description": "IMPS-860322584270-DEEPA\nMEHTA-HDFC-XXXXXXXX6653-PERSONAL",
      "amount": 7093.17,
      "transaction_type": "DEBIT",
      "bank_name": "HDFC",
      "account_number": "50100167696320",
      "balance": -141777.63
    },
    {
      "transaction_date": "2024-08-10",
      "description": "POS 416021XXXXXX7561 PUNJABI DHABA POS DEBIT",
      "amount": 431.65,
      "transaction_type": "DEBIT",
      "bank_name": "HDFC",
      "account_number": "50100167696320",
      "balance": -142209.28
    },
    {
      "transaction_date": "2024-08-10",
      "description": "NHDF6350152628/BILLDKAMAZONPRIME",
      "amount": 1640.93,
      "transaction_type": "DEBIT",
      "bank_name": "HDFC",
      "account_number": "50100167696320",
      "balance": -143850.21
    },
    {
      "transaction_date": "2024-08-10",
      "description": "UPI-244010840423-RAHUL\nKUMAR@UPI-841684982638-OK",
      "amount": 3156.96,
      "transaction_type": "DEBIT",
      "bank_name": "HDFC",
      "account_number": "50100167696320",
      "balance": -147007.17
    },
    {
      "transaction_date": "2024-08-10",
      "description": "ATW-416021XXXXXX3237-JR5MZBY8-MUMBAI",
      "amount": 451.41,
      "transaction_type": "DEBIT",
      "bank_name": "HDFC",
      "account_number": "50100167696320",
      "balance": -147458.58
    },
    {
      "transaction_date": "2024-08-12",
      "description": "NHDF6092845912/BILLDKRELIANCEJIOINF",
      "amount": 571.83,
      "transaction_type": "DEBIT",
      "bank_name": "HDFC",
      "account_number": "50100167696320",
      "balance": -148030.41
    },
    {
      "transaction_date": "2024-08-12",
      "description": "POS 416021XXXXXX7441 MYNTRA POS DEBIT",
      "amount": 2467.27,
      "transaction_type": "DEBIT",
      "bank_name": "HDFC",
      "account_number": "50100167696320",
      "balance": -150497.68
    },
    {
      "transaction_date": "2024-08-12",
      "description": "POS 416021XXXXXX1906 INDIAN OIL PETROL POS\nDEBIT",
      "amount": 2766.04,
      "transaction_type": "DEBIT",
      "bank_name": "HDFC",
      "account_number": "50100167696320",
      "balance": -153263.72
    },
    {
      "transaction_date": "2024-08-12",
      "description": "NHDF6973047793/BILLDKBESCOM",
      "amount": 1949.23,
      "transaction_type": "DEBIT",
      "bank_name": "HDFC",
      "account_number": "50100167696320",
      "balance": -155212.95
    },
    {
      "transaction_date": "2024-08-13",
      "description": "UPI-654620500875-AMAZON PAY-UPI-838978653112-OK",
      "amount": 4467.85,
      "transaction_type": "DEBIT",
      "bank_name": "HDFC",
      "account_number": "50100167696320",
      "balance": -159680.8
    },
    {
      "transaction_date": "2024-08-14",
      "description": "A\nPOS 416021XXXXXX2324 MORE SUPERMARKET POS\nDEBIT",
      "amount": 814.41,
      "transaction_type": "DEBIT",
      "bank_name": "HDFC",
      "account_number": "50100167696320",
      "balance": -160495.21
    },
    {
      "transaction_date": "2024-08-14",
      "description": "POS 416021XXXXXX7866 DOMINOS PIZZA POS DEBIT",
      "amount": 523.26,
      "transaction_type": "DEBIT",
      "bank_name": "HDFC",
      "account_number": "50100167696320",
      "balance": -161018.47
    },
    {
      "transaction_date": "2024-08-15",
      "description": "S\nPOS 416021XXXXXX7460 SPENCERS RETAIL POS\nDEBIT",
      "amount": 1159.8,
      "transaction_type": "DEBIT",
      "bank_name": "HDFC",
      "account_number": "50100167696320",
      "balance": -162178.27
    },
    {
      "transaction_date": "2024-08-16",
      "description": "POS 416021XXXXXX1325 KFC RESTAURANT POS\nDEBIT",
      "amount": 445.97,
      "transaction_type": "DEBIT",
      "bank_name": "HDFC",
      "account_number": "50100167696320",
      "balance": -162624.24
    },
    {
      "transaction_date": "2024-08-16",
      "description": "POS 416021XXXXXX2769 MCDONALD S POS DEBIT",
      "amount": 170.89,
      "transaction_type": "DEBIT",
      "bank_name": "HDFC",
      "account_number": "50100167696320",
      "balance": -162795.13
    },
    {
      "transaction_date": "2024-08-16",
      "description": "POS 416021XXXXXX7352 DOMINOS PIZZA POS DEBIT",
      "amount": 608.31,
      "transaction_type": "DEBIT",
      "bank_name": "HDFC",
      "account_number": "50100167696320",
      "balance": -163403.44
    },
    {
      "transaction_date": "2024-08-18",
      "description": "POS 416021XXXXXX1389 DMART POS DEBIT",
      "amount": 2073.13,
      "transaction_type": "DEBIT",
      "bank_name": "HDFC",
      "account_number": "50100167696320",
      "balance": -165476.57
    },
    {
      "transaction_date": "2024-08-18",
      "description": "UPI-520714069054-ZOMATO-UPI-847576664491-OK",
      "amount": 346.74,
      "transaction_type": "DEBIT",
      "bank_name": "HDFC",
      "account_number": "50100167696320",
      "balance": -165823.31
    },
    {
      "transaction_date": "2024-08-18",
      "description": "POS 416021XXXXXX1986 LOCAL KIRANA POS DEBIT",
      "amount": 683.9,
      "transaction_type": "DEBIT",
      "bank_name": "HDFC",
      "account_number": "50100167696320",
      "balance": -166507.21
    },
    {
      "transaction_date": "2024-08-18",
      "description": "POS 416021XXXXXX8358 MCDONALD S POS DEBIT",
      "amount": 258.06,
      "transaction_type": "DEBIT",
      "bank_name": "HDFC",
      "account_number": "50100167696320",
      "balance": -166765.27
    },
    {
      "transaction_date": "2024-08-19",
      "description": "NHDF6450825104/BILLDKVODAFONEINDIAL",
      "amount": 647.95,
      "transaction_type": "DEBIT",
      "bank_name": "HDFC",
      "account_number": "50100167696320",
      "balance": -167413.22
    },
    {
      "transaction_date": "2024-08-20",
      "description": "POS 416021XXXXXX9049 MEDPLUS POS DEBIT",
      "amount": 1265.0,
      "transaction_type": "DEBIT",
      "bank_name": "HDFC",
      "account_number": "50100167696320",
      "balance": -168678.22
    },
    {
      "transaction_date": "2024-08-20",
      "description": "POS 416021XXXXXX3320 WESTSIDE POS DEBIT",
      "amount": 1468.73,
      "transaction_type": "DEBIT",
      "bank_name": "HDFC",
      "account_number": "50100167696320",
      "balance": -170146.95
    },
    {
      "transaction_date": "2024-08-20",
      "description": "POS 416021XXXXXX5782 MAKEMYTRIP POS DEBIT",
      "amount": 9157.48,
      "transaction_type": "DEBIT",
      "bank_name": "HDFC",
      "account_number": "50100167696320",
      "balance": -179304.43
    },
    {
      "transaction_date": "2024-08-20",
      "description": "POS 416021XXXXXX6945 HALDIRAM S POS DEBIT",
      "amount": 398.25,
      "transaction_type": "DEBIT",
      "bank_name": "HDFC",
      "account_number": "50100167696320",
      "balance": -179702.68
    },
    {
      "transaction_date": "2024-08-20",
      "description": "POS 416021XXXXXX9884 HP PETROL PUMP POS DEBIT",
      "amount": 3032.52,
      "transaction_type": "DEBIT",
      "bank_name": "HDFC",
      "account_number": "50100167696320",
      "balance": -182735.2
    },
    {
      "transaction_date": "2024-08-20",
      "description": "NHDF6346843656/BILLDKHOTSTAR",
      "amount": 473.52,
      "transaction_type": "DEBIT",
      "bank_name": "HDFC",
      "account_number": "50100167696320",
      "balance": -183208.72
    },
    {
      "transaction_date": "2024-08-20",
      "description": "UPI-129375447570-SWIGGY-UPI-841036621701-OK",
      "amount": 749.41,
      "transaction_type": "DEBIT",
      "bank_name": "HDFC",
      "account_number": "50100167696320",
      "balance": -183958.13
    },
    {
      "transaction_date": "2024-08-20",
      "description": "POS 416021XXXXXX8604 BARBEQUE NATION POS\nDEBIT",
      "amount": 1430.85,
      "transaction_type": "DEBIT",
      "bank_name": "HDFC",
      "account_number": "50100167696320",
      "balance": -185388.98
    },
    {
      "transaction_date": "2024-08-20",
      "description": "ACH D- HOMECRINDFINPVTLTD-6826473822",
      "amount": 1476.69,
      "transaction_type": "DEBIT",
      "bank_name": "HDFC",
      "account_number": "50100167696320",
      "balance": -186865.67
    },
    {
      "transaction_date": "2024-08-21",
      "description": "UPI-460650813683-SWIGGY-UPI-826249695812-OK",
      "amount": 598.11,
      "transaction_type": "DEBIT",
      "bank_name": "HDFC",
      "account_number": "50100167696320",
      "balance": -187463.78
    },
    {
      "transaction_date": "2024-08-22",
      "description": "ACH D- TP ACH HOME-6177189154",
      "amount": 2809.61,
      "transaction_type": "DEBIT",
      "bank_name": "HDFC",
      "account_number": "50100167696320",
      "balance": -190273.39
    },
    {
      "transaction_date": "2024-08-22",
      "description": "UPI-860561448201-SWIGGY-UPI-875025292873-OK",
      "amount": 472.01,
      "transaction_type": "DEBIT",
      "bank_name": "HDFC",
      "account_number": "50100167696320",
      "balance": -190745.4
    },
    {
      "transaction_date": "2024-08-24",
      "description": "NEFT CR-SBIN0001234-CAPGEMINI INDIA PVT\nLTD-SALARY FOR DECEMBER",
      "amount": 81678.72,
      "transaction_type": "CREDIT",
      "bank_name": "HDFC",
      "account_number": "50100167696320",
      "balance": -109066.68
    },
    {
      "transaction_date": "2024-08-24",
      "description": "NEFT DR-SUHW904080-PRIYA IYER-NETBANK,\nMUM-N392943358553-PERSONAL",
      "amount": 15121.81,
      "transaction_type": "DEBIT",
      "bank_name": "HDFC",
      "account_number": "50100167696320",
      "balance": -124188.49
    },
    {
      "transaction_date": "2024-08-25",
      "description": "POS 416021XXXXXX9152 SPENCERS RETAIL POS\nDEBIT",
      "amount": 1542.95,
      "transaction_type": "DEBIT",
      "bank_name": "HDFC",
      "account_number": "50100167696320",
      "balance": -125731.44
    },
    {
      "transaction_date": "2024-08-25",
      "description": "UPI-689417466626-OLA CABS-UPI-877288989942-OK",
      "amount": 98.03,
      "transaction_type": "DEBIT",
      "bank_name": "HDFC",
      "account_number": "50100167696320",
      "balance": -125829.47
    },
    {
      "transaction_date": "2024-08-25",
      "description": "POS 416021XXXXXX6787 PANTALOONS POS DEBIT",
      "amount": 2198.75,
      "transaction_type": "DEBIT",
      "bank_name": "HDFC",
      "account_number": "50100167696320",
      "balance": -128028.22
    },
    {
      "transaction_date": "2024-08-25",
      "description": "MICRO ATM CASH DEP - HDFC MUMBAI MH IN -\nBNAKMU29",
      "amount": 8601.7,
      "transaction_type": "CREDIT",
      "bank_name": "HDFC",
      "account_number": "50100167696320",
      "balance": -119426.52
    },
    {
      "transaction_date": "2024-08-28",
      "description": "A\nPOS 416021XXXXXX2408 INDIAN OIL PETROL POS\nDEBIT",
      "amount": 2309.58,
      "transaction_type": "DEBIT",
      "bank_name": "HDFC",
      "account_number": "50100167696320",
      "balance": -121736.1
    },
    {
      "transaction_date": "2024-08-28",
      "description": "POS 416021XXXXXX8675 DOMINOS PIZZA POS DEBIT",
      "amount": 496.13,
      "transaction_type": "DEBIT",
      "bank_name": "HDFC",
      "account_number": "50100167696320",
      "balance": -122232.23
    },
    {
      "transaction_date": "2024-08-28",
      "description": "UPI-980641044068-SWIGGY-UPI-816628060467-OK",
      "amount": 508.18,
      "transaction_type": "DEBIT",
      "bank_name": "HDFC",
      "account_number": "50100167696320",
      "balance": -122740.41
    },
    {
      "transaction_date": "2024-08-28",
      "description": "S\nPOS 416021XXXXXX6574 MCDONALD S POS DEBIT",
      "amount": 268.15,
      "transaction_type": "DEBIT",
      "bank_name": "HDFC",
      "account_number": "50100167696320",
      "balance": -123008.56
    },
    {
      "transaction_date": "2024-08-30",
      "description": "POS 416021XXXXXX2436 DOMINOS PIZZA POS DEBIT",
      "amount": 589.88,
      "transaction_type": "DEBIT",
      "bank_name": "HDFC",
      "account_number": "50100167696320",
      "balance": -123598.44
    },
    {
      "transaction_date": "2024-08-30",
      "description": "NHDF6574190292/BILLDKHOTSTAR",
      "amount": 475.03,
      "transaction_type": "DEBIT",
      "bank_name": "HDFC",
      "account_number": "50100167696320",
      "balance": -124073.47
    },
    {
      "transaction_date": "2024-08-30",
      "description": "POS 416021XXXXXX5680 NATURE S BASKET POS\nDEBIT",
      "amount": 1454.82,
      "transaction_type": "DEBIT",
      "bank_name": "HDFC",
      "account_number": "50100167696320",
      "balance": -125528.29
    },
    {
      "transaction_date": "2024-09-01",
      "description": "EMI 4999474 CHQ S494592846 0109244999474",
      "amount": 4271.13,
      "transaction_type": "DEBIT",
      "bank_name": "HDFC",
      "account_number": "50100167696320",
      "balance": -129799.42
    },
    {
      "transaction_date": "2024-09-01",
      "description": "POS 416021XXXXXX2568 PUNJABI DHABA POS DEBIT",
      "amount": 216.57,
      "transaction_type": "DEBIT",
      "bank_name": "HDFC",
      "account_number": "50100167696320",
      "balance": -130015.99
    },
    {
      "transaction_date": "2024-09-03",
      "description": "POS 416021XXXXXX5963 DMART POS DEBIT",
      "amount": 2138.64,
      "transaction_type": "DEBIT",
      "bank_name": "HDFC",
      "account_number": "50100167696320",
      "balance": -132154.63
    },
    {
      "transaction_date": "2024-09-04",
      "description": "POS 416021XXXXXX4123 PANTALOONS POS DEBIT",
      "amount": 1482.71,
      "transaction_type": "DEBIT",
      "bank_name": "HDFC",
      "account_number": "50100167696320",
      "balance": -133637.34
    },
    {
      "transaction_date": "2024-09-04",
      "description": "POS 416021XXXXXX9362 PANTALOONS POS DEBIT",
      "amount": 2446.36,
      "transaction_type": "DEBIT",
      "bank_name": "HDFC",
      "account_number": "50100167696320",
      "balance": -136083.7
    },
    {
      "transaction_date": "2024-09-04",
      "description": "UPI-864200971763-SWIGGY-UPI-862074411221-OK",
      "amount": 498.27,
      "transaction_type": "DEBIT",
      "bank_name": "HDFC",
      "account_number": "50100167696320",
      "balance": -136581.97
    },
    {
      "transaction_date": "2024-09-04",
      "description": "POS 416021XXXXXX2360 SPENCERS RETAIL POS\nDEBIT",
      "amount": 1217.73,
      "transaction_type": "DEBIT",
      "bank_name": "HDFC",
      "account_number": "50100167696320",
      "balance": -137799.7
    },
    {
      "transaction_date": "2024-09-04",
      "description": "NHDF6153671621/BILLDKNETFLIX",
      "amount": 674.69,
      "transaction_type": "DEBIT",
      "bank_name": "HDFC",
      "account_number": "50100167696320",
      "balance": -138474.39
    },
    {
      "transaction_date": "2024-09-04",
      "description": "POS 416021XXXXXX2934 MAKEMYTRIP POS DEBIT",
      "amount": 13141.79,
      "transaction_type": "DEBIT",
      "bank_name": "HDFC",
      "account_number": "50100167696320",
      "balance": -151616.18
    },
    {
      "transaction_date": "2024-09-05",
      "description": "POS 416021XXXXXX8287 INDIAN OIL PETROL POS\nDEBIT",
      "amount": 984.43,
      "transaction_type": "DEBIT",
      "bank_name": "HDFC",
      "account_number": "50100167696320",
      "balance": -152600.61
    },
    {
      "transaction_date": "2024-09-08",
      "description": "UPI-741053797075-SWIGGY-UPI-825943102113-OK",
      "amount": 571.87,
      "transaction_type": "DEBIT",
      "bank_name": "HDFC",
      "account_number": "50100167696320",
      "balance": -153172.48
    },
    {
      "transaction_date": "2024-09-08",
      "description": "UPI-766445110896-SWIGGY-UPI-828978861846-OK",
      "amount": 404.14,
      "transaction_type": "DEBIT",
      "bank_name": "HDFC",
      "account_number": "50100167696320",
      "balance": -153576.62
    },
    {
      "transaction_date": "2024-09-09",
      "description": "POS 416021XXXXXX6566 SHOPPER S STOP POS DEBIT",
      "amount": 3442.06,
      "transaction_type": "DEBIT",
      "bank_name": "HDFC",
      "account_number": "50100167696320",
      "balance": -157018.68
    },
    {
      "transaction_date": "2024-09-09",
      "description": "CASH DEP MIRA ROAD -",
      "amount": 13793.0,
      "transaction_type": "CREDIT",
      "bank_name": "HDFC",
      "account_number": "50100167696320",
      "balance": -143225.68
    },
    {
      "transaction_date": "2024-09-09",
      "description": "POS 416021XXXXXX1550 SHOPPER S STOP POS DEBIT",
      "amount": 4084.35,
      "transaction_type": "DEBIT",
      "bank_name": "HDFC",
      "account_number": "50100167696320",
      "balance": -147310.03
    },
    {
      "transaction_date": "2024-09-09",
      "description": "IMPS-825314331557-RAJESH\nVERMA-HDFC-XXXXXXXX8664-PERSONAL",
      "amount": 7896.45,
      "transaction_type": "DEBIT",
      "bank_name": "HDFC",
      "account_number": "50100167696320",
      "balance": -155206.48
    },
    {
      "transaction_date": "2024-09-09",
      "description": "NHDF6127280915/BILLDKNETFLIX",
      "amount": 607.77,
      "transaction_type": "DEBIT",
      "bank_name": "HDFC",
      "account_number": "50100167696320",
      "balance": -155814.25
    },
    {
      "transaction_date": "2024-09-09",
      "description": "POS 416021XXXXXX8606 BIG BAZAAR POS DEBIT",
      "amount": 1602.27,
      "transaction_type": "DEBIT",
      "bank_name": "HDFC",
      "account_number": "50100167696320",
      "balance": -157416.52
    },
    {
      "transaction_date": "2024-09-09",
      "description": "POS 416021XXXXXX7287 MCDONALD S POS DEBIT",
      "amount": 210.19,
      "transaction_type": "DEBIT",
      "bank_name": "HDFC",
      "account_number": "50100167696320",
      "balance": -157626.71
    },
    {
      "transaction_date": "2024-09-09",
      "description": "POS 416021XXXXXX6405 BARBEQUE NATION POS\nDEBIT",
      "amount": 943.06,
      "transaction_type": "DEBIT",
      "bank_name": "HDFC",
      "account_number": "50100167696320",
      "balance": -158569.77
    },
    {
      "transaction_date": "2024-09-10",
      "description": "UPI-307993895640-OLA CABS-UPI-897113916326-OK",
      "amount": 284.94,
      "transaction_type": "DEBIT",
      "bank_name": "HDFC",
      "account_number": "50100167696320",
      "balance": -158854.71
    },
    {
      "transaction_date": "2024-09-11",
      "description": "POS 416021XXXXXX5313 MYNTRA POS DEBIT",
      "amount": 2884.43,
      "transaction_type": "DEBIT",
      "bank_name": "HDFC",
      "account_number": "50100167696320",
      "balance": -161739.14
    },
    {
      "transaction_date": "2024-09-11",
      "description": "UPI-719683072167-ZOMATO-UPI-852292602662-OK",
      "amount": 734.92,
      "transaction_type": "DEBIT",
      "bank_name": "HDFC",
      "account_number": "50100167696320",
      "balance": -162474.06
    },
    {
      "transaction_date": "2024-09-13",
      "description": "IMPS-889463190990-SNEHA\nAGARWAL-HDFC-XXXXXXXX7894-PERSONAL",
      "amount": 3823.75,
      "transaction_type": "CREDIT",
      "bank_name": "HDFC",
      "account_number": "50100167696320",
      "balance": -158650.31
    },
    {
      "transaction_date": "2024-09-14",
      "description": "A\nNHDF6726781393/BILLDKHOTSTAR",
      "amount": 1359.14,
      "transaction_type": "DEBIT",
      "bank_name": "HDFC",
      "account_number": "50100167696320",
      "balance": -160009.45
    },
    {
      "transaction_date": "2024-09-14",
      "description": "NHDF6549832921/BILLDKAIRTELINDIA",
      "amount": 521.85,
      "transaction_type": "DEBIT",
      "bank_name": "HDFC",
      "account_number": "50100167696320",
      "balance": -160531.3
    },
    {
      "transaction_date": "2024-09-14",
      "description": "S\nPOS 416021XXXXXX4535 BARBEQUE NATION POS\nDEBIT",
      "amount": 901.3,
      "transaction_type": "DEBIT",
      "bank_name": "HDFC",
      "account_number": "50100167696320",
      "balance": -161432.6
    },
    {
      "transaction_date": "2024-09-14",
      "description": "POS 416021XXXXXX2975 BARBEQUE NATION POS\nDEBIT",
      "amount": 1014.08,
      "transaction_type": "DEBIT",
      "bank_name": "HDFC",
      "account_number": "50100167696320",
      "balance": -162446.68
    },
    {
      "transaction_date": "2024-09-17",
      "description": "NHDF6041205892/BILLDKBESCOM",
      "amount": 898.38,
      "transaction_type": "DEBIT",
      "bank_name": "HDFC",
      "account_number": "50100167696320",
      "balance": -163345.06
    },
    {
      "transaction_date": "2024-09-17",
      "description": "UPI-434070168950-OLA CABS-UPI-834202526995-OK",
      "amount": 328.01,
      "transaction_type": "DEBIT",
      "bank_name": "HDFC",
      "account_number": "50100167696320",
      "balance": -163673.07
    },
    {
      "transaction_date": "2024-09-17",
      "description": "POS 416021XXXXXX5460 BHARAT PETROLEUM POS\nDEBIT",
      "amount": 1100.93,
      "transaction_type": "DEBIT",
      "bank_name": "HDFC",
      "account_number": "50100167696320",
      "balance": -164774.0
    },
    {
      "transaction_date": "2024-09-17",
      "description": "POS 416021XXXXXX2895 APOLLO PHARMACY POS\nDEBIT",
      "amount": 874.91,
      "transaction_type": "DEBIT",
      "bank_name": "HDFC",
      "account_number": "50100167696320",
      "balance": -165648.91
    },
    {
      "transaction_date": "2024-09-17",
      "description": "POS 416021XXXXXX2705 INDIAN OIL PETROL POS\nDEBIT",
      "amount": 1737.13,
      "transaction_type": "DEBIT",
      "bank_name": "HDFC",
      "account_number": "50100167696320",
      "balance": -167386.04
    },
    {
      "transaction_date": "2024-09-17",
      "description": "UPI-500633574418-OLA CABS-UPI-829799550285-OK",
      "amount": 157.08,
      "transaction_type": "DEBIT",
      "bank_name": "HDFC",
      "account_number": "50100167696320",
      "balance": -167543.12
    },
    {
      "transaction_date": "2024-09-19",
      "description": "POS 416021XXXXXX4680 HALDIRAM S POS DEBIT",
      "amount": 348.21,
      "transaction_type": "DEBIT",
      "bank_name": "HDFC",
      "account_number": "50100167696320",
      "balance": -167891.33
    },
    {
      "transaction_date": "2024-09-19",
      "description": "MICRO ATM CASH DEP - HDFC MUMBAI MH IN -\nBNAKMU29",
      "amount": 8499.47,
      "transaction_type": "CREDIT",
      "bank_name": "HDFC",
      "account_number": "50100167696320",
      "balance": -159391.86
    },
    {
      "transaction_date": "2024-09-19",
      "description": "POS 416021XXXXXX3011 WESTSIDE POS DEBIT",
      "amount": 1207.74,
      "transaction_type": "DEBIT",
      "bank_name": "HDFC",
      "account_number": "50100167696320",
      "balance": -160599.6
    },
    {
      "transaction_date": "2024-09-19",
      "description": "UPI-806551997387-PRACTO-UPI-862192526494-OK",
      "amount": 378.48,
      "transaction_type": "DEBIT",
      "bank_name": "HDFC",
      "account_number": "50100167696320",
      "balance": -160978.08
    },
    {
      "transaction_date": "2024-09-19",
      "description": "POS 416021XXXXXX2214 MORE SUPERMARKET POS\nDEBIT",
      "amount": 980.97,
      "transaction_type": "DEBIT",
      "bank_name": "HDFC",
      "account_number": "50100167696320",
      "balance": -161959.05
    },
    {
      "transaction_date": "2024-09-20",
      "description": "UPI-899926171522-POOJA\nSHAH@UPI-812367694739-OK",
      "amount": 4094.37,
      "transaction_type": "DEBIT",
      "bank_name": "HDFC",
      "account_number": "50100167696320",
      "balance": -166053.42
    },
    {
      "transaction_date": "2024-09-21",
      "description": "POS 416021XXXXXX5446 AMAZON PAY POS DEBIT",
      "amount": 3707.76,
      "transaction_type": "DEBIT",
      "bank_name": "HDFC",
      "account_number": "50100167696320",
      "balance": -169761.18
    },
    {
      "transaction_date": "2024-09-21",
      "description": "POS 416021XXXXXX2593 APOLLO PHARMACY POS\nDEBIT",
      "amount": 586.78,
      "transaction_type": "DEBIT",
      "bank_name": "HDFC",
      "account_number": "50100167696320",
      "balance": -170347.96
    },
    {
      "transaction_date": "2024-09-21",
      "description": "POS 416021XXXXXX1970 MYNTRA POS DEBIT",
      "amount": 1445.27,
      "transaction_type": "DEBIT",
      "bank_name": "HDFC",
      "account_number": "50100167696320",
      "balance": -171793.23
    },
    {
      "transaction_date": "2024-09-22",
      "description": "NHDF6893220037/BILLDKRELIANCEJIOINF",
      "amount": 410.27,
      "transaction_type": "DEBIT",
      "bank_name": "HDFC",
      "account_number": "50100167696320",
      "balance": -172203.5
    },
    {
      "transaction_date": "2024-09-22",
      "description": "UPI-306928109713-OLA CABS-UPI-839286281377-OK",
      "amount": 525.64,
      "transaction_type": "DEBIT",
      "bank_name": "HDFC",
      "account_number": "50100167696320",
      "balance": -172729.14
    },
    {
      "transaction_date": "2024-09-23",
      "description": "POS 416021XXXXXX4979 STARBUCKS COFFEE POS\nDEBIT",
      "amount": 468.98,
      "transaction_type": "DEBIT",
      "bank_name": "HDFC",
      "account_number": "50100167696320",
      "balance": -173198.12
    },
    {
      "transaction_date": "2024-09-23",
      "description": "EMI 4966481 CHQ S497960115 2309244966481",
      "amount": 3291.03,
      "transaction_type": "DEBIT",
      "bank_name": "HDFC",
      "account_number": "50100167696320",
      "balance": -176489.15
    },
    {
      "transaction_date": "2024-09-23",
      "description": "POS 416021XXXXXX4603 STARBUCKS COFFEE POS\nDEBIT",
      "amount": 432.16,
      "transaction_type": "DEBIT",
      "bank_name": "HDFC",
      "account_number": "50100167696320",
      "balance": -176921.31
    },
    {
      "transaction_date": "2024-09-23",
      "description": "POS 416021XXXXXX7778 LOCAL KIRANA POS DEBIT",
      "amount": 340.3,
      "transaction_type": "DEBIT",
      "bank_name": "HDFC",
      "account_number": "50100167696320",
      "balance": -177261.61
    },
    {
      "transaction_date": "2024-09-24",
      "description": "ATW-416021XXXXXX5996-S0L3Y6YW-MUMBAI",
      "amount": 513.76,
      "transaction_type": "DEBIT",
      "bank_name": "HDFC",
      "account_number": "50100167696320",
      "balance": -177775.37
    },
    {
      "transaction_date": "2024-09-24",
      "description": "NHDF6715589649/BILLDKNETFLIX",
      "amount": 655.88,
      "transaction_type": "DEBIT",
      "bank_name": "HDFC",
      "account_number": "50100167696320",
      "balance": -178431.25
    },
    {
      "transaction_date": "2024-09-24",
      "description": "POS 416021XXXXXX9254 WESTSIDE POS DEBIT",
      "amount": 1853.18,
      "transaction_type": "DEBIT",
      "bank_name": "HDFC",
      "account_number": "50100167696320",
      "balance": -180284.43
    },
    {
      "transaction_date": "2024-09-24",
      "description": "ACH D- HOMECRINDFINPVTLTD-6821857806",
      "amount": 1596.07,
      "transaction_type": "DEBIT",
      "bank_name": "HDFC",
      "account_number": "50100167696320",
      "balance": -181880.5
    },
    {
      "transaction_date": "2024-09-24",
      "description": "A\nUPI-405425849059-SANDEEP\nVERMA@UPI-829465495655-OK",
      "amount": 1819.89,
      "transaction_type": "DEBIT",
      "bank_name": "HDFC",
      "account_number": "50100167696320",
      "balance": -183700.39
    },
    {
      "transaction_date": "2024-09-24",
      "description": "ATW-416021XXXXXX5290-ENQNM06G-MUMBAI",
      "amount": 293.25,
      "transaction_type": "DEBIT",
      "bank_name": "HDFC",
      "account_number": "50100167696320",
      "balance": -183993.64
    },
    {
      "transaction_date": "2024-09-25",
      "description": "S\nNHDF6903097958/BILLDKBESCOM",
      "amount": 2939.38,
      "transaction_type": "DEBIT",
      "bank_name": "HDFC",
      "account_number": "50100167696320",
      "balance": -186933.02
    },
    {
      "transaction_date": "2024-09-25",
      "description": "POS 416021XXXXXX6559 BHARAT PETROLEUM POS\nDEBIT",
      "amount": 2306.54,
      "transaction_type": "DEBIT",
      "bank_name": "HDFC",
      "account_number": "50100167696320",
      "balance": -189239.56
    },
    {
      "transaction_date": "2024-09-27",
      "description": "IB BILLPAY DR-HDFCPE-545964XXXXXX3563",
      "amount": 3068.06,
      "transaction_type": "DEBIT",
      "bank_name": "HDFC",
      "account_number": "50100167696320",
      "balance": -192307.62
    },
    {
      "transaction_date": "2024-09-27",
      "description": "POS 416021XXXXXX2279 KFC RESTAURANT POS\nDEBIT",
      "amount": 535.03,
      "transaction_type": "DEBIT",
      "bank_name": "HDFC",
      "account_number": "50100167696320",
      "balance": -192842.65
    },
    {
      "transaction_date": "2024-09-29",
      "description": "UPI-763142394561-UBER INDIA-UPI-875735824119-OK",
      "amount": 588.47,
      "transaction_type": "DEBIT",
      "bank_name": "HDFC",
      "account_number": "50100167696320",
      "balance": -193431.12
    },
    {
      "transaction_date": "2024-09-29",
      "description": "NHDF6526715284/BILLDKVODAFONEINDIAL",
      "amount": 841.15,
      "transaction_type": "DEBIT",
      "bank_name": "HDFC",
      "account_number": "50100167696320",
      "balance": -194272.27
    },
    {
      "transaction_date": "2024-09-29",
      "description": "NEFT DR-GORC418795-KIRAN AGARWAL-NETBANK,\nMUM-N531119798819-PERSO",
      "amount": 11287.34,
      "transaction_type": "CREDIT",
      "bank_name": "HDFC",
      "account_number": "50100167696320",
      "balance": -182984.93
    },
    {
      "transaction_date": "2024-09-29",
      "description": "POS 416021XXXXXX6829 SPENCERS RETAIL POS\nDEBIT",
      "amount": 1194.11,
      "transaction_type": "DEBIT",
      "bank_name": "HDFC",
      "account_number": "50100167696320",
      "balance": -184179.04
    },
    {
      "transaction_date": "2024-09-29",
      "description": "POS 416021XXXXXX5452 APOLLO PHARMACY POS\nDEBIT",
      "amount": 277.64,
      "transaction_type": "DEBIT",
      "bank_name": "HDFC",
      "account_number": "50100167696320",
      "balance": -184456.68
    },
    {
      "transaction_date": "2024-09-29",
      "description": "NHDF6660991822/BILLDKHOTSTAR",
      "amount": 373.16,
      "transaction_type": "DEBIT",
      "bank_name": "HDFC",
      "account_number": "50100167696320",
      "balance": -184829.84
    }
  ]
}