{
  "bank_name": "UNION",
  "account_number": "672202065485044",
  "account_holder": "SANJAY B GUPTA Home Branch",
  "statement_period": "From -27/04/2024 To 26/07/2024",
  "transactions": [
    {
      "transaction_date": "2024-07-25",
      "description": "UPIAR/990289950045/DR/DMart/DMART/HDFC/dmart@hdfcbank",
      "amount": 657.0,
      "transaction_type": "DEBIT",
      "bank_name": "UNION",
      "account_number": "672202065485044",
      "balance": -231461.73
    },
    {
      "transaction_date": "2024-07-24",
      "description": "UPIAR/382764948249/DR/AMIT\nPATEL/AMIT/ICICI/amitp789@okicici",
      "amount": 2765.0,
      "transaction_type": "DEBIT",
      "bank_name": "UNION",
      "account_number": "672202065485044",
      "balance": -228696.73
    },
    {
      "transaction_date": "2024-07-23",
      "description": "UPIAR/552373498457/DR/KAVITA\nVERMA/KAVITA/KLGB/kavitav@okklgb",
      "amount": 1243.0,
      "transaction_type": "DEBIT",
      "bank_name": "UNION",
      "account_number": "672202065485044",
      "balance": -227453.73
    },
    {
      "transaction_date": "2024-07-22",
      "description": "UPIAR/634055866360/DR/Paytm/PAYTM/PYTM/paytm@paytm",
      "amount": 1047.0,
      "transaction_type": "DEBIT",
      "bank_name": "UNION",
      "account_number": "672202065485044",
      "balance": -226406.73
    },
    {
      "transaction_date": "2024-07-21",
      "description": "ATM WDL 985589\nKASARAGOD",
      "amount": 500.0,
      "transaction_type": "DEBIT",
      "bank_name": "UNION",
      "account_number": "672202065485044",
      "balance": -225906.73
    },
    {
      "transaction_date": "2024-07-18",
      "description": "ATM WDL 293865\nKANNUR",
      "amount": 1000.0,
      "transaction_type": "DEBIT",
      "bank_name": "UNION",
      "account_number": "672202065485044",
      "balance": -224906.73
    },
    {
      "transaction_date": "2024-07-16",
      "description": "UPIAR/873850880421/DR/Google\nPlay/GOOGLEPLAY/UTIB/goog-payment@okaxis",
      "amount": 56.0,
      "transaction_type": "DEBIT",
      "bank_name": "UNION",
      "account_number": "672202065485044",
      "balance": -224850.73
    },
    {
      "transaction_date": "2024-07-15",
      "description": "NEFT:Int.Pd:01-07-2024 to 01-07-2024",
      "amount": 24.53,
      "transaction_type": "CREDIT",
      "bank_name": "UNION",
      "account_number": "672202065485044",
      "balance": -224875.26
    },
    {
      "transaction_date": "2024-07-15",
      "description": "ATM WDL 515282\nKASARAGOD",
      "amount": 1000.0,
      "transaction_type": "DEBIT",
      "bank_name": "UNION",
      "account_number": "672202065485044",
      "balance": -223875.26
    },
    {
      "transaction_date": "2024-07-15",
      "description": "UPIAR/455331049653/DR/BPCL Fuel/BPCL/CNRB/bpcl@canara",
      "amount": 1034.0,
      "transaction_type": "DEBIT",
      "bank_name": "UNION",
      "account_number": "672202065485044",
      "balance": -222841.26
    },
    {
      "transaction_date": "2024-07-14",
      "description": "UPIAR/476046829126/DR/Swiggy/SWIGGY/SBIN/swiggy@sbi",
      "amount": 484.0,
      "transaction_type": "DEBIT",
      "bank_name": "UNION",
      "account_number": "672202065485044",
      "balance": -222357.26
    },
    {
      "transaction_date": "2024-07-14",
      "description": "UPIAR/411457163216/DR/Paytm/PAYTM/PYTM/paytm@paytm",
      "amount": 1042.0,
      "transaction_type": "DEBIT",
      "bank_name": "UNION",
      "account_number": "672202065485044",
      "balance": -221315.26
    },
    {
      "transaction_date": "2024-07-14",
      "description": "UPIAR/636316353648/DR/Google\nPlay/GOOGLEPLAY/UTIB/goog-payment@okaxis",
      "amount": 862.0,
      "transaction_type": "DEBIT",
      "bank_name": "UNION",
      "account_number": "672202065485044",
      "balance": -220453.26
    },
    {
      "transaction_date": "2024-07-13",
      "description": "NEFT:SALARY CREDIT\nFDRLM8564595456",
      "amount": 40000.0,
      "transaction_type": "CREDIT",
      "bank_name": "UNION",
      "account_number": "672202065485044",
      "balance": -260453.26
    },
    {
      "transaction_date": "2024-07-13",
      "description": "UPIAR/459677651330/DR/Google\nPlay/GOOGLEPLAY/UTIB/goog-payment@okaxis",
      "amount": 977.0,
      "transaction_type": "DEBIT",
      "bank_name": "UNION",
      "account_number": "672202065485044",
      "balance": -259476.26
    },
    {
      "transaction_date": "2024-07-11",
      "description": "UPIAB/480478659608/CR/VIJAY\nSINGH/VIJAY/FDRL/vijays@okfederal",
      "amount": 9206.0,
      "transaction_type": "CREDIT",
      "bank_name": "UNION",
      "account_number": "672202065485044",
      "balance": -268682.26
    },
    {
      "transaction_date": "2024-07-07",
      "description": "ATM WDL 246150\nKOCHI",
      "amount": 5000.0,
      "transaction_type": "DEBIT",
      "bank_name": "UNION",
      "account_number": "672202065485044",
      "balance": -263682.26
    },
    {
      "transaction_date": "2024-07-07",
      "description": "UPIAR/314346030895/DR/BPCL Fuel/BPCL/CNRB/bpcl@canara",
      "amount": 1939.0,
      "transaction_type": "DEBIT",
      "bank_name": "UNION",
      "account_number": "672202065485044",
      "balance": -261743.26
    },
    {
      "transaction_date": "2024-07-04",
      "description": "UPIAR/518390135388/DR/Flipkart/FLIPKART/AXIS/flipkart@axisb\nank",
      "amount": 4588.0,
      "transaction_type": "DEBIT",
      "bank_name": "UNION",
      "account_number": "672202065485044",
      "balance": -208495.26
    },
    {
      "transaction_date": "2024-07-03",
      "description": "NEFT:TRANSFER\nFDRLM8568145321",
      "amount": 40906.0,
      "transaction_type": "DEBIT",
      "bank_name": "UNION",
      "account_number": "672202065485044",
      "balance": -167589.26
    },
    {
      "transaction_date": "2024-07-02",
      "description": "NEFT:TRANSFER\nFDRLM8361305192",
      "amount": 48330.0,
      "transaction_type": "DEBIT",
      "bank_name": "UNION",
      "account_number": "672202065485044",
      "balance": -119259.26
    },
    {
      "transaction_date": "2024-07-02",
      "description": "ATM WDL 855090\nKOCHI",
      "amount": 2000.0,
      "transaction_type": "DEBIT",
      "bank_name": "UNION",
      "account_number": "672202065485044",
      "balance": -117259.26
    },
    {
      "transaction_date": "2024-07-01",
      "description": "UPIAR/479678082469/DR/PRIYA\nKUMAR/PRIYA/HDFC/priyak456@okhdfcbank",
      "amount": 9048.0,
      "transaction_type": "DEBIT",
      "bank_name": "UNION",
      "account_number": "672202065485044",
      "balance": -108211.26
    },
    {
      "transaction_date": "2024-07-01",
      "description": "UPIAR/809958924352/DR/KAVITA\nVERMA/KAVITA/KLGB/kavitav@okklgb",
      "amount": 1863.0,
      "transaction_type": "DEBIT",
      "bank_name": "UNION",
      "account_number": "672202065485044",
      "balance": -106348.26
    },
    {
      "transaction_date": "2024-07-01",
      "description": "MAND DR- BCF2442-",
      "amount": 2083.0,
      "transaction_type": "DEBIT",
      "bank_name": "UNION",
      "account_number": "672202065485044",
      "balance": -104265.26
    },
    {
      "transaction_date": "2024-07-01",
      "description": "NEFT:Int.Pd:01-07-2024 to 01-07-2024",
      "amount": 33.85,
      "transaction_type": "CREDIT",
      "bank_name": "UNION",
      "account_number": "672202065485044",
      "balance": -104299.11
    },
    {
      "transaction_date": "2024-07-01",
      "description": "UPIAR/928166126234/DR/VIJAY\nSINGH/VIJAY/FDRL/vijays@okfederal",
      "amount": 2908.0,
      "transaction_type": "DEBIT",
      "bank_name": "UNION",
      "account_number": "672202065485044",
      "balance": -101391.11
    },
    {
      "transaction_date": "2024-06-30",
      "description": "NEFT:CREDIT RECEIVED\nFDRLM8492402117",
      "amount": 9330.0,
      "transaction_type": "CREDIT",
      "bank_name": "UNION",
      "account_number": "672202065485044",
      "balance": -110721.11
    },
    {
      "transaction_date": "2024-06-30",
      "description": "UPIAR/928685782630/DR/Reliance/RELIANCE/SBIN/reliance@sb\ni",
      "amount": 1012.0,
      "transaction_type": "DEBIT",
      "bank_name": "UNION",
      "account_number": "672202065485044",
      "balance": -109709.11
    },
    {
      "transaction_date": "2024-06-30",
      "description": "NEFT:TRANSFER\nFDRLM8445738146",
      "amount": 11274.0,
      "transaction_type": "DEBIT",
      "bank_name": "UNION",
      "account_number": "672202065485044",
      "balance": -98435.11
    },
    {
      "transaction_date": "2024-06-29",
      "description": "UPIAR/514287876846/DR/BookMyShow/BOOKMYSHOW/ICICI/b\nookmyshow@icici",
      "amount": 292.0,
      "transaction_type": "DEBIT",
      "bank_name": "UNION",
      "account_number": "672202065485044",
      "balance": -98143.11
    },
    {
      "transaction_date": "2024-06-29",
      "description": "NEFT:TRANSFER\nFDRLM8736215121",
      "amount": 21042.0,
      "transaction_type": "DEBIT",
      "bank_name": "UNION",
      "account_number": "672202065485044",
      "balance": -77101.11
    },
    {
      "transaction_date": "2024-06-28",
      "description": "UPIAR/803718022143/DR/DMart/DMART/HDFC/dmart@hdfcbank",
      "amount": 2510.0,
      "transaction_type": "DEBIT",
      "bank_name": "UNION",
      "account_number": "672202065485044",
      "balance": -74591.11
    },
    {
      "transaction_date": "2024-06-28",
      "description": "UPIAR/505505989140/DR/Amazon/AMAZON/ICICI/amazon@icici",
      "amount": 479.0,
      "transaction_type": "DEBIT",
      "bank_name": "UNION",
      "account_number": "672202065485044",
      "balance": -74112.11
    },
    {
      "transaction_date": "2024-06-27",
      "description": "UPIAB/913145197670/CR/RAJESH\nNAIR/RAJESH/CNRB/rajeshn@okcanara",
      "amount": 7364.0,
      "transaction_type": "CREDIT",
      "bank_name": "UNION",
      "account_number": "672202065485044",
      "balance": -81476.11
    },
    {
      "transaction_date": "2024-06-26",
      "description": "ATM WDL 444253\nKANNUR",
      "amount": 2000.0,
      "transaction_type": "DEBIT",
      "bank_name": "UNION",
      "account_number": "672202065485044",
      "balance": -79476.11
    },
    {
      "transaction_date": "2024-06-25",
      "description": "UPIAR/784482023793/DR/BookMyShow/BOOKMYSHOW/ICICI/b\nookmyshow@icici",
      "amount": 539.0,
      "transaction_type": "DEBIT",
      "bank_name": "UNION",
      "account_number": "672202065485044",
      "balance": -78937.11
    },
    {
      "transaction_date": "2024-06-25",
      "description": "UPIAR/711591494575/DR/Paytm/PAYTM/PYTM/paytm@paytm",
      "amount": 1384.0,
      "transaction_type": "DEBIT",
      "bank_name": "UNION",
      "account_number": "672202065485044",
      "balance": -77553.11
    },
    {
      "transaction_date": "2024-06-25",
      "description": "UPIAR/782872475227/DR/DMart/DMART/HDFC/dmart@hdfcbank",
      "amount": 546.0,
      "transaction_type": "DEBIT",
      "bank_name": "UNION",
      "account_number": "672202065485044",
      "balance": -77007.11
    },
    {
      "transaction_date": "2024-06-24",
      "description": "UPIAR/247321525803/DR/VIJAY\nSINGH/VIJAY/FDRL/vijays@okfederal",
      "amount": 4714.0,
      "transaction_type": "DEBIT",
      "bank_name": "UNION",
      "account_number": "672202065485044",
      "balance": -72293.11
    },
    {
      "transaction_date": "2024-06-24",
      "description": "ATM WDL 383427\nKOCHI",
      "amount": 1000.0,
      "transaction_type": "DEBIT",
      "bank_name": "UNION",
      "account_number": "672202065485044",
      "balance": -71293.11
    },
    {
      "transaction_date": "2024-06-23",
      "description": "UPIAB/535382702316/CR/AMIT\nPATEL/AMIT/ICICI/amitp789@okicici",
      "amount": 6669.0,
      "transaction_type": "CREDIT",
      "bank_name": "UNION",
      "account_number": "672202065485044",
      "balance": -77962.11
    },
    {
      "transaction_date": "2024-06-22",
      "description": "MAND DR- BCF2442-",
      "amount": 2083.0,
      "transaction_type": "DEBIT",
      "bank_name": "UNION",
      "account_number": "672202065485044",
      "balance": -75879.11
    },
    {
      "transaction_date": "2024-06-21",
      "description": "NEFT:TRANSFER\nFDRLM8119873375",
      "amount": 6152.0,
      "transaction_type": "DEBIT",
      "bank_name": "UNION",
      "account_number": "672202065485044",
      "balance": -69727.11
    },
    {
      "transaction_date": "2024-06-19",
      "description": "UPIAR/359677985610/DR/Amazon/AMAZON/ICICI/amazon@icici",
      "amount": 2246.0,
      "transaction_type": "DEBIT",
      "bank_name": "UNION",
      "account_number": "672202065485044",
      "balance": -67481.11
    },
    {
      "transaction_date": "2024-06-19",
      "description": "NEFT:CREDIT RECEIVED\nFDRLM8737837758",
      "amount": 8503.0,
      "transaction_type": "CREDIT",
      "bank_name": "UNION",
      "account_number": "672202065485044",
      "balance": -75984.11
    },
    {
      "transaction_date": "2024-06-19",
      "description": "UPIAR/740215650295/DR/Reliance/RELIANCE/SBIN/reliance@sb\ni",
      "amount": 2693.0,
      "transaction_type": "DEBIT",
      "bank_name": "UNION",
      "account_number": "672202065485044",
      "balance": -73291.11
    },
    {
      "transaction_date": "2024-06-19",
      "description": "UPIAR/548802017849/DR/BookMyShow/BOOKMYSHOW/ICICI/b\nookmyshow@icici",
      "amount": 756.0,
      "transaction_type": "DEBIT",
      "bank_name": "UNION",
      "account_number": "672202065485044",
      "balance": -72535.11
    },
    {
      "transaction_date": "2024-06-19",
      "description": "UPIAR/404103319748/DR/VIJAY\nSINGH/VIJAY/FDRL/vijays@okfederal",
      "amount": 6225.0,
      "transaction_type": "DEBIT",
      "bank_name": "UNION",
      "account_number": "672202065485044",
      "balance": -66310.11
    },
    {
      "transaction_date": "2024-06-17",
      "description": "NEFT:Int.Pd:01-04-2024 to 01-06-2024",
      "amount": 27.57,
      "transaction_type": "CREDIT",
      "bank_name": "UNION",
      "account_number": "672202065485044",
      "balance": -66337.68
    },
    {
      "transaction_date": "2024-06-17",
      "description": "UPIAR/191862222134/DR/KAVITA\nVERMA/KAVITA/KLGB/kavitav@okklgb",
      "amount": 5761.0,
      "transaction_type": "DEBIT",
      "bank_name": "UNION",
      "account_number": "672202065485044",
      "balance": -60576.68
    },
    {
      "transaction_date": "2024-06-17",
      "description": "UPIAB/743121582070/CR/PRIYA\nKUMAR/PRIYA/HDFC/priyak456@okhdfcbank",
      "amount": 1132.0,
      "transaction_type": "CREDIT",
      "bank_name": "UNION",
      "account_number": "672202065485044",
      "balance": -61708.68
    },
    {
      "transaction_date": "2024-06-15",
      "description": "UPIAR/975620063077/DR/Netflix/NETFLIX/HDFC/netflix@hdfcban\nk",
      "amount": 644.0,
      "transaction_type": "DEBIT",
      "bank_name": "UNION",
      "account_number": "672202065485044",
      "balance": -61064.68
    },
    {
      "transaction_date": "2024-06-15",
      "description": "UPIAB/398566594200/CR/DEEPA\nMENON/DEEPA/BARB/deepam@okbob",
      "amount": 8389.0,
      "transaction_type": "CREDIT",
      "bank_name": "UNION",
      "account_number": "672202065485044",
      "balance": -69453.68
    },
    {
      "transaction_date": "2024-06-14",
      "description": "UPIAR/758105110371/DR/RAJESH\nNAIR/RAJESH/CNRB/rajeshn@okcanara",
      "amount": 3550.0,
      "transaction_type": "DEBIT",
      "bank_name": "UNION",
      "account_number": "672202065485044",
      "balance": -65903.68
    },
    {
      "transaction_date": "2024-06-14",
      "description": "UPIAR/503274668199/DR/RAHUL\nSHARMA/RAHUL/SBIN/rahul123@oksbi",
      "amount": 7450.0,
      "transaction_type": "DEBIT",
      "bank_name": "UNION",
      "account_number": "672202065485044",
      "balance": -58453.68
    },
    {
      "transaction_date": "2024-06-14",
      "description": "UPIAR/298376204884/DR/PhonePe/PHONEPE/YESB/phonepe@\nybl",
      "amount": 234.0,
      "transaction_type": "DEBIT",
      "bank_name": "UNION",
      "account_number": "672202065485044",
      "balance": -58219.68
    },
    {
      "transaction_date": "2024-06-13",
      "description": "SMS Charges",
      "amount": 16.26,
      "transaction_type": "DEBIT",
      "bank_name": "UNION",
      "account_number": "672202065485044",
      "balance": -58203.42
    },
    {
      "transaction_date": "2024-06-12",
      "description": "UPIAR/260639464916/DR/PRIYA\nKUMAR/PRIYA/HDFC/priyak456@okhdfcbank",
      "amount": 5318.0,
      "transaction_type": "DEBIT",
      "bank_name": "UNION",
      "account_number": "672202065485044",
      "balance": -52885.42
    },
    {
      "transaction_date": "2024-06-12",
      "description": "UPIAR/857778715344/DR/Zomato/ZOMATO/HDFC/zomato@hdfc\nbank",
      "amount": 364.0,
      "transaction_type": "DEBIT",
      "bank_name": "UNION",
      "account_number": "672202065485044",
      "balance": -52521.42
    },
    {
      "transaction_date": "2024-06-11",
      "description": "UPIAR/134381445508/DR/Netflix/NETFLIX/HDFC/netflix@hdfcban\nk",
      "amount": 208.0,
      "transaction_type": "DEBIT",
      "bank_name": "UNION",
      "account_number": "672202065485044",
      "balance": -52313.42
    },
    {
      "transaction_date": "2024-06-11",
      "description": "ATM WDL 142603\nKANNUR",
      "amount": 1000.0,
      "transaction_type": "DEBIT",
      "bank_name": "UNION",
      "account_number": "672202065485044",
      "balance": -51313.42
    },
    {
      "transaction_date": "2024-06-10",
      "description": "UPIAR/532870039142/DR/BookMyShow/BOOKMYSHOW/ICICI/b\nookmyshow@icici",
      "amount": 436.0,
      "transaction_type": "DEBIT",
      "bank_name": "UNION",
      "account_number": "672202065485044",
      "balance": -50877.42
    },
    {
      "transaction_date": "2024-06-09",
      "description": "UPIAB/875085171394/CR/PRIYA\nKUMAR/PRIYA/HDFC/priyak456@okhdfcbank",
      "amount": 2490.0,
      "transaction_type": "CREDIT",
      "bank_name": "UNION",
      "account_number": "672202065485044",
      "balance": -53367.42
    },
    {
      "transaction_date": "2024-06-08",
      "description": "UPIAR/378516405876/DR/Paytm/PAYTM/PYTM/paytm@paytm",
      "amount": 1338.0,
      "transaction_type": "DEBIT",
      "bank_name": "UNION",
      "account_number": "672202065485044",
      "balance": -52029.42
    },
    {
      "transaction_date": "2024-06-08",
      "description": "NEFT:CREDIT RECEIVED\nFDRLM8539898737",
      "amount": 13315.0,
      "transaction_type": "CREDIT",
      "bank_name": "UNION",
      "account_number": "672202065485044",
      "balance": -65344.42
    },
    {
      "transaction_date": "2024-06-07",
      "description": "UPIAR/819941831404/DR/DMart/DMART/HDFC/dmart@hdfcbank",
      "amount": 1003.0,
      "transaction_type": "DEBIT",
      "bank_name": "UNION",
      "account_number": "672202065485044",
      "balance": -64341.42
    },
    {
      "transaction_date": "2024-06-07",
      "description": "ATM WDL 880305\nKANNUR",
      "amount": 2000.0,
      "transaction_type": "DEBIT",
      "bank_name": "UNION",
      "account_number": "672202065485044",
      "balance": -62341.42
    },
    {
      "transaction_date": "2024-06-06",
      "description": "UPIAR/262435480177/DR/Reliance/RELIANCE/SBIN/reliance@sb\ni",
      "amount": 3186.0,
      "transaction_type": "DEBIT",
      "bank_name": "UNION",
      "account_number": "672202065485044",
      "balance": -59155.42
    },
    {
      "transaction_date": "2024-06-05",
      "description": "UPIAR/852514217519/DR/Netflix/NETFLIX/HDFC/netflix@hdfcban\nk",
      "amount": 235.0,
      "transaction_type": "DEBIT",
      "bank_name": "UNION",
      "account_number": "672202065485044",
      "balance": -58920.42
    },
    {
      "transaction_date": "2024-06-05",
      "description": "UPIAR/145314952476/DR/VIJAY\nSINGH/VIJAY/FDRL/vijays@okfederal",
      "amount": 5768.0,
      "transaction_type": "DEBIT",
      "bank_name": "UNION",
      "account_number": "672202065485044",
      "balance": -53152.42
    },
    {
      "transaction_date": "2024-06-05",
      "description": "UPIAR/918059333690/DR/Swiggy/SWIGGY/SBIN/swiggy@sbi",
      "amount": 672.0,
      "transaction_type": "DEBIT",
      "bank_name": "UNION",
      "account_number": "672202065485044",
      "balance": -52480.42
    },
    {
      "transaction_date": "2024-06-04",
      "description": "UPIAB/548478641623/CR/AMIT\nPATEL/AMIT/ICICI/amitp789@okicici",
      "amount": 5685.0,
      "transaction_type": "CREDIT",
      "bank_name": "UNION",
      "account_number": "672202065485044",
      "balance": -58165.42
    },
    {
      "transaction_date": "2024-06-03",
      "description": "NEFT:TRANSFER\nFDRLM8944781245",
      "amount": 45538.0,
      "transaction_type": "DEBIT",
      "bank_name": "UNION",
      "account_number": "672202065485044",
      "balance": -12627.42
    },
    {
      "transaction_date": "2024-06-02",
      "description": "UPIAR/434194337005/DR/Reliance/RELIANCE/SBIN/reliance@sb\ni",
      "amount": 755.0,
      "transaction_type": "DEBIT",
      "bank_name": "UNION",
      "account_number": "672202065485044",
      "balance": -11872.42
    },
    {
      "transaction_date": "2024-06-01",
      "description": "UPIAR/495232769358/DR/PhonePe/PHONEPE/YESB/phonepe@\nybl",
      "amount": 1460.0,
      "transaction_type": "DEBIT",
      "bank_name": "UNION",
      "account_number": "672202065485044",
      "balance": -10412.42
    },
    {
      "transaction_date": "2024-06-01",
      "description": "UPIAB/277689535246/CR/RAHUL\nSHARMA/RAHUL/SBIN/rahul123@oksbi",
      "amount": 9716.0,
      "transaction_type": "CREDIT",
      "bank_name": "UNION",
      "account_number": "672202065485044",
      "balance": -20128.42
    },
    {
      "transaction_date": "2024-06-01",
      "description": "UPIAR/654538352939/DR/Ola/OLA/ICICI/ola@icici",
      "amount": 252.0,
      "transaction_type": "DEBIT",
      "bank_name": "UNION",
      "account_number": "672202065485044",
      "balance": -19876.42
    },
    {
      "transaction_date": "2024-05-31",
      "description": "UPIAB/790150883020/CR/SNEHA\nREDDY/SNEHA/AXIS/snehar@okaxis",
      "amount": 5872.0,
      "transaction_type": "CREDIT",
      "bank_name": "UNION",
      "account_number": "672202065485044",
      "balance": -25748.42
    },
    {
      "transaction_date": "2024-05-31",
      "description": "UPIAR/488752976930/DR/DEEPA\nMENON/DEEPA/BARB/deepam@okbob",
      "amount": 6719.0,
      "transaction_type": "DEBIT",
      "bank_name": "UNION",
      "account_number": "672202065485044",
      "balance": -19029.42
    },
    {
      "transaction_date": "2024-05-30",
      "description": "UPIAR/603208676759/DR/Netflix/NETFLIX/HDFC/netflix@hdfcban\nk",
      "amount": 376.0,
      "transaction_type": "DEBIT",
      "bank_name": "UNION",
      "account_number": "672202065485044",
      "balance": -18653.42
    },
    {
      "transaction_date": "2024-05-29",
      "description": "UPIAR/416327700754/DR/Reliance/RELIANCE/SBIN/reliance@sb\ni",
      "amount": 1635.0,
      "transaction_type": "DEBIT",
      "bank_name": "UNION",
      "account_number": "672202065485044",
      "balance": -17018.42
    },
    {
      "transaction_date": "2024-05-29",
      "description": "UPIAR/763629695093/DR/DMart/DMART/HDFC/dmart@hdfcbank",
      "amount": 2100.0,
      "transaction_type": "DEBIT",
      "bank_name": "UNION",
      "account_number": "672202065485044",
      "balance": -14918.42
    },
    {
      "transaction_date": "2024-05-28",
      "description": "UPIAR/563550799084/DR/Swiggy/SWIGGY/SBIN/swiggy@sbi",
      "amount": 601.0,
      "transaction_type": "DEBIT",
      "bank_name": "UNION",
      "account_number": "672202065485044",
      "balance": -14317.42
    },
    {
      "transaction_date": "2024-05-27",
      "description": "UPIAR/992480489523/DR/Paytm/PAYTM/PYTM/paytm@paytm",
      "amount": 226.0,
      "transaction_type": "DEBIT",
      "bank_name": "UNION",
      "account_number": "672202065485044",
      "balance": -14091.42
    },
    {
      "transaction_date": "2024-05-27",
      "description": "UPIAR/946474246375/DR/Paytm/PAYTM/PYTM/paytm@paytm",
      "amount": 25.0,
      "transaction_type": "DEBIT",
      "bank_name": "UNION",
      "account_number": "672202065485044",
      "balance": -14066.42
    },
    {
      "transaction_date": "2024-05-27",
      "description": "UPIAR/363136233139/DR/Netflix/NETFLIX/HDFC/netflix@hdfcban\nk",
      "amount": 505.0,
      "transaction_type": "DEBIT",
      "bank_name": "UNION",
      "account_number": "672202065485044",
      "balance": -13561.42
    },
    {
      "transaction_date": "2024-05-27",
      "description": "UPIAB/539296394612/CR/RAHUL\nSHARMA/RAHUL/SBIN/rahul123@oksbi",
      "amount": 1592.0,
      "transaction_type": "CREDIT",
      "bank_name": "UNION",
      "account_number": "672202065485044",
      "balance": -15153.42
    },
    {
      "transaction_date": "2024-05-26",
      "description": "UPIAR/189064641181/DR/BPCL Fuel/BPCL/CNRB/bpcl@canara",
      "amount": 2398.0,
      "transaction_type": "DEBIT",
      "bank_name": "UNION",
      "account_number": "672202065485044",
      "balance": -12755.42
    },
    {
      "transaction_date": "2024-05-26",
      "description": "UPIAB/971668100461/CR/RAJESH\nNAIR/RAJESH/CNRB/rajeshn@okcanara",
      "amount": 9177.0,
      "transaction_type": "CREDIT",
      "bank_name": "UNION",
      "account_number": "672202065485044",
      "balance": -21932.42
    },
    {
      "transaction_date": "2024-05-26",
      "description": "NEFT:TRANSFER\nFDRLM8774006220",
      "amount": 7732.0,
      "transaction_type": "DEBIT",
      "bank_name": "UNION",
      "account_number": "672202065485044",
      "balance": -14200.42
    },
    {
      "transaction_date": "2024-05-25",
      "description": "ATM WDL 611492\nKANNUR",
      "amount": 2000.0,
      "transaction_type": "DEBIT",
      "bank_name": "UNION",
      "account_number": "672202065485044",
      "balance": -12200.42
    },
    {
      "transaction_date": "2024-05-24",
      "description": "UPIAB/606332886188/CR/KAVITA\nVERMA/KAVITA/KLGB/kavitav@okklgb",
      "amount": 6183.0,
      "transaction_type": "CREDIT",
      "bank_name": "UNION",
      "account_number": "672202065485044",
      "balance": -18383.42
    },
    {
      "transaction_date": "2024-05-23",
      "description": "NEFT:Int.Pd:01-04-2024 to 01-05-2024",
      "amount": 22.98,
      "transaction_type": "CREDIT",
      "bank_name": "UNION",
      "account_number": "672202065485044",
      "balance": -18406.4
    },
    {
      "transaction_date": "2024-05-22",
      "description": "UPIAR/337783525052/DR/Flipkart/FLIPKART/AXIS/flipkart@axisb\nank",
      "amount": 1532.0,
      "transaction_type": "DEBIT",
      "bank_name": "UNION",
      "account_number": "672202065485044",
      "balance": -16874.4
    },
    {
      "transaction_date": "2024-05-22",
      "description": "UPIAR/901081702899/DR/Zomato/ZOMATO/HDFC/zomato@hdfc\nbank",
      "amount": 605.0,
      "transaction_type": "DEBIT",
      "bank_name": "UNION",
      "account_number": "672202065485044",
      "balance": -16269.4
    },
    {
      "transaction_date": "2024-05-20",
      "description": "UPIAB/924970139848/CR/VIJAY\nSINGH/VIJAY/FDRL/vijays@okfederal",
      "amount": 2010.0,
      "transaction_type": "CREDIT",
      "bank_name": "UNION",
      "account_number": "672202065485044",
      "balance": -18279.4
    },
    {
      "transaction_date": "2024-05-20",
      "description": "UPIAR/485988671853/DR/RAJESH\nNAIR/RAJESH/CNRB/rajeshn@okcanara",
      "amount": 1151.0,
      "transaction_type": "DEBIT",
      "bank_name": "UNION",
      "account_number": "672202065485044",
      "balance": -17128.4
    },
    {
      "transaction_date": "2024-05-20",
      "description": "UPIAR/739324206310/DR/Uber/UBER/UTIB/uber@axisbank",
      "amount": 211.0,
      "transaction_type": "DEBIT",
      "bank_name": "UNION",
      "account_number": "672202065485044",
      "balance": -16917.4
    },
    {
      "transaction_date": "2024-05-19",
      "description": "UPIAR/154445140239/DR/Flipkart/FLIPKART/AXIS/flipkart@axisb\nank",
      "amount": 812.0,
      "transaction_type": "DEBIT",
      "bank_name": "UNION",
      "account_number": "672202065485044",
      "balance": -16105.4
    },
    {
      "transaction_date": "2024-05-19",
      "description": "NEFT:TRANSFER\nFDRLM8276440376",
      "amount": 5699.0,
      "transaction_type": "DEBIT",
      "bank_name": "UNION",
      "account_number": "672202065485044",
      "balance": -10406.4
    },
    {
      "transaction_date": "2024-05-18",
      "description": "UPIAR/890000981456/DR/Swiggy/SWIGGY/SBIN/swiggy@sbi",
      "amount": 293.0,
      "transaction_type": "DEBIT",
      "bank_name": "UNION",
      "account_number": "672202065485044",
      "balance": -10113.4
    },
    {
      "transaction_date": "2024-05-17",
      "description": "UPIAB/607016431716/CR/DEEPA\nMENON/DEEPA/BARB/deepam@okbob",
      "amount": 6269.0,
      "transaction_type": "CREDIT",
      "bank_name": "UNION",
      "account_number": "672202065485044",
      "balance": -16382.4
    },
    {
      "transaction_date": "2024-05-17",
      "description": "UPIAB/823601856651/CR/DEEPA\nMENON/DEEPA/BARB/deepam@okbob",
      "amount": 6243.0,
      "transaction_type": "CREDIT",
      "bank_name": "UNION",
      "account_number": "672202065485044",
      "balance": -22625.4
    },
    {
      "transaction_date": "2024-05-16",
      "description": "UPIAB/240061117078/CR/RAJESH\nNAIR/RAJESH/CNRB/rajeshn@okcanara",
      "amount": 6186.0,
      "transaction_type": "CREDIT",
      "bank_name": "UNION",
      "account_number": "672202065485044",
      "balance": -28811.4
    },
    {
      "transaction_date": "2024-05-16",
      "description": "UPIAR/758509831809/DR/Swiggy/SWIGGY/SBIN/swiggy@sbi",
      "amount": 255.0,
      "transaction_type": "DEBIT",
      "bank_name": "UNION",
      "account_number": "672202065485044",
      "balance": -28556.4
    },
    {
      "transaction_date": "2024-05-16",
      "description": "UPIAR/753937527549/DR/PhonePe/PHONEPE/YESB/phonepe@\nybl",
      "amount": 646.0,
      "transaction_type": "DEBIT",
      "bank_name": "UNION",
      "account_number": "672202065485044",
      "balance": -27910.4
    },
    {
      "transaction_date": "2024-05-15",
      "description": "UPIAR/497690088153/DR/Indian\nOil/INDIANOIL/YESB/indianoil@ybl",
      "amount": 905.0,
      "transaction_type": "DEBIT",
      "bank_name": "UNION",
      "account_number": "672202065485044",
      "balance": -27005.4
    },
    {
      "transaction_date": "2024-05-15",
      "description": "UPIAB/782938107166/CR/SNEHA\nREDDY/SNEHA/AXIS/snehar@okaxis",
      "amount": 1787.0,
      "transaction_type": "CREDIT",
      "bank_name": "UNION",
      "account_number": "672202065485044",
      "balance": -28792.4
    },
    {
      "transaction_date": "2024-05-14",
      "description": "NEFT:TRANSFER\nFDRLM8522395208",
      "amount": 39593.0,
      "transaction_type": "DEBIT",
      "bank_name": "UNION",
      "account_number": "672202065485044",
      "balance": 10800.6
    },
    {
      "transaction_date": "2024-05-14",
      "description": "UPIAR/649363117768/DR/Swiggy/SWIGGY/SBIN/swiggy@sbi",
      "amount": 637.0,
      "transaction_type": "DEBIT",
      "bank_name": "UNION",
      "account_number": "672202065485044",
      "balance": 11437.6
    },
    {
      "transaction_date": "2024-05-14",
      "description": "UPIAR/230086142483/DR/BookMyShow/BOOKMYSHOW/ICICI/b\nookmyshow@icici",
      "amount": 512.0,
      "transaction_type": "DEBIT",
      "bank_name": "UNION",
      "account_number": "672202065485044",
      "balance": 11949.6
    },
    {
      "transaction_date": "2024-05-13",
      "description": "UPIAB/601164745615/CR/KAVITA\nVERMA/KAVITA/KLGB/kavitav@okklgb",
      "amount": 4985.0,
      "transaction_type": "CREDIT",
      "bank_name": "UNION",
      "account_number": "672202065485044",
      "balance": 6964.6
    },
    {
      "transaction_date": "2024-05-13",
      "description": "UPIAB/733195526254/CR/SNEHA\nREDDY/SNEHA/AXIS/snehar@okaxis",
      "amount": 7433.0,
      "transaction_type": "CREDIT",
      "bank_name": "UNION",
      "account_number": "672202065485044",
      "balance": -468.4
    },
    {
      "transaction_date": "2024-05-10",
      "description": "UPIAB/537805345341/CR/RAJESH\nNAIR/RAJESH/CNRB/rajeshn@okcanara",
      "amount": 3946.0,
      "transaction_type": "CREDIT",
      "bank_name": "UNION",
      "account_number": "672202065485044",
      "balance": -4414.4
    },
    {
      "transaction_date": "2024-05-10",
      "description": "UPIAR/961360938070/DR/RAJESH\nNAIR/RAJESH/CNRB/rajeshn@okcanara",
      "amount": 1616.0,
      "transaction_type": "DEBIT",
      "bank_name": "UNION",
      "account_number": "672202065485044",
      "balance": -2798.4
    },
    {
      "transaction_date": "2024-05-10",
      "description": "UPIAR/640841375094/DR/PRIYA\nKUMAR/PRIYA/HDFC/priyak456@okhdfcbank",
      "amount": 3800.0,
      "transaction_type": "DEBIT",
      "bank_name": "UNION",
      "account_number": "672202065485044",
      "balance": 1001.6
    },
    {
      "transaction_date": "2024-05-09",
      "description": "UPIAB/428758021635/CR/VIJAY\nSINGH/VIJAY/FDRL/vijays@okfederal",
      "amount": 7023.0,
      "transaction_type": "CREDIT",
      "bank_name": "UNION",
      "account_number": "672202065485044",
      "balance": -6021.4
    },
    {
      "transaction_date": "2024-05-09",
      "description": "UPIAR/972848580142/DR/Flipkart/FLIPKART/AXIS/flipkart@axisb\nank",
      "amount": 3725.0,
      "transaction_type": "DEBIT",
      "bank_name": "UNION",
      "account_number": "672202065485044",
      "balance": -2296.4
    },
    {
      "transaction_date": "2024-05-08",
      "description": "UPIAB/680900503588/CR/SNEHA\nREDDY/SNEHA/AXIS/snehar@okaxis",
      "amount": 5672.0,
      "transaction_type": "CREDIT",
      "bank_name": "UNION",
      "account_number": "672202065485044",
      "balance": -7968.4
    },
    {
      "transaction_date": "2024-05-07",
      "description": "UPIAR/352031796556/DR/BookMyShow/BOOKMYSHOW/ICICI/b\nookmyshow@icici",
      "amount": 442.0,
      "transaction_type": "DEBIT",
      "bank_name": "UNION",
      "account_number": "672202065485044",
      "balance": -7526.4
    },
    {
      "transaction_date": "2024-05-07",
      "description": "UPIAR/520852114130/DR/Swiggy/SWIGGY/SBIN/swiggy@sbi",
      "amount": 576.0,
      "transaction_type": "DEBIT",
      "bank_name": "UNION",
      "account_number": "672202065485044",
      "balance": -6950.4
    },
    {
      "transaction_date": "2024-05-07",
      "description": "ATM WDL 638327\nKASARAGOD",
      "amount": 500.0,
      "transaction_type": "DEBIT",
      "bank_name": "UNION",
      "account_number": "672202065485044",
      "balance": -6450.4
    },
    {
      "transaction_date": "2024-05-06",
      "description": "UPIAB/931073796322/CR/SNEHA\nREDDY/SNEHA/AXIS/snehar@okaxis",
      "amount": 3091.0,
      "transaction_type": "CREDIT",
      "bank_name": "UNION",
      "account_number": "672202065485044",
      "balance": -9541.4
    },
    {
      "transaction_date": "2024-05-06",
      "description": "UPIAR/507840189984/DR/Amazon/AMAZON/ICICI/amazon@icici",
      "amount": 3785.0,
      "transaction_type": "DEBIT",
      "bank_name": "UNION",
      "account_number": "672202065485044",
      "balance": -5756.4
    },
    {
      "transaction_date": "2024-05-05",
      "description": "NEFT:SALARY CREDIT\nFDRLM8267877305",
      "amount": 50293.0,
      "transaction_type": "CREDIT",
      "bank_name": "UNION",
      "account_number": "672202065485044",
      "balance": -56049.4
    },
    {
      "transaction_date": "2024-05-05",
      "description": "UPIAR/854454314916/DR/PhonePe/PHONEPE/YESB/phonepe@\nybl",
      "amount": 1707.0,
      "transaction_type": "DEBIT",
      "bank_name": "UNION",
      "account_number": "672202065485044",
      "balance": -54342.4
    },
    {
      "transaction_date": "2024-05-04",
      "description": "NEFT:TRANSFER\nFDRLM8460627394",
      "amount": 36700.0,
      "transaction_type": "DEBIT",
      "bank_name": "UNION",
      "account_number": "672202065485044",
      "balance": -17642.4
    },
    {
      "transaction_date": "2024-05-03",
      "description": "UPIAR/301880931977/DR/KAVITA\nVERMA/KAVITA/KLGB/kavitav@okklgb",
      "amount": 7249.0,
      "transaction_type": "DEBIT",
      "bank_name": "UNION",
      "account_number": "672202065485044",
      "balance": -10393.4
    },
    {
      "transaction_date": "2024-05-02",
      "description": "UPIAR/635139653750/DR/PRIYA\nKUMAR/PRIYA/HDFC/priyak456@okhdfcbank",
      "amount": 1329.0,
      "transaction_type": "DEBIT",
      "bank_name": "UNION",
      "account_number": "672202065485044",
      "balance": -9064.4
    },
    {
      "transaction_date": "2024-05-01",
      "description": "UPIAB/799147138921/CR/AMIT\nPATEL/AMIT/ICICI/amitp789@okicici",
      "amount": 3484.0,
      "transaction_type": "CREDIT",
      "bank_name": "UNION",
      "account_number": "672202065485044",
      "balance": -12548.4
    },
    {
      "transaction_date": "2024-04-30",
      "description": "NEFT:CREDIT RECEIVED\nFDRLM8527962150",
      "amount": 22922.0,
      "transaction_type": "CREDIT",
      "bank_name": "UNION",
      "account_number": "672202065485044",
      "balance": -35470.4
    },
    {
      "transaction_date": "2024-04-30",
      "description": "NEFT:TRANSFER\nFDRLM8695419936",
      "amount": 42859.0,
      "transaction_type": "DEBIT",
      "bank_name": "UNION",
      "account_number": "672202065485044",
      "balance": 7388.6
    },
    {
      "transaction_date": "2024-04-30",
      "description": "UPIAR/539719218546/DR/RAJESH\nNAIR/RAJESH/CNRB/rajeshn@okcanara",
      "amount": 7374.0,
      "transaction_type": "DEBIT",
      "bank_name": "UNION",
      "account_number": "672202065485044",
      "balance": 14762.6
    },
    {
      "transaction_date": "2024-04-29",
      "description": "SMS Charges",
      "amount": 18.67,
      "transaction_type": "DEBIT",
      "bank_name": "UNION",
      "account_number": "672202065485044",
      "balance": 14781.27
    },
    {
      "transaction_date": "2024-04-29",
      "description": "UPIAR/758009686151/DR/BookMyShow/BOOKMYSHOW/ICICI/b\nookmyshow@icici",
      "amount": 540.0,
      "transaction_type": "DEBIT",
      "bank_name": "UNION",
      "account_number": "672202065485044",
      "balance": 15321.27
    },
    {
      "transaction_date": "2024-04-29",
      "description": "UPIAR/200597888423/DR/Swiggy/SWIGGY/SBIN/swiggy@sbi",
      "amount": 558.0,
      "transaction_type": "DEBIT",
      "bank_name": "UNION",
      "account_number": "672202065485044",
      "balance": 15879.27
    },
    {
      "transaction_date": "2024-04-29",
      "description": "UPIAR/217084944041/DR/Flipkart/FLIPKART/AXIS/flipkart@axisb\nank",
      "amount": 1400.0,
      "transaction_type": "DEBIT",
      "bank_name": "UNION",
      "account_number": "672202065485044",
      "balance": 17279.27
    },
    {
      "transaction_date": "2024-04-28",
      "description": "NEFT:TRANSFER\nFDRLM8859432569",
      "amount": 41460.0,
      "transaction_type": "DEBIT",
      "bank_name": "UNION",
      "account_number": "672202065485044",
      "balance": 58739.27
    },
    {
      "transaction_date": "2024-04-27",
      "description": "NEFT:CREDIT RECEIVED\nFDRLM8898457076",
      "amount": 46079.0,
      "transaction_type": "CREDIT",
      "bank_name": "UNION",
      "account_number": "672202065485044",
      "balance": 12660.27
    },
    {
      "transaction_date": "2024-04-27",
      "description": "ATM WDL 567212\nKOCHI",
      "amount": 3000.0,
      "transaction_type": "DEBIT",
      "bank_name": "UNION",
      "account_number": "672202065485044",
      "balance": 15660.27
    },
    {
      "transaction_date": "2024-04-27",
      "description": "UPIAB/136522572361/CR/AMIT\nPATEL/AMIT/ICICI/amitp789@okicici",
      "amount": 1627.0,
      "transaction_type": "CREDIT",
      "bank_name": "UNION",
      "account_number": "672202065485044",
      "balance": 14033.27
    },
    {
      "transaction_date": "2024-04-27",
      "description": "UPIAR/252912548918/DR/Zomato/ZOMATO/HDFC/zomato@hdfc\nbank",
      "amount": 808.0,
      "transaction_type": "DEBIT",
      "bank_name": "UNION",
      "account_number": "672202065485044",
      "balance": 14841.27
    }
  ]
}