{
  "bank_name": "UNION",
  "account_number": "672202058633731",
  "account_holder": "KIRAN Y IYER Home Branch",
  "statement_period": "From -13/12/2023 To 10/06/2024",
  "transactions": [
    {
      "transaction_date": "2024-06-10",
      "description": "NEFT:TRANSFER\nFDRLM8093635658",
      "amount": 48236.0,
      "transaction_type": "DEBIT",
      "bank_name": "UNION",
      "account_number": "672202058633731",
      "balance": -472883.43
    },
    {
      "transaction_date": "2024-06-10",
      "description": "UPIAR/749467849429/DR/Uber/UBER/UTIB/uber@axisbank",
      "amount": 248.0,
      "transaction_type": "DEBIT",
      "bank_name": "UNION",
      "account_number": "672202058633731",
      "balance": -472635.43
    },
    {
      "transaction_date": "2024-06-09",
      "description": "NEFT:Int.Pd:01-04-2024 to 01-06-2024",
      "amount": 29.48,
      "transaction_type": "CREDIT",
      "bank_name": "UNION",
      "account_number": "672202058633731",
      "balance": -472664.91
    },
    {
      "transaction_date": "2024-06-09",
      "description": "NEFT:TRANSFER\nFDRLM8062103291",
      "amount": 5006.0,
      "transaction_type": "DEBIT",
      "bank_name": "UNION",
      "account_number": "672202058633731",
      "balance": -467658.91
    },
    {
      "transaction_date": "2024-06-08",
      "description": "SMS Charges",
      "amount": 16.93,
      "transaction_type": "DEBIT",
      "bank_name": "UNION",
      "account_number": "672202058633731",
      "balance": -467641.98
    },
    {
      "transaction_date": "2024-06-08",
      "description": "NEFT:Int.Pd:01-04-2024 to 01-06-2024",
      "amount": 32.59,
      "transaction_type": "CREDIT",
      "bank_name": "UNION",
      "account_number": "672202058633731",
      "balance": -467674.57
    },
    {
      "transaction_date": "2024-06-07",
      "description": "UPIAR/510920301204/DR/DMart/DMART/HDFC/dmart@hdfcbank",
      "amount": 1196.0,
      "transaction_type": "DEBIT",
      "bank_name": "UNION",
      "account_number": "672202058633731",
      "balance": -466478.57
    },
    {
      "transaction_date": "2024-06-07",
      "description": "UPIAR/432919192318/DR/KAVITA\nVERMA/KAVITA/KLGB/kavitav@okklgb",
      "amount": 2983.0,
      "transaction_type": "DEBIT",
      "bank_name": "UNION",
      "account_number": "672202058633731",
      "balance": -463495.57
    },
    {
      "transaction_date": "2024-06-06",
      "description": "NEFT:Int.Pd:01-04-2024 to 01-06-2024",
      "amount": 19.72,
      "transaction_type": "CREDIT",
      "bank_name": "UNION",
      "account_number": "672202058633731",
      "balance": -463515.29
    },
    {
      "transaction_date": "2024-06-03",
      "description": "NEFT:TRANSFER\nFDRLM8782668452",
      "amount": 46869.0,
      "transaction_type": "DEBIT",
      "bank_name": "UNION",
      "account_number": "672202058633731",
      "balance": -416646.29
    },
    {
      "transaction_date": "2024-06-03",
      "description": "NEFT:TRANSFER\nFDRLM8823733133",
      "amount": 28362.0,
      "transaction_type": "DEBIT",
      "bank_name": "UNION",
      "account_number": "672202058633731",
      "balance": -388284.29
    },
    {
      "transaction_date": "2024-06-03",
      "description": "UPIAR/949437616001/DR/Swiggy/SWIGGY/SBIN/swiggy@sbi",
      "amount": 400.0,
      "transaction_type": "DEBIT",
      "bank_name": "UNION",
      "account_number": "672202058633731",
      "balance": -387884.29
    },
    {
      "transaction_date": "2024-06-02",
      "description": "UPIAB/312371798938/CR/RAHUL\nSHARMA/RAHUL/SBIN/rahul123@oksbi",
      "amount": 3031.0,
      "transaction_type": "CREDIT",
      "bank_name": "UNION",
      "account_number": "672202058633731",
      "balance": -390915.29
    },
    {
      "transaction_date": "2024-05-31",
      "description": "UPIAB/110655801772/CR/RAJESH\nNAIR/RAJESH/CNRB/rajeshn@okcanara",
      "amount": 7003.0,
      "transaction_type": "CREDIT",
      "bank_name": "UNION",
      "account_number": "672202058633731",
      "balance": -397918.29
    },
    {
      "transaction_date": "2024-05-30",
      "description": "UPIAB/898176415562/CR/RAHUL\nSHARMA/RAHUL/SBIN/rahul123@oksbi",
      "amount": 8688.0,
      "transaction_type": "CREDIT",
      "bank_name": "UNION",
      "account_number": "672202058633731",
      "balance": -406606.29
    },
    {
      "transaction_date": "2024-05-30",
      "description": "UPIAR/931441070187/DR/Amazon/AMAZON/ICICI/amazon@icici",
      "amount": 3089.0,
      "transaction_type": "DEBIT",
      "bank_name": "UNION",
      "account_number": "672202058633731",
      "balance": -403517.29
    },
    {
      "transaction_date": "2024-05-29",
      "description": "NEFT:Int.Pd:01-04-2024 to 01-05-2024",
      "amount": 37.21,
      "transaction_type": "CREDIT",
      "bank_name": "UNION",
      "account_number": "672202058633731",
      "balance": -403554.5
    },
    {
      "transaction_date": "2024-05-29",
      "description": "NEFT:Int.Pd:01-04-2024 to 01-05-2024",
      "amount": 42.34,
      "transaction_type": "CREDIT",
      "bank_name": "UNION",
      "account_number": "672202058633731",
      "balance": -403596.84
    },
    {
      "transaction_date": "2024-05-28",
      "description": "UPIAB/298523875112/CR/KAVITA\nVERMA/KAVITA/KLGB/kavitav@okklgb",
      "amount": 834.0,
      "transaction_type": "CREDIT",
      "bank_name": "UNION",
      "account_number": "672202058633731",
      "balance": -404430.84
    },
    {
      "transaction_date": "2024-05-27",
      "description": "UPIAR/679424079655/DR/Amazon/AMAZON/ICICI/amazon@icici",
      "amount": 4731.0,
      "transaction_type": "DEBIT",
      "bank_name": "UNION",
      "account_number": "672202058633731",
      "balance": -399699.84
    },
    {
      "transaction_date": "2024-05-27",
      "description": "UPIAR/148574610211/DR/Amazon/AMAZON/ICICI/amazon@icici",
      "amount": 1423.0,
      "transaction_type": "DEBIT",
      "bank_name": "UNION",
      "account_number": "672202058633731",
      "balance": -398276.84
    },
    {
      "transaction_date": "2024-05-24",
      "description": "UPIAR/752474877741/DR/Netflix/NETFLIX/HDFC/netflix@hdfcban\nk",
      "amount": 447.0,
      "transaction_type": "DEBIT",
      "bank_name": "UNION",
      "account_number": "672202058633731",
      "balance": -394807.77
    },
    {
      "transaction_date": "2024-05-23",
      "description": "UPIAR/591442138118/DR/PhonePe/PHONEPE/YESB/phonepe@\nybl",
      "amount": 1683.0,
      "transaction_type": "DEBIT",
      "bank_name": "UNION",
      "account_number": "672202058633731",
      "balance": -393124.77
    },
    {
      "transaction_date": "2024-05-23",
      "description": "UPIAR/961674145136/DR/Reliance/RELIANCE/SBIN/reliance@sb\ni",
      "amount": 2494.0,
      "transaction_type": "DEBIT",
      "bank_name": "UNION",
      "account_number": "672202058633731",
      "balance": -390630.77
    },
    {
      "transaction_date": "2024-05-22",
      "description": "UPIAR/806911350923/DR/Paytm/PAYTM/PYTM/paytm@paytm",
      "amount": 1226.0,
      "transaction_type": "DEBIT",
      "bank_name": "UNION",
      "account_number": "672202058633731",
      "balance": -389404.77
    },
    {
      "transaction_date": "2024-05-22",
      "description": "UPIAB/402216592730/CR/VIJAY\nSINGH/VIJAY/FDRL/vijays@okfederal",
      "amount": 743.0,
      "transaction_type": "CREDIT",
      "bank_name": "UNION",
      "account_number": "672202058633731",
      "balance": -390147.77
    },
    {
      "transaction_date": "2024-05-22",
      "description": "UPIAR/550069216854/DR/BookMyShow/BOOKMYSHOW/ICICI/b\nookmyshow@icici",
      "amount": 598.0,
      "transaction_type": "DEBIT",
      "bank_name": "UNION",
      "account_number": "672202058633731",
      "balance": -389549.77
    },
    {
      "transaction_date": "2024-05-21",
      "description": "UPIAR/587019577695/DR/Ola/OLA/ICICI/ola@icici",
      "amount": 359.0,
      "transaction_type": "DEBIT",
      "bank_name": "UNION",
      "account_number": "672202058633731",
      "balance": -389190.77
    },
    {
      "transaction_date": "2024-05-21",
      "description": "UPIAR/508419680567/DR/Paytm/PAYTM/PYTM/paytm@paytm",
      "amount": 469.0,
      "transaction_type": "DEBIT",
      "bank_name": "UNION",
      "account_number": "672202058633731",
      "balance": -388721.77
    },
    {
      "transaction_date": "2024-05-20",
      "description": "UPIAR/930144855512/DR/KAVITA\nVERMA/KAVITA/KLGB/kavitav@okklgb",
      "amount": 970.0,
      "transaction_type": "DEBIT",
      "bank_name": "UNION",
      "account_number": "672202058633731",
      "balance": -387751.77
    },
    {
      "transaction_date": "2024-05-20",
      "description": "UPIAR/296394951289/DR/RAJESH\nNAIR/RAJESH/CNRB/rajeshn@okcanara",
      "amount": 9554.0,
      "transaction_type": "DEBIT",
      "bank_name": "UNION",
      "account_number": "672202058633731",
      "balance": -378197.77
    },
    {
      "transaction_date": "2024-05-19",
      "description": "UPIAR/502273788018/DR/KAVITA\nVERMA/KAVITA/KLGB/kavitav@okklgb",
      "amount": 1302.0,
      "transaction_type": "DEBIT",
      "bank_name": "UNION",
      "account_number": "672202058633731",
      "balance": -376895.77
    },
    {
      "transaction_date": "2024-05-18",
      "description": "UPIAR/822315445486/DR/Google\nPlay/GOOGLEPLAY/UTIB/goog-payment@okaxis",
      "amount": 409.0,
      "transaction_type": "DEBIT",
      "bank_name": "UNION",
      "account_number": "672202058633731",
      "balance": -376486.77
    },
    {
      "transaction_date": "2024-05-18",
      "description": "UPIAR/738624677041/DR/BPCL Fuel/BPCL/CNRB/bpcl@canara",
      "amount": 2307.0,
      "transaction_type": "DEBIT",
      "bank_name": "UNION",
      "account_number": "672202058633731",
      "balance": -374179.77
    },
    {
      "transaction_date": "2024-05-17",
      "description": "UPIAR/453410579982/DR/Ola/OLA/ICICI/ola@icici",
      "amount": 170.0,
      "transaction_type": "DEBIT",
      "bank_name": "UNION",
      "account_number": "672202058633731",
      "balance": -374009.77
    },
    {
      "transaction_date": "2024-05-17",
      "description": "UPIAR/560221397876/DR/Paytm/PAYTM/PYTM/paytm@paytm",
      "amount": 715.0,
      "transaction_type": "DEBIT",
      "bank_name": "UNION",
      "account_number": "672202058633731",
      "balance": -373294.77
    },
    {
      "transaction_date": "2024-05-16",
      "description": "UPIAR/639385607947/DR/Indian\nOil/INDIANOIL/YESB/indianoil@ybl",
      "amount": 1188.0,
      "transaction_type": "DEBIT",
      "bank_name": "UNION",
      "account_number": "672202058633731",
      "balance": -372106.77
    },
    {
      "transaction_date": "2024-05-15",
      "description": "UPIAR/916084639542/DR/BPCL Fuel/BPCL/CNRB/bpcl@canara",
      "amount": 2448.0,
      "transaction_type": "DEBIT",
      "bank_name": "UNION",
      "account_number": "672202058633731",
      "balance": -369658.77
    },
    {
      "transaction_date": "2024-05-15",
      "description": "NEFT:Int.Pd:01-04-2024 to 01-05-2024",
      "amount": 31.75,
      "transaction_type": "CREDIT",
      "bank_name": "UNION",
      "account_number": "672202058633731",
      "balance": -369690.52
    },
    {
      "transaction_date": "2024-05-14",
      "description": "MAND DR- BCF2442-",
      "amount": 2083.0,
      "transaction_type": "DEBIT",
      "bank_name": "UNION",
      "account_number": "672202058633731",
      "balance": -367607.52
    },
    {
      "transaction_date": "2024-05-14",
      "description": "UPIAR/236975087767/DR/Indian\nOil/INDIANOIL/YESB/indianoil@ybl",
      "amount": 1041.0,
      "transaction_type": "DEBIT",
      "bank_name": "UNION",
      "account_number": "672202058633731",
      "balance": -366566.52
    },
    {
      "transaction_date": "2024-05-13",
      "description": "UPIAR/976904848748/DR/KAVITA\nVERMA/KAVITA/KLGB/kavitav@okklgb",
      "amount": 7289.0,
      "transaction_type": "DEBIT",
      "bank_name": "UNION",
      "account_number": "672202058633731",
      "balance": -359277.52
    },
    {
      "transaction_date": "2024-05-13",
      "description": "UPIAR/399370558109/DR/Flipkart/FLIPKART/AXIS/flipkart@axisb\nank",
      "amount": 2360.0,
      "transaction_type": "DEBIT",
      "bank_name": "UNION",
      "account_number": "672202058633731",
      "balance": -356917.52
    },
    {
      "transaction_date": "2024-05-13",
      "description": "SMS Charges",
      "amount": 19.55,
      "transaction_type": "DEBIT",
      "bank_name": "UNION",
      "account_number": "672202058633731",
      "balance": -356897.97
    },
    {
      "transaction_date": "2024-05-13",
      "description": "UPIAR/702509745129/DR/Reliance/RELIANCE/SBIN/reliance@sb\ni",
      "amount": 1034.0,
      "transaction_type": "DEBIT",
      "bank_name": "UNION",
      "account_number": "672202058633731",
      "balance": -355863.97
    },
    {
      "transaction_date": "2024-05-12",
      "description": "UPIAR/689616504296/DR/VIJAY\nSINGH/VIJAY/FDRL/vijays@okfederal",
      "amount": 1758.0,
      "transaction_type": "DEBIT",
      "bank_name": "UNION",
      "account_number": "672202058633731",
      "balance": -354105.97
    },
    {
      "transaction_date": "2024-05-12",
      "description": "UPIAB/463026397299/CR/DEEPA\nMENON/DEEPA/BARB/deepam@okbob",
      "amount": 8254.0,
      "transaction_type": "CREDIT",
      "bank_name": "UNION",
      "account_number": "672202058633731",
      "balance": -362359.97
    },
    {
      "transaction_date": "2024-05-12",
      "description": "UPIAB/262232642308/CR/RAJESH\nNAIR/RAJESH/CNRB/rajeshn@okcanara",
      "amount": 8258.0,
      "transaction_type": "CREDIT",
      "bank_name": "UNION",
      "account_number": "672202058633731",
      "balance": -370617.97
    },
    {
      "transaction_date": "2024-05-12",
      "description": "SMS Charges",
      "amount": 15.21,
      "transaction_type": "DEBIT",
      "bank_name": "UNION",
      "account_number": "672202058633731",
      "balance": -370602.76
    },
    {
      "transaction_date": "2024-05-12",
      "description": "NEFT:TRANSFER\nFDRLM8197245148",
      "amount": 16057.0,
      "transaction_type": "DEBIT",
      "bank_name": "UNION",
      "account_number": "672202058633731",
      "balance": -354545.76
    },
    {
      "transaction_date": "2024-05-10",
      "description": "UPIAR/949847829827/DR/DEEPA\nMENON/DEEPA/BARB/deepam@okbob",
      "amount": 1467.0,
      "transaction_type": "DEBIT",
      "bank_name": "UNION",
      "account_number": "672202058633731",
      "balance": -353078.76
    },
    {
      "transaction_date": "2024-05-10",
      "description": "UPIAR/205123863162/DR/SNEHA\nREDDY/SNEHA/AXIS/snehar@okaxis",
      "amount": 1166.0,
      "transaction_type": "DEBIT",
      "bank_name": "UNION",
      "account_number": "672202058633731",
      "balance": -351912.76
    },
    {
      "transaction_date": "2024-05-09",
      "description": "ATM WDL 141504\nKANNUR",
      "amount": 5000.0,
      "transaction_type": "DEBIT",
      "bank_name": "UNION",
      "account_number": "672202058633731",
      "balance": -346912.76
    },
    {
      "transaction_date": "2024-05-08",
      "description": "UPIAB/281100969993/CR/AMIT\nPATEL/AMIT/ICICI/amitp789@okicici",
      "amount": 6623.0,
      "transaction_type": "CREDIT",
      "bank_name": "UNION",
      "account_number": "672202058633731",
      "balance": -353535.76
    },
    {
      "transaction_date": "2024-05-08",
      "description": "UPIAR/885340426698/DR/Reliance/RELIANCE/SBIN/reliance@sb\ni",
      "amount": 1954.0,
      "transaction_type": "DEBIT",
      "bank_name": "UNION",
      "account_number": "672202058633731",
      "balance": -351581.76
    },
    {
      "transaction_date": "2024-05-08",
      "description": "ATM WDL 496636\nKASARAGOD",
      "amount": 3000.0,
      "transaction_type": "DEBIT",
      "bank_name": "UNION",
      "account_number": "672202058633731",
      "balance": -348581.76
    },
    {
      "transaction_date": "2024-05-07",
      "description": "UPIAR/320736931343/DR/PhonePe/PHONEPE/YESB/phonepe@\nybl",
      "amount": 1705.0,
      "transaction_type": "DEBIT",
      "bank_name": "UNION",
      "account_number": "672202058633731",
      "balance": -346876.76
    },
    {
      "transaction_date": "2024-05-06",
      "description": "UPIAR/996570430362/DR/Swiggy/SWIGGY/SBIN/swiggy@sbi",
      "amount": 621.0,
      "transaction_type": "DEBIT",
      "bank_name": "UNION",
      "account_number": "672202058633731",
      "balance": -346255.76
    },
    {
      "transaction_date": "2024-05-05",
      "description": "UPIAR/862560142723/DR/SNEHA\nREDDY/SNEHA/AXIS/snehar@okaxis",
      "amount": 7583.0,
      "transaction_type": "DEBIT",
      "bank_name": "UNION",
      "account_number": "672202058633731",
      "balance": -338672.76
    },
    {
      "transaction_date": "2024-05-05",
      "description": "SMS Charges",
      "amount": 19.85,
      "transaction_type": "DEBIT",
      "bank_name": "UNION",
      "account_number": "672202058633731",
      "balance": -338652.91
    },
    {
      "transaction_date": "2024-05-04",
      "description": "UPIAR/310939444962/DR/DMart/DMART/HDFC/dmart@hdfcbank",
      "amount": 2688.0,
      "transaction_type": "DEBIT",
      "bank_name": "UNION",
      "account_number": "672202058633731",
      "balance": -335964.91
    },
    {
      "transaction_date": "2024-05-04",
      "description": "UPIAR/704995084050/DR/Indian\nOil/INDIANOIL/YESB/indianoil@ybl",
      "amount": 1269.0,
      "transaction_type": "DEBIT",
      "bank_name": "UNION",
      "account_number": "672202058633731",
      "balance": -334695.91
    },
    {
      "transaction_date": "2024-05-04",
      "description": "NEFT:TRANSFER\nFDRLM8640577222",
      "amount": 36103.0,
      "transaction_type": "DEBIT",
      "bank_name": "UNION",
      "account_number": "672202058633731",
      "balance": -298592.91
    },
    {
      "transaction_date": "2024-05-04",
      "description": "UPIAR/162925164823/DR/DMart/DMART/HDFC/dmart@hdfcbank",
      "amount": 1778.0,
      "transaction_type": "DEBIT",
      "bank_name": "UNION",
      "account_number": "672202058633731",
      "balance": -296814.91
    },
    {
      "transaction_date": "2024-05-03",
      "description": "ATM WDL 350390\nKOCHI",
      "amount": 2000.0,
      "transaction_type": "DEBIT",
      "bank_name": "UNION",
      "account_number": "672202058633731",
      "balance": -294814.91
    },
    {
      "transaction_date": "2024-05-03",
      "description": "NEFT:Int.Pd:01-04-2024 to 01-05-2024",
      "amount": 39.61,
      "transaction_type": "CREDIT",
      "bank_name": "UNION",
      "account_number": "672202058633731",
      "balance": -294854.52
    },
    {
      "transaction_date": "2024-05-03",
      "description": "UPIAB/316848953661/CR/AMIT\nPATEL/AMIT/ICICI/amitp789@okicici",
      "amount": 9933.0,
      "transaction_type": "CREDIT",
      "bank_name": "UNION",
      "account_number": "672202058633731",
      "balance": -304787.52
    },
    {
      "transaction_date": "2024-05-02",
      "description": "NEFT:TRANSFER\nFDRLM8185909605",
      "amount": 39780.0,
      "transaction_type": "DEBIT",
      "bank_name": "UNION",
      "account_number": "672202058633731",
      "balance": -265007.52
    },
    {
      "transaction_date": "2024-05-01",
      "description": "UPIAR/776025348671/DR/PRIYA\nKUMAR/PRIYA/HDFC/priyak456@okhdfcbank",
      "amount": 4656.0,
      "transaction_type": "DEBIT",
      "bank_name": "UNION",
      "account_number": "672202058633731",
      "balance": -260351.52
    },
    {
      "transaction_date": "2024-04-30",
      "description": "UPIAR/289496824894/DR/Zomato/ZOMATO/HDFC/zomato@hdfc\nbank",
      "amount": 700.0,
      "transaction_type": "DEBIT",
      "bank_name": "UNION",
      "account_number": "672202058633731",
      "balance": -259651.52
    },
    {
      "transaction_date": "2024-04-30",
      "description": "ATM WDL 483206\nKANNUR",
      "amount": 500.0,
      "transaction_type": "DEBIT",
      "bank_name": "UNION",
      "account_number": "672202058633731",
      "balance": -259151.52
    },
    {
      "transaction_date": "2024-04-30",
      "description": "UPIAR/832600547119/DR/Uber/UBER/UTIB/uber@axisbank",
      "amount": 326.0,
      "transaction_type": "DEBIT",
      "bank_name": "UNION",
      "account_number": "672202058633731",
      "balance": -258825.52
    },
    {
      "transaction_date": "2024-04-30",
      "description": "UPIAR/200036163022/DR/Flipkart/FLIPKART/AXIS/flipkart@axisb\nank",
      "amount": 1886.0,
      "transaction_type": "DEBIT",
      "bank_name": "UNION",
      "account_number": "672202058633731",
      "balance": -256939.52
    },
    {
      "transaction_date": "2024-04-29",
      "description": "UPIAR/390374007661/DR/PhonePe/PHONEPE/YESB/phonepe@\nybl",
      "amount": 734.0,
      "transaction_type": "DEBIT",
      "bank_name": "UNION",
      "account_number": "672202058633731",
      "balance": -256205.52
    },
    {
      "transaction_date": "2024-04-28",
      "description": "UPIAR/513740209476/DR/Reliance/RELIANCE/SBIN/reliance@sb\ni",
      "amount": 1087.0,
      "transaction_type": "DEBIT",
      "bank_name": "UNION",
      "account_number": "672202058633731",
      "balance": -255118.52
    },
    {
      "transaction_date": "2024-04-28",
      "description": "UPIAR/988597671528/DR/BPCL Fuel/BPCL/CNRB/bpcl@canara",
      "amount": 2232.0,
      "transaction_type": "DEBIT",
      "bank_name": "UNION",
      "account_number": "672202058633731",
      "balance": -252886.52
    },
    {
      "transaction_date": "2024-04-27",
      "description": "UPIAR/984541949791/DR/Google\nPlay/GOOGLEPLAY/UTIB/goog-payment@okaxis",
      "amount": 934.0,
      "transaction_type": "DEBIT",
      "bank_name": "UNION",
      "account_number": "672202058633731",
      "balance": -251952.52
    },
    {
      "transaction_date": "2024-04-27",
      "description": "NEFT:CREDIT RECEIVED\nFDRLM8013928508",
      "amount": 32496.0,
      "transaction_type": "CREDIT",
      "bank_name": "UNION",
      "account_number": "672202058633731",
      "balance": -284448.52
    },
    {
      "transaction_date": "2024-04-27",
      "description": "UPIAR/670149234691/DR/Uber/UBER/UTIB/uber@axisbank",
      "amount": 190.0,
      "transaction_type": "DEBIT",
      "bank_name": "UNION",
      "account_number": "672202058633731",
      "balance": -284258.52
    },
    {
      "transaction_date": "2024-04-27",
      "description": "UPIAR/130043006724/DR/Google\nPlay/GOOGLEPLAY/UTIB/goog-payment@okaxis",
      "amount": 737.0,
      "transaction_type": "DEBIT",
      "bank_name": "UNION",
      "account_number": "672202058633731",
      "balance": -283521.52
    },
    {
      "transaction_date": "2024-04-26",
      "description": "UPIAR/209046504598/DR/Google\nPlay/GOOGLEPLAY/UTIB/goog-payment@okaxis",
      "amount": 211.0,
      "transaction_type": "DEBIT",
      "bank_name": "UNION",
      "account_number": "672202058633731",
      "balance": -283310.52
    },
    {
      "transaction_date": "2024-04-26",
      "description": "ATM WDL 845460\nKASARAGOD",
      "amount": 3000.0,
      "transaction_type": "DEBIT",
      "bank_name": "UNION",
      "account_number": "672202058633731",
      "balance": -280310.52
    },
    {
      "transaction_date": "2024-04-25",
      "description": "UPIAR/588326826052/DR/Netflix/NETFLIX/HDFC/netflix@hdfcban\nk",
      "amount": 773.0,
      "transaction_type": "DEBIT",
      "bank_name": "UNION",
      "account_number": "672202058633731",
      "balance": -279537.52
    },
    {
      "transaction_date": "2024-04-25",
      "description": "UPIAR/220774220573/DR/BPCL Fuel/BPCL/CNRB/bpcl@canara",
      "amount": 2463.0,
      "transaction_type": "DEBIT",
      "bank_name": "UNION",
      "account_number": "672202058633731",
      "balance": -277074.52
    },
    {
      "transaction_date": "2024-04-24",
      "description": "UPIAR/888712676928/DR/Flipkart/FLIPKART/AXIS/flipkart@axisb\nank",
      "amount": 688.0,
      "transaction_type": "DEBIT",
      "bank_name": "UNION",
      "account_number": "672202058633731",
      "balance": -276386.52
    },
    {
      "transaction_date": "2024-04-24",
      "description": "UPIAB/896161462461/CR/AMIT\nPATEL/AMIT/ICICI/amitp789@okicici",
      "amount": 8790.0,
      "transaction_type": "CREDIT",
      "bank_name": "UNION",
      "account_number": "672202058633731",
      "balance": -285176.52
    },
    {
      "transaction_date": "2024-04-23",
      "description": "UPIAB/595847485221/CR/RAJESH\nNAIR/RAJESH/CNRB/rajeshn@okcanara",
      "amount": 1205.0,
      "transaction_type": "CREDIT",
      "bank_name": "UNION",
      "account_number": "672202058633731",
      "balance": -286381.52
    },
    {
      "transaction_date": "2024-04-22",
      "description": "ATM WDL 743163\nKANNUR",
      "amount": 5000.0,
      "transaction_type": "DEBIT",
      "bank_name": "UNION",
      "account_number": "672202058633731",
      "balance": -281381.52
    },
    {
      "transaction_date": "2024-04-22",
      "description": "UPIAR/263108126773/DR/Netflix/NETFLIX/HDFC/netflix@hdfcban\nk",
      "amount": 265.0,
      "transaction_type": "DEBIT",
      "bank_name": "UNION",
      "account_number": "672202058633731",
      "balance": -281116.52
    },
    {
      "transaction_date": "2024-04-22",
      "description": "UPIAB/148944527030/CR/PRIYA\nKUMAR/PRIYA/HDFC/priyak456@okhdfcbank",
      "amount": 9375.0,
      "transaction_type": "CREDIT",
      "bank_name": "UNION",
      "account_number": "672202058633731",
      "balance": -290491.52
    },
    {
      "transaction_date": "2024-04-21",
      "description": "UPIAR/395493799320/DR/Swiggy/SWIGGY/SBIN/swiggy@sbi",
      "amount": 640.0,
      "transaction_type": "DEBIT",
      "bank_name": "UNION",
      "account_number": "672202058633731",
      "balance": -289851.52
    },
    {
      "transaction_date": "2024-04-21",
      "description": "UPIAR/988173260388/DR/AMIT\nPATEL/AMIT/ICICI/amitp789@okicici",
      "amount": 2691.0,
      "transaction_type": "DEBIT",
      "bank_name": "UNION",
      "account_number": "672202058633731",
      "balance": -287160.52
    },
    {
      "transaction_date": "2024-04-21",
      "description": "UPIAR/674337476190/DR/BookMyShow/BOOKMYSHOW/ICICI/b\nookmyshow@icici",
      "amount": 242.0,
      "transaction_type": "DEBIT",
      "bank_name": "UNION",
      "account_number": "672202058633731",
      "balance": -286918.52
    },
    {
      "transaction_date": "2024-04-21",
      "description": "UPIAR/394122105507/DR/PRIYA\nKUMAR/PRIYA/HDFC/priyak456@okhdfcbank",
      "amount": 7375.0,
      "transaction_type": "DEBIT",
      "bank_name": "UNION",
      "account_number": "672202058633731",
      "balance": -279543.52
    },
    {
      "transaction_date": "2024-04-20",
      "description": "UPIAR/420849967925/DR/Zomato/ZOMATO/HDFC/zomato@hdfc\nbank",
      "amount": 684.0,
      "transaction_type": "DEBIT",
      "bank_name": "UNION",
      "account_number": "672202058633731",
      "balance": -278859.52
    },
    {
      "transaction_date": "2024-04-20",
      "description": "UPIAR/319764051144/DR/Netflix/NETFLIX/HDFC/netflix@hdfcban\nk",
      "amount": 286.0,
      "transaction_type": "DEBIT",
      "bank_name": "UNION",
      "account_number": "672202058633731",
      "balance": -278573.52
    },
    {
      "transaction_date": "2024-04-20",
      "description": "UPIAR/752185140912/DR/Zomato/ZOMATO/HDFC/zomato@hdfc\nbank",
      "amount": 293.0,
      "transaction_type": "DEBIT",
      "bank_name": "UNION",
      "account_number": "672202058633731",
      "balance": -278280.52
    },
    {
      "transaction_date": "2024-04-20",
      "description": "UPIAR/319251516697/DR/Ola/OLA/ICICI/ola@icici",
      "amount": 100.0,
      "transaction_type": "DEBIT",
      "bank_name": "UNION",
      "account_number": "672202058633731",
      "balance": -278180.52
    },
    {
      "transaction_date": "2024-04-18",
      "description": "NEFT:TRANSFER\nFDRLM8968101911",
      "amount": 34462.0,
      "transaction_type": "DEBIT",
      "bank_name": "UNION",
      "account_number": "672202058633731",
      "balance": -243718.52
    },
    {
      "transaction_date": "2024-04-18",
      "description": "NEFT:Int.Pd:01-04-2024 to 01-04-2024",
      "amount": 30.52,
      "transaction_type": "CREDIT",
      "bank_name": "UNION",
      "account_number": "672202058633731",
      "balance": -243749.04
    },
    {
      "transaction_date": "2024-04-17",
      "description": "SMS Charges",
      "amount": 16.24,
      "transaction_type": "DEBIT",
      "bank_name": "UNION",
      "account_number": "672202058633731",
      "balance": -243732.8
    },
    {
      "transaction_date": "2024-04-17",
      "description": "UPIAR/278067232930/DR/Amazon/AMAZON/ICICI/amazon@icici",
      "amount": 2147.0,
      "transaction_type": "DEBIT",
      "bank_name": "UNION",
      "account_number": "672202058633731",
      "balance": -241585.8
    },
    {
      "transaction_date": "2024-04-17",
      "description": "UPIAR/820369194422/DR/Netflix/NETFLIX/HDFC/netflix@hdfcban\nk",
      "amount": 231.0,
      "transaction_type": "DEBIT",
      "bank_name": "UNION",
      "account_number": "672202058633731",
      "balance": -241354.8
    },
    {
      "transaction_date": "2024-04-16",
      "description": "NEFT:Int.Pd:01-04-2024 to 01-04-2024",
      "amount": 49.36,
      "transaction_type": "CREDIT",
      "bank_name": "UNION",
      "account_number": "672202058633731",
      "balance": -241404.16
    },
    {
      "transaction_date": "2024-04-15",
      "description": "UPIAB/861484163195/CR/PRIYA\nKUMAR/PRIYA/HDFC/priyak456@okhdfcbank",
      "amount": 3624.0,
      "transaction_type": "CREDIT",
      "bank_name": "UNION",
      "account_number": "672202058633731",
      "balance": -245028.16
    },
    {
      "transaction_date": "2024-04-15",
      "description": "UPIAR/162024631786/DR/BPCL Fuel/BPCL/CNRB/bpcl@canara",
      "amount": 1467.0,
      "transaction_type": "DEBIT",
      "bank_name": "UNION",
      "account_number": "672202058633731",
      "balance": -243561.16
    },
    {
      "transaction_date": "2024-04-14",
      "description": "ATM WDL 971629\nKOCHI",
      "amount": 5000.0,
      "transaction_type": "DEBIT",
      "bank_name": "UNION",
      "account_number": "672202058633731",
      "balance": -238561.16
    },
    {
      "transaction_date": "2024-04-14",
      "description": "UPIAR/344883139040/DR/Google\nPlay/GOOGLEPLAY/UTIB/goog-payment@okaxis",
      "amount": 250.0,
      "transaction_type": "DEBIT",
      "bank_name": "UNION",
      "account_number": "672202058633731",
      "balance": -238311.16
    },
    {
      "transaction_date": "2024-04-13",
      "description": "UPIAR/623094739988/DR/Amazon/AMAZON/ICICI/amazon@icici",
      "amount": 3003.0,
      "transaction_type": "DEBIT",
      "bank_name": "UNION",
      "account_number": "672202058633731",
      "balance": -235308.16
    },
    {
      "transaction_date": "2024-04-13",
      "description": "NEFT:TRANSFER\nFDRLM8845842467",
      "amount": 26449.0,
      "transaction_type": "DEBIT",
      "bank_name": "UNION",
      "account_number": "672202058633731",
      "balance": -208859.16
    },
    {
      "transaction_date": "2024-04-11",
      "description": "UPIAR/944026384737/DR/PhonePe/PHONEPE/YESB/phonepe@\nybl",
      "amount": 126.0,
      "transaction_type": "DEBIT",
      "bank_name": "UNION",
      "account_number": "672202058633731",
      "balance": -208733.16
    },
    {
      "transaction_date": "2024-04-11",
      "description": "MAND DR- BCF2442-",
      "amount": 2083.0,
      "transaction_type": "DEBIT",
      "bank_name": "UNION",
      "account_number": "672202058633731",
      "balance": -206650.16
    },
    {
      "transaction_date": "2024-04-11",
      "description": "NEFT:Int.Pd:01-04-2024 to 01-04-2024",
      "amount": 45.8,
      "transaction_type": "CREDIT",
      "bank_name": "UNION",
      "account_number": "672202058633731",
      "balance": -206695.96
    },
    {
      "transaction_date": "2024-04-10",
      "description": "ATM WDL 763281\nKANNUR",
      "amount": 500.0,
      "transaction_type": "DEBIT",
      "bank_name": "UNION",
      "account_number": "672202058633731",
      "balance": -206195.96
    },
    {
      "transaction_date": "2024-04-10",
      "description": "UPIAR/697861591661/DR/Google\nPlay/GOOGLEPLAY/UTIB/goog-payment@okaxis",
      "amount": 51.0,
      "transaction_type": "DEBIT",
      "bank_name": "UNION",
      "account_number": "672202058633731",
      "balance": -206144.96
    },
    {
      "transaction_date": "2024-04-10",
      "description": "UPIAR/131665141718/DR/AMIT\nPATEL/AMIT/ICICI/amitp789@okicici",
      "amount": 3947.0,
      "transaction_type": "DEBIT",
      "bank_name": "UNION",
      "account_number": "672202058633731",
      "balance": -202197.96
    },
    {
      "transaction_date": "2024-04-10",
      "description": "ATM WDL 236146\nKOCHI",
      "amount": 5000.0,
      "transaction_type": "DEBIT",
      "bank_name": "UNION",
      "account_number": "672202058633731",
      "balance": -197197.96
    },
    {
      "transaction_date": "2024-04-09",
      "description": "UPIAR/324510369299/DR/Indian\nOil/INDIANOIL/YESB/indianoil@ybl",
      "amount": 1739.0,
      "transaction_type": "DEBIT",
      "bank_name": "UNION",
      "account_number": "672202058633731",
      "balance": -195458.96
    },
    {
      "transaction_date": "2024-04-09",
      "description": "ATM WDL 737027\nKASARAGOD",
      "amount": 2000.0,
      "transaction_type": "DEBIT",
      "bank_name": "UNION",
      "account_number": "672202058633731",
      "balance": -193458.96
    },
    {
      "transaction_date": "2024-04-08",
      "description": "UPIAR/300907514200/DR/AMIT\nPATEL/AMIT/ICICI/amitp789@okicici",
      "amount": 1566.0,
      "transaction_type": "DEBIT",
      "bank_name": "UNION",
      "account_number": "672202058633731",
      "balance": -191892.96
    },
    {
      "transaction_date": "2024-04-06",
      "description": "UPIAB/536871753347/CR/SNEHA\nREDDY/SNEHA/AXIS/snehar@okaxis",
      "amount": 9424.0,
      "transaction_type": "CREDIT",
      "bank_name": "UNION",
      "account_number": "672202058633731",
      "balance": -201316.96
    },
    {
      "transaction_date": "2024-04-06",
      "description": "UPIAR/638931428124/DR/VIJAY\nSINGH/VIJAY/FDRL/vijays@okfederal",
      "amount": 5561.0,
      "transaction_type": "DEBIT",
      "bank_name": "UNION",
      "account_number": "672202058633731",
      "balance": -195755.96
    },
    {
      "transaction_date": "2024-04-04",
      "description": "UPIAR/942075644819/DR/Paytm/PAYTM/PYTM/paytm@paytm",
      "amount": 1182.0,
      "transaction_type": "DEBIT",
      "bank_name": "UNION",
      "account_number": "672202058633731",
      "balance": -194573.96
    },
    {
      "transaction_date": "2024-04-02",
      "description": "UPIAB/686901411643/CR/DEEPA\nMENON/DEEPA/BARB/deepam@okbob",
      "amount": 909.0,
      "transaction_type": "CREDIT",
      "bank_name": "UNION",
      "account_number": "672202058633731",
      "balance": -195482.96
    },
    {
      "transaction_date": "2024-04-01",
      "description": "NEFT:SALARY CREDIT\nFDRLM8211252705",
      "amount": 37101.0,
      "transaction_type": "CREDIT",
      "bank_name": "UNION",
      "account_number": "672202058633731",
      "balance": -232583.96
    },
    {
      "transaction_date": "2024-04-01",
      "description": "ATM WDL 788873\nKANNUR",
      "amount": 1000.0,
      "transaction_type": "DEBIT",
      "bank_name": "UNION",
      "account_number": "672202058633731",
      "balance": -231583.96
    },
    {
      "transaction_date": "2024-04-01",
      "description": "UPIAR/662744024550/DR/Uber/UBER/UTIB/uber@axisbank",
      "amount": 296.0,
      "transaction_type": "DEBIT",
      "bank_name": "UNION",
      "account_number": "672202058633731",
      "balance": -231287.96
    },
    {
      "transaction_date": "2024-03-30",
      "description": "UPIAB/204582582962/CR/KAVITA\nVERMA/KAVITA/KLGB/kavitav@okklgb",
      "amount": 657.0,
      "transaction_type": "CREDIT",
      "bank_name": "UNION",
      "account_number": "672202058633731",
      "balance": -231944.96
    },
    {
      "transaction_date": "2024-03-30",
      "description": "UPIAR/517346064607/DR/PhonePe/PHONEPE/YESB/phonepe@\nybl",
      "amount": 1861.0,
      "transaction_type": "DEBIT",
      "bank_name": "UNION",
      "account_number": "672202058633731",
      "balance": -230083.96
    },
    {
      "transaction_date": "2024-03-30",
      "description": "UPIAB/281088352590/CR/RAHUL\nSHARMA/RAHUL/SBIN/rahul123@oksbi",
      "amount": 1083.0,
      "transaction_type": "CREDIT",
      "bank_name": "UNION",
      "account_number": "672202058633731",
      "balance": -231166.96
    },
    {
      "transaction_date": "2024-03-29",
      "description": "UPIAR/878792364655/DR/PRIYA\nKUMAR/PRIYA/HDFC/priyak456@okhdfcbank",
      "amount": 1123.0,
      "transaction_type": "DEBIT",
      "bank_name": "UNION",
      "account_number": "672202058633731",
      "balance": -230043.96
    },
    {
      "transaction_date": "2024-03-29",
      "description": "UPIAB/114209887801/CR/KAVITA\nVERMA/KAVITA/KLGB/kavitav@okklgb",
      "amount": 7534.0,
      "transaction_type": "CREDIT",
      "bank_name": "UNION",
      "account_number": "672202058633731",
      "balance": -237577.96
    },
    {
      "transaction_date": "2024-03-26",
      "description": "UPIAR/495832163863/DR/Reliance/RELIANCE/SBIN/reliance@sb\ni",
      "amount": 1763.0,
      "transaction_type": "DEBIT",
      "bank_name": "UNION",
      "account_number": "672202058633731",
      "balance": -235814.96
    },
    {
      "transaction_date": "2024-03-25",
      "description": "UPIAR/203773097366/DR/Indian\nOil/INDIANOIL/YESB/indianoil@ybl",
      "amount": 749.0,
      "transaction_type": "DEBIT",
      "bank_name": "UNION",
      "account_number": "672202058633731",
      "balance": -235065.96
    },
    {
      "transaction_date": "2024-03-24",
      "description": "UPIAR/851516745565/DR/Zomato/ZOMATO/HDFC/zomato@hdfc\nbank",
      "amount": 529.0,
      "transaction_type": "DEBIT",
      "bank_name": "UNION",
      "account_number": "672202058633731",
      "balance": -234536.96
    },
    {
      "transaction_date": "2024-03-24",
      "description": "ATM WDL 596162\nKANNUR",
      "amount": 3000.0,
      "transaction_type": "DEBIT",
      "bank_name": "UNION",
      "account_number": "672202058633731",
      "balance": -231536.96
    },
    {
      "transaction_date": "2024-03-23",
      "description": "NEFT:Int.Pd:01-01-2024 to 01-03-2024",
      "amount": 41.71,
      "transaction_type": "CREDIT",
      "bank_name": "UNION",
      "account_number": "672202058633731",
      "balance": -231578.67
    },
    {
      "transaction_date": "2024-03-23",
      "description": "NEFT:TRANSFER\nFDRLM8287520681",
      "amount": 5959.0,
      "transaction_type": "DEBIT",
      "bank_name": "UNION",
      "account_number": "672202058633731",
      "balance": -225619.67
    },
    {
      "transaction_date": "2024-03-22",
      "description": "UPIAR/756539459893/DR/Ola/OLA/ICICI/ola@icici",
      "amount": 287.0,
      "transaction_type": "DEBIT",
      "bank_name": "UNION",
      "account_number": "672202058633731",
      "balance": -225332.67
    },
    {
      "transaction_date": "2024-03-22",
      "description": "UPIAB/172060612312/CR/AMIT\nPATEL/AMIT/ICICI/amitp789@okicici",
      "amount": 1843.0,
      "transaction_type": "CREDIT",
      "bank_name": "UNION",
      "account_number": "672202058633731",
      "balance": -227175.67
    },
    {
      "transaction_date": "2024-03-22",
      "description": "ATM WDL 152758\nKANNUR",
      "amount": 3000.0,
      "transaction_type": "DEBIT",
      "bank_name": "UNION",
      "account_number": "672202058633731",
      "balance": -224175.67
    },
    {
      "transaction_date": "2024-03-22",
      "description": "NEFT:TRANSFER\nFDRLM8810126110",
      "amount": 7269.0,
      "transaction_type": "DEBIT",
      "bank_name": "UNION",
      "account_number": "672202058633731",
      "balance": -216906.67
    },
    {
      "transaction_date": "2024-03-21",
      "description": "ATM WDL 721742\nKANNUR",
      "amount": 1000.0,
      "transaction_type": "DEBIT",
      "bank_name": "UNION",
      "account_number": "672202058633731",
      "balance": -215906.67
    },
    {
      "transaction_date": "2024-03-20",
      "description": "UPIAR/823613529767/DR/Google\nPlay/GOOGLEPLAY/UTIB/goog-payment@okaxis",
      "amount": 662.0,
      "transaction_type": "DEBIT",
      "bank_name": "UNION",
      "account_number": "672202058633731",
      "balance": -215244.67
    },
    {
      "transaction_date": "2024-03-20",
      "description": "NEFT:TRANSFER\nFDRLM8860503318",
      "amount": 9208.0,
      "transaction_type": "DEBIT",
      "bank_name": "UNION",
      "account_number": "672202058633731",
      "balance": -206036.67
    },
    {
      "transaction_date": "2024-03-19",
      "description": "UPIAR/669868150956/DR/Flipkart/FLIPKART/AXIS/flipkart@axisb\nank",
      "amount": 5749.0,
      "transaction_type": "DEBIT",
      "bank_name": "UNION",
      "account_number": "672202058633731",
      "balance": -200287.67
    },
    {
      "transaction_date": "2024-03-18",
      "description": "MAND DR- BCF2442-",
      "amount": 2083.0,
      "transaction_type": "DEBIT",
      "bank_name": "UNION",
      "account_number": "672202058633731",
      "balance": -198204.67
    },
    {
      "transaction_date": "2024-03-18",
      "description": "UPIAR/265351785050/DR/RAHUL\nSHARMA/RAHUL/SBIN/rahul123@oksbi",
      "amount": 5448.0,
      "transaction_type": "DEBIT",
      "bank_name": "UNION",
      "account_number": "672202058633731",
      "balance": -192756.67
    },
    {
      "transaction_date": "2024-03-18",
      "description": "NEFT:Int.Pd:01-01-2024 to 01-03-2024",
      "amount": 15.64,
      "transaction_type": "CREDIT",
      "bank_name": "UNION",
      "account_number": "672202058633731",
      "balance": -192772.31
    },
    {
      "transaction_date": "2024-03-18",
      "description": "UPIAR/282673867317/DR/PRIYA\nKUMAR/PRIYA/HDFC/priyak456@okhdfcbank",
      "amount": 5719.0,
      "transaction_type": "DEBIT",
      "bank_name": "UNION",
      "account_number": "672202058633731",
      "balance": -187053.31
    },
    {
      "transaction_date": "2024-03-17",
      "description": "UPIAB/824729153856/CR/KAVITA\nVERMA/KAVITA/KLGB/kavitav@okklgb",
      "amount": 2188.0,
      "transaction_type": "CREDIT",
      "bank_name": "UNION",
      "account_number": "672202058633731",
      "balance": -189241.31
    },
    {
      "transaction_date": "2024-03-15",
      "description": "UPIAR/400562890660/DR/Paytm/PAYTM/PYTM/paytm@paytm",
      "amount": 976.0,
      "transaction_type": "DEBIT",
      "bank_name": "UNION",
      "account_number": "672202058633731",
      "balance": -188265.31
    },
    {
      "transaction_date": "2024-03-15",
      "description": "ATM WDL 714938\nKOCHI",
      "amount": 3000.0,
      "transaction_type": "DEBIT",
      "bank_name": "UNION",
      "account_number": "672202058633731",
      "balance": -185265.31
    },
    {
      "transaction_date": "2024-03-14",
      "description": "ATM WDL 779115\nKANNUR",
      "amount": 1000.0,
      "transaction_type": "DEBIT",
      "bank_name": "UNION",
      "account_number": "672202058633731",
      "balance": -184265.31
    },
    {
      "transaction_date": "2024-03-14",
      "description": "UPIAR/569028681616/DR/Amazon/AMAZON/ICICI/amazon@icici",
      "amount": 4423.0,
      "transaction_type": "DEBIT",
      "bank_name": "UNION",
      "account_number": "672202058633731",
      "balance": -179842.31
    },
    {
      "transaction_date": "2024-03-14",
      "description": "UPIAR/461561244888/DR/Swiggy/SWIGGY/SBIN/swiggy@sbi",
      "amount": 438.0,
      "transaction_type": "DEBIT",
      "bank_name": "UNION",
      "account_number": "672202058633731",
      "balance": -179404.31
    },
    {
      "transaction_date": "2024-03-12",
      "description": "UPIAB/661256300721/CR/RAJESH\nNAIR/RAJESH/CNRB/rajeshn@okcanara",
      "amount": 9837.0,
      "transaction_type": "CREDIT",
      "bank_name": "UNION",
      "account_number": "672202058633731",
      "balance": -189241.31
    },
    {
      "transaction_date": "2024-03-12",
      "description": "UPIAR/137381719844/DR/DMart/DMART/HDFC/dmart@hdfcbank",
      "amount": 2926.0,
      "transaction_type": "DEBIT",
      "bank_name": "UNION",
      "account_number": "672202058633731",
      "balance": -186315.31
    },
    {
      "transaction_date": "2024-03-11",
      "description": "UPIAR/676744836228/DR/Google\nPlay/GOOGLEPLAY/UTIB/goog-payment@okaxis",
      "amount": 952.0,
      "transaction_type": "DEBIT",
      "bank_name": "UNION",
      "account_number": "672202058633731",
      "balance": -185363.31
    },
    {
      "transaction_date": "2024-03-11",
      "description": "UPIAB/311930007402/CR/PRIYA\nKUMAR/PRIYA/HDFC/priyak456@okhdfcbank",
      "amount": 4494.0,
      "transaction_type": "CREDIT",
      "bank_name": "UNION",
      "account_number": "672202058633731",
      "balance": -189857.31
    },
    {
      "transaction_date": "2024-03-10",
      "description": "UPIAR/820507947598/DR/RAHUL\nSHARMA/RAHUL/SBIN/rahul123@oksbi",
      "amount": 5733.0,
      "transaction_type": "DEBIT",
      "bank_name": "UNION",
      "account_number": "672202058633731",
      "balance": -184124.31
    },
    {
      "transaction_date": "2024-03-10",
      "description": "UPIAR/497880457848/DR/Flipkart/FLIPKART/AXIS/flipkart@axisb\nank",
      "amount": 3306.0,
      "transaction_type": "DEBIT",
      "bank_name": "UNION",
      "account_number": "672202058633731",
      "balance": -180818.31
    },
    {
      "transaction_date": "2024-03-10",
      "description": "NEFT:CREDIT RECEIVED\nFDRLM8592930855",
      "amount": 15656.0,
      "transaction_type": "CREDIT",
      "bank_name": "UNION",
      "account_number": "672202058633731",
      "balance": -196474.31
    },
    {
      "transaction_date": "2024-03-09",
      "description": "UPIAR/134717232859/DR/Flipkart/FLIPKART/AXIS/flipkart@axisb\nank",
      "amount": 4552.0,
      "transaction_type": "DEBIT",
      "bank_name": "UNION",
      "account_number": "672202058633731",
      "balance": -191922.31
    },
    {
      "transaction_date": "2024-03-08",
      "description": "UPIAB/527610403667/CR/SNEHA\nREDDY/SNEHA/AXIS/snehar@okaxis",
      "amount": 4411.0,
      "transaction_type": "CREDIT",
      "bank_name": "UNION",
      "account_number": "672202058633731",
      "balance": -196333.31
    },
    {
      "transaction_date": "2024-03-07",
      "description": "ATM WDL 578740\nKASARAGOD",
      "amount": 3000.0,
      "transaction_type": "DEBIT",
      "bank_name": "UNION",
      "account_number": "672202058633731",
      "balance": -193333.31
    },
    {
      "transaction_date": "2024-03-07",
      "description": "ATM WDL 202620\nKANNUR",
      "amount": 5000.0,
      "transaction_type": "DEBIT",
      "bank_name": "UNION",
      "account_number": "672202058633731",
      "balance": -188333.31
    },
    {
      "transaction_date": "2024-03-07",
      "description": "UPIAR/478084781618/DR/Zomato/ZOMATO/HDFC/zomato@hdfc\nbank",
      "amount": 467.0,
      "transaction_type": "DEBIT",
      "bank_name": "UNION",
      "account_number": "672202058633731",
      "balance": -187866.31
    },
    {
      "transaction_date": "2024-03-07",
      "description": "UPIAR/226701132761/DR/PRIYA\nKUMAR/PRIYA/HDFC/priyak456@okhdfcbank",
      "amount": 6189.0,
      "transaction_type": "DEBIT",
      "bank_name": "UNION",
      "account_number": "672202058633731",
      "balance": -181677.31
    },
    {
      "transaction_date": "2024-03-07",
      "description": "NEFT:TRANSFER\nFDRLM8930425698",
      "amount": 43306.0,
      "transaction_type": "DEBIT",
      "bank_name": "UNION",
      "account_number": "672202058633731",
      "balance": -138371.31
    },
    {
      "transaction_date": "2024-03-06",
      "description": "ATM WDL 164048\nKASARAGOD",
      "amount": 5000.0,
      "transaction_type": "DEBIT",
      "bank_name": "UNION",
      "account_number": "672202058633731",
      "balance": -133371.31
    },
    {
      "transaction_date": "2024-03-05",
      "description": "UPIAR/318836095199/DR/Uber/UBER/UTIB/uber@axisbank",
      "amount": 203.0,
      "transaction_type": "DEBIT",
      "bank_name": "UNION",
      "account_number": "672202058633731",
      "balance": -133168.31
    },
    {
      "transaction_date": "2024-03-03",
      "description": "UPIAR/699914559209/DR/Flipkart/FLIPKART/AXIS/flipkart@axisb\nank",
      "amount": 2201.0,
      "transaction_type": "DEBIT",
      "bank_name": "UNION",
      "account_number": "672202058633731",
      "balance": -130967.31
    },
    {
      "transaction_date": "2024-03-03",
      "description": "UPIAB/394934383581/CR/VIJAY\nSINGH/VIJAY/FDRL/vijays@okfederal",
      "amount": 4459.0,
      "transaction_type": "CREDIT",
      "bank_name": "UNION",
      "account_number": "672202058633731",
      "balance": -135426.31
    },
    {
      "transaction_date": "2024-03-03",
      "description": "UPIAR/974503455466/DR/Amazon/AMAZON/ICICI/amazon@icici",
      "amount": 1449.0,
      "transaction_type": "DEBIT",
      "bank_name": "UNION",
      "account_number": "672202058633731",
      "balance": -133977.31
    },
    {
      "transaction_date": "2024-03-02",
      "description": "UPIAR/622666485787/DR/BPCL Fuel/BPCL/CNRB/bpcl@canara",
      "amount": 2431.0,
      "transaction_type": "DEBIT",
      "bank_name": "UNION",
      "account_number": "672202058633731",
      "balance": -131546.31
    },
    {
      "transaction_date": "2024-02-29",
      "description": "NEFT:TRANSFER\nFDRLM8713827647",
      "amount": 25813.0,
      "transaction_type": "DEBIT",
      "bank_name": "UNION",
      "account_number": "672202058633731",
      "balance": -105733.31
    },
    {
      "transaction_date": "2024-02-29",
      "description": "ATM WDL 865313\nKOCHI",
      "amount": 2000.0,
      "transaction_type": "DEBIT",
      "bank_name": "UNION",
      "account_number": "672202058633731",
      "balance": -103733.31
    },
    {
      "transaction_date": "2024-02-29",
      "description": "NEFT:Int.Pd:01-01-2024 to 01-02-2024",
      "amount": 38.87,
      "transaction_type": "CREDIT",
      "bank_name": "UNION",
      "account_number": "672202058633731",
      "balance": -103772.18
    },
    {
      "transaction_date": "2024-02-27",
      "description": "ATM WDL 759288\nKANNUR",
      "amount": 500.0,
      "transaction_type": "DEBIT",
      "bank_name": "UNION",
      "account_number": "672202058633731",
      "balance": -103272.18
    },
    {
      "transaction_date": "2024-02-26",
      "description": "UPIAR/986976838528/DR/KAVITA\nVERMA/KAVITA/KLGB/kavitav@okklgb",
      "amount": 9139.0,
      "transaction_type": "DEBIT",
      "bank_name": "UNION",
      "account_number": "672202058633731",
      "balance": -94133.18
    },
    {
      "transaction_date": "2024-02-26",
      "description": "UPIAR/154530755983/DR/Amazon/AMAZON/ICICI/amazon@icici",
      "amount": 1322.0,
      "transaction_type": "DEBIT",
      "bank_name": "UNION",
      "account_number": "672202058633731",
      "balance": -92811.18
    },
    {
      "transaction_date": "2024-02-26",
      "description": "UPIAR/528761095476/DR/Swiggy/SWIGGY/SBIN/swiggy@sbi",
      "amount": 492.0,
      "transaction_type": "DEBIT",
      "bank_name": "UNION",
      "account_number": "672202058633731",
      "balance": -92319.18
    },
    {
      "transaction_date": "2024-02-25",
      "description": "NEFT:Int.Pd:01-01-2024 to 01-02-2024",
      "amount": 17.44,
      "transaction_type": "CREDIT",
      "bank_name": "UNION",
      "account_number": "672202058633731",
      "balance": -92336.62
    },
    {
      "transaction_date": "2024-02-25",
      "description": "UPIAB/333649126514/CR/PRIYA\nKUMAR/PRIYA/HDFC/priyak456@okhdfcbank",
      "amount": 9533.0,
      "transaction_type": "CREDIT",
      "bank_name": "UNION",
      "account_number": "672202058633731",
      "balance": -101869.62
    },
    {
      "transaction_date": "2024-02-25",
      "description": "UPIAR/916373267215/DR/Reliance/RELIANCE/SBIN/reliance@sb\ni",
      "amount": 2665.0,
      "transaction_type": "DEBIT",
      "bank_name": "UNION",
      "account_number": "672202058633731",
      "balance": -99204.62
    },
    {
      "transaction_date": "2024-02-24",
      "description": "UPIAR/742913434344/DR/Paytm/PAYTM/PYTM/paytm@paytm",
      "amount": 1464.0,
      "transaction_type": "DEBIT",
      "bank_name": "UNION",
      "account_number": "672202058633731",
      "balance": -97740.62
    },
    {
      "transaction_date": "2024-02-23",
      "description": "ATM WDL 729102\nKOCHI",
      "amount": 500.0,
      "transaction_type": "DEBIT",
      "bank_name": "UNION",
      "account_number": "672202058633731",
      "balance": -97240.62
    },
    {
      "transaction_date": "2024-02-23",
      "description": "UPIAR/478906257483/DR/DMart/DMART/HDFC/dmart@hdfcbank",
      "amount": 914.0,
      "transaction_type": "DEBIT",
      "bank_name": "UNION",
      "account_number": "672202058633731",
      "balance": -96326.62
    },
    {
      "transaction_date": "2024-02-22",
      "description": "UPIAR/840898262082/DR/Amazon/AMAZON/ICICI/amazon@icici",
      "amount": 3358.0,
      "transaction_type": "DEBIT",
      "bank_name": "UNION",
      "account_number": "672202058633731",
      "balance": -92968.62
    },
    {
      "transaction_date": "2024-02-21",
      "description": "UPIAR/708423878202/DR/Reliance/RELIANCE/SBIN/reliance@sb\ni",
      "amount": 678.0,
      "transaction_type": "DEBIT",
      "bank_name": "UNION",
      "account_number": "672202058633731",
      "balance": -92290.62
    },
    {
      "transaction_date": "2024-02-20",
      "description": "UPIAR/890051266279/DR/PRIYA\nKUMAR/PRIYA/HDFC/priyak456@okhdfcbank",
      "amount": 6631.0,
      "transaction_type": "DEBIT",
      "bank_name": "UNION",
      "account_number": "672202058633731",
      "balance": -85659.62
    },
    {
      "transaction_date": "2024-02-20",
      "description": "NEFT:TRANSFER\nFDRLM8671319089",
      "amount": 20137.0,
      "transaction_type": "DEBIT",
      "bank_name": "UNION",
      "account_number": "672202058633731",
      "balance": -65522.62
    },
    {
      "transaction_date": "2024-02-19",
      "description": "NEFT:Int.Pd:01-01-2024 to 01-02-2024",
      "amount": 46.52,
      "transaction_type": "CREDIT",
      "bank_name": "UNION",
      "account_number": "672202058633731",
      "balance": -65569.14
    },
    {
      "transaction_date": "2024-02-19",
      "description": "ATM WDL 923211\nKASARAGOD",
      "amount": 2000.0,
      "transaction_type": "DEBIT",
      "bank_name": "UNION",
      "account_number": "672202058633731",
      "balance": -63569.14
    },
    {
      "transaction_date": "2024-02-18",
      "description": "NEFT:TRANSFER\nFDRLM8608012822",
      "amount": 28334.0,
      "transaction_type": "DEBIT",
      "bank_name": "UNION",
      "account_number": "672202058633731",
      "balance": -35235.14
    },
    {
      "transaction_date": "2024-02-18",
      "description": "NEFT:CREDIT RECEIVED\nFDRLM8108067512",
      "amount": 37846.0,
      "transaction_type": "CREDIT",
      "bank_name": "UNION",
      "account_number": "672202058633731",
      "balance": -73081.14
    },
    {
      "transaction_date": "2024-02-17",
      "description": "UPIAB/577411609093/CR/VIJAY\nSINGH/VIJAY/FDRL/vijays@okfederal",
      "amount": 4197.0,
      "transaction_type": "CREDIT",
      "bank_name": "UNION",
      "account_number": "672202058633731",
      "balance": -77278.14
    },
    {
      "transaction_date": "2024-02-16",
      "description": "SMS Charges",
      "amount": 19.96,
      "transaction_type": "DEBIT",
      "bank_name": "UNION",
      "account_number": "672202058633731",
      "balance": -77258.18
    },
    {
      "transaction_date": "2024-02-16",
      "description": "ATM WDL 330450\nKOCHI",
      "amount": 1000.0,
      "transaction_type": "DEBIT",
      "bank_name": "UNION",
      "account_number": "672202058633731",
      "balance": -76258.18
    },
    {
      "transaction_date": "2024-02-16",
      "description": "UPIAR/867497442833/DR/PRIYA\nKUMAR/PRIYA/HDFC/priyak456@okhdfcbank",
      "amount": 2661.0,
      "transaction_type": "DEBIT",
      "bank_name": "UNION",
      "account_number": "672202058633731",
      "balance": -73597.18
    },
    {
      "transaction_date": "2024-02-15",
      "description": "UPIAR/973331284365/DR/SNEHA\nREDDY/SNEHA/AXIS/snehar@okaxis",
      "amount": 3416.0,
      "transaction_type": "DEBIT",
      "bank_name": "UNION",
      "account_number": "672202058633731",
      "balance": -70181.18
    },
    {
      "transaction_date": "2024-02-15",
      "description": "UPIAR/706604749990/DR/Uber/UBER/UTIB/uber@axisbank",
      "amount": 52.0,
      "transaction_type": "DEBIT",
      "bank_name": "UNION",
      "account_number": "672202058633731",
      "balance": -70129.18
    },
    {
      "transaction_date": "2024-02-14",
      "description": "UPIAR/134584939970/DR/Uber/UBER/UTIB/uber@axisbank",
      "amount": 380.0,
      "transaction_type": "DEBIT",
      "bank_name": "UNION",
      "account_number": "672202058633731",
      "balance": -69749.18
    },
    {
      "transaction_date": "2024-02-13",
      "description": "UPIAR/477365715361/DR/Flipkart/FLIPKART/AXIS/flipkart@axisb\nank",
      "amount": 4494.0,
      "transaction_type": "DEBIT",
      "bank_name": "UNION",
      "account_number": "672202058633731",
      "balance": -65255.18
    },
    {
      "transaction_date": "2024-02-13",
      "description": "NEFT:TRANSFER\nFDRLM8964204142",
      "amount": 45911.0,
      "transaction_type": "DEBIT",
      "bank_name": "UNION",
      "account_number": "672202058633731",
      "balance": -19344.18
    },
    {
      "transaction_date": "2024-02-12",
      "description": "UPIAR/501732765688/DR/Google\nPlay/GOOGLEPLAY/UTIB/goog-payment@okaxis",
      "amount": 545.0,
      "transaction_type": "DEBIT",
      "bank_name": "UNION",
      "account_number": "672202058633731",
      "balance": -18799.18
    },
    {
      "transaction_date": "2024-02-11",
      "description": "UPIAR/343121077156/DR/BPCL Fuel/BPCL/CNRB/bpcl@canara",
      "amount": 2059.0,
      "transaction_type": "DEBIT",
      "bank_name": "UNION",
      "account_number": "672202058633731",
      "balance": -16740.18
    },
    {
      "transaction_date": "2024-02-11",
      "description": "NEFT:CREDIT RECEIVED\nFDRLM8161909645",
      "amount": 22308.0,
      "transaction_type": "CREDIT",
      "bank_name": "UNION",
      "account_number": "672202058633731",
      "balance": -39048.18
    },
    {
      "transaction_date": "2024-02-11",
      "description": "SMS Charges",
      "amount": 17.71,
      "transaction_type": "DEBIT",
      "bank_name": "UNION",
      "account_number": "672202058633731",
      "balance": -39030.47
    },
    {
      "transaction_date": "2024-02-11",
      "description": "UPIAR/277607001354/DR/Flipkart/FLIPKART/AXIS/flipkart@axisb\nank",
      "amount": 4221.0,
      "transaction_type": "DEBIT",
      "bank_name": "UNION",
      "account_number": "672202058633731",
      "balance": -34809.47
    },
    {
      "transaction_date": "2024-02-11",
      "description": "UPIAB/767684086257/CR/AMIT\nPATEL/AMIT/ICICI/amitp789@okicici",
      "amount": 4775.0,
      "transaction_type": "CREDIT",
      "bank_name": "UNION",
      "account_number": "672202058633731",
      "balance": -39584.47
    },
    {
      "transaction_date": "2024-02-10",
      "description": "NEFT:TRANSFER\nFDRLM8536758986",
      "amount": 8904.0,
      "transaction_type": "DEBIT",
      "bank_name": "UNION",
      "account_number": "672202058633731",
      "balance": -30680.47
    },
    {
      "transaction_date": "2024-02-10",
      "description": "UPIAR/283032428299/DR/Ola/OLA/ICICI/ola@icici",
      "amount": 332.0,
      "transaction_type": "DEBIT",
      "bank_name": "UNION",
      "account_number": "672202058633731",
      "balance": -30348.47
    },
    {
      "transaction_date": "2024-02-10",
      "description": "UPIAR/972023296337/DR/PhonePe/PHONEPE/YESB/phonepe@\nybl",
      "amount": 646.0,
      "transaction_type": "DEBIT",
      "bank_name": "UNION",
      "account_number": "672202058633731",
      "balance": -29702.47
    },
    {
      "transaction_date": "2024-02-10",
      "description": "UPIAB/946571916947/CR/RAJESH\nNAIR/RAJESH/CNRB/rajeshn@okcanara",
      "amount": 5537.0,
      "transaction_type": "CREDIT",
      "bank_name": "UNION",
      "account_number": "672202058633731",
      "balance": -35239.47
    },
    {
      "transaction_date": "2024-02-10",
      "description": "General Charges Recovery",
      "amount": 125.5,
      "transaction_type": "DEBIT",
      "bank_name": "UNION",
      "account_number": "672202058633731",
      "balance": -35113.97
    },
    {
      "transaction_date": "2024-02-10",
      "description": "UPIAR/616269151505/DR/SNEHA\nREDDY/SNEHA/AXIS/snehar@okaxis",
      "amount": 605.0,
      "transaction_type": "DEBIT",
      "bank_name": "UNION",
      "account_number": "672202058633731",
      "balance": -34508.97
    },
    {
      "transaction_date": "2024-02-07",
      "description": "UPIAR/332971071978/DR/Zomato/ZOMATO/HDFC/zomato@hdfc\nbank",
      "amount": 362.0,
      "transaction_type": "DEBIT",
      "bank_name": "UNION",
      "account_number": "672202058633731",
      "balance": -34146.97
    },
    {
      "transaction_date": "2024-02-06",
      "description": "NEFT:Int.Pd:01-01-2024 to 01-02-2024",
      "amount": 31.55,
      "transaction_type": "CREDIT",
      "bank_name": "UNION",
      "account_number": "672202058633731",
      "balance": -34178.52
    },
    {
      "transaction_date": "2024-02-05",
      "description": "UPIAR/419521642188/DR/DMart/DMART/HDFC/dmart@hdfcbank",
      "amount": 2157.0,
      "transaction_type": "DEBIT",
      "bank_name": "UNION",
      "account_number": "672202058633731",
      "balance": -32021.52
    },
    {
      "transaction_date": "2024-02-05",
      "description": "NEFT:Int.Pd:01-01-2024 to 01-02-2024",
      "amount": 21.48,
      "transaction_type": "CREDIT",
      "bank_name": "UNION",
      "account_number": "672202058633731",
      "balance": -32043.0
    },
    {
      "transaction_date": "2024-02-05",
      "description": "UPIAR/271652889241/DR/Paytm/PAYTM/PYTM/paytm@paytm",
      "amount": 189.0,
      "transaction_type": "DEBIT",
      "bank_name": "UNION",
      "account_number": "672202058633731",
      "balance": -31854.0
    },
    {
      "transaction_date": "2024-02-04",
      "description": "UPIAB/828887658704/CR/RAJESH\nNAIR/RAJESH/CNRB/rajeshn@okcanara",
      "amount": 2372.0,
      "transaction_type": "CREDIT",
      "bank_name": "UNION",
      "account_number": "672202058633731",
      "balance": -34226.0
    },
    {
      "transaction_date": "2024-02-03",
      "description": "UPIAR/369135416148/DR/RAHUL\nSHARMA/RAHUL/SBIN/rahul123@oksbi",
      "amount": 8536.0,
      "transaction_type": "DEBIT",
      "bank_name": "UNION",
      "account_number": "672202058633731",
      "balance": -25690.0
    },
    {
      "transaction_date": "2024-02-02",
      "description": "UPIAR/667098910181/DR/BPCL Fuel/BPCL/CNRB/bpcl@canara",
      "amount": 1742.0,
      "transaction_type": "DEBIT",
      "bank_name": "UNION",
      "account_number": "672202058633731",
      "balance": -23948.0
    },
    {
      "transaction_date": "2024-02-01",
      "description": "UPIAR/948736121056/DR/Paytm/PAYTM/PYTM/paytm@paytm",
      "amount": 103.0,
      "transaction_type": "DEBIT",
      "bank_name": "UNION",
      "account_number": "672202058633731",
      "balance": -23845.0
    },
    {
      "transaction_date": "2024-02-01",
      "description": "UPIAR/277608276567/DR/Zomato/ZOMATO/HDFC/zomato@hdfc\nbank",
      "amount": 515.0,
      "transaction_type": "DEBIT",
      "bank_name": "UNION",
      "account_number": "672202058633731",
      "balance": -23330.0
    },
    {
      "transaction_date": "2024-01-31",
      "description": "UPIAR/655586027884/DR/Swiggy/SWIGGY/SBIN/swiggy@sbi",
      "amount": 248.0,
      "transaction_type": "DEBIT",
      "bank_name": "UNION",
      "account_number": "672202058633731",
      "balance": -23082.0
    },
    {
      "transaction_date": "2024-01-29",
      "description": "NEFT:Int.Pd:01-01-2024 to 01-01-2024",
      "amount": 20.18,
      "transaction_type": "CREDIT",
      "bank_name": "UNION",
      "account_number": "672202058633731",
      "balance": -23102.18
    },
    {
      "transaction_date": "2024-01-29",
      "description": "UPIAB/214336478918/CR/DEEPA\nMENON/DEEPA/BARB/deepam@okbob",
      "amount": 6540.0,
      "transaction_type": "CREDIT",
      "bank_name": "UNION",
      "account_number": "672202058633731",
      "balance": -29642.18
    },
    {
      "transaction_date": "2024-01-27",
      "description": "UPIAR/146903643895/DR/BPCL Fuel/BPCL/CNRB/bpcl@canara",
      "amount": 2175.0,
      "transaction_type": "DEBIT",
      "bank_name": "UNION",
      "account_number": "672202058633731",
      "balance": -27467.18
    },
    {
      "transaction_date": "2024-01-27",
      "description": "ATM WDL 235264\nKOCHI",
      "amount": 500.0,
      "transaction_type": "DEBIT",
      "bank_name": "UNION",
      "account_number": "672202058633731",
      "balance": -26967.18
    },
    {
      "transaction_date": "2024-01-25",
      "description": "NEFT:SALARY CREDIT\nFDRLM8306423270",
      "amount": 57424.0,
      "transaction_type": "CREDIT",
      "bank_name": "UNION",
      "account_number": "672202058633731",
      "balance": -84391.18
    },
    {
      "transaction_date": "2024-01-25",
      "description": "NEFT:Int.Pd:01-01-2024 to 01-01-2024",
      "amount": 25.16,
      "transaction_type": "CREDIT",
      "bank_name": "UNION",
      "account_number": "672202058633731",
      "balance": -84416.34
    },
    {
      "transaction_date": "2024-01-25",
      "description": "UPIAR/274845030681/DR/Swiggy/SWIGGY/SBIN/swiggy@sbi",
      "amount": 386.0,
      "transaction_type": "DEBIT",
      "bank_name": "UNION",
      "account_number": "672202058633731",
      "balance": -84030.34
    },
    {
      "transaction_date": "2024-01-25",
      "description": "UPIAR/518092004756/DR/Uber/UBER/UTIB/uber@axisbank",
      "amount": 358.0,
      "transaction_type": "DEBIT",
      "bank_name": "UNION",
      "account_number": "672202058633731",
      "balance": -83672.34
    },
    {
      "transaction_date": "2024-01-24",
      "description": "ATM WDL 151651\nKANNUR",
      "amount": 1000.0,
      "transaction_type": "DEBIT",
      "bank_name": "UNION",
      "account_number": "672202058633731",
      "balance": -82672.34
    },
    {
      "transaction_date": "2024-01-24",
      "description": "UPIAR/242487521215/DR/AMIT\nPATEL/AMIT/ICICI/amitp789@okicici",
      "amount": 4084.0,
      "transaction_type": "DEBIT",
      "bank_name": "UNION",
      "account_number": "672202058633731",
      "balance": -78588.34
    },
    {
      "transaction_date": "2024-01-24",
      "description": "UPIAR/579330940725/DR/RAHUL\nSHARMA/RAHUL/SBIN/rahul123@oksbi",
      "amount": 7517.0,
      "transaction_type": "DEBIT",
      "bank_name": "UNION",
      "account_number": "672202058633731",
      "balance": -71071.34
    },
    {
      "transaction_date": "2024-01-23",
      "description": "UPIAR/153865439941/DR/DMart/DMART/HDFC/dmart@hdfcbank",
      "amount": 1507.0,
      "transaction_type": "DEBIT",
      "bank_name": "UNION",
      "account_number": "672202058633731",
      "balance": -69564.34
    },
    {
      "transaction_date": "2024-01-22",
      "description": "NEFT:TRANSFER\nFDRLM8040265420",
      "amount": 26425.0,
      "transaction_type": "DEBIT",
      "bank_name": "UNION",
      "account_number": "672202058633731",
      "balance": -43139.34
    },
    {
      "transaction_date": "2024-01-22",
      "description": "UPIAR/404672381651/DR/Amazon/AMAZON/ICICI/amazon@icici",
      "amount": 1234.0,
      "transaction_type": "DEBIT",
      "bank_name": "UNION",
      "account_number": "672202058633731",
      "balance": -41905.34
    },
    {
      "transaction_date": "2024-01-21",
      "description": "UPIAB/354224262413/CR/RAJESH\nNAIR/RAJESH/CNRB/rajeshn@okcanara",
      "amount": 9564.0,
      "transaction_type": "CREDIT",
      "bank_name": "UNION",
      "account_number": "672202058633731",
      "balance": -51469.34
    },
    {
      "transaction_date": "2024-01-20",
      "description": "UPIAR/665278978451/DR/Swiggy/SWIGGY/SBIN/swiggy@sbi",
      "amount": 740.0,
      "transaction_type": "DEBIT",
      "bank_name": "UNION",
      "account_number": "672202058633731",
      "balance": -50729.34
    },
    {
      "transaction_date": "2024-01-19",
      "description": "UPIAR/321227301269/DR/RAHUL\nSHARMA/RAHUL/SBIN/rahul123@oksbi",
      "amount": 7586.0,
      "transaction_type": "DEBIT",
      "bank_name": "UNION",
      "account_number": "672202058633731",
      "balance": -43143.34
    },
    {
      "transaction_date": "2024-01-19",
      "description": "UPIAR/205293723742/DR/VIJAY\nSINGH/VIJAY/FDRL/vijays@okfederal",
      "amount": 4770.0,
      "transaction_type": "DEBIT",
      "bank_name": "UNION",
      "account_number": "672202058633731",
      "balance": -38373.34
    },
    {
      "transaction_date": "2024-01-19",
      "description": "UPIAR/410696473250/DR/Swiggy/SWIGGY/SBIN/swiggy@sbi",
      "amount": 722.0,
      "transaction_type": "DEBIT",
      "bank_name": "UNION",
      "account_number": "672202058633731",
      "balance": -37651.34
    },
    {
      "transaction_date": "2024-01-19",
      "description": "UPIAR/862793797465/DR/VIJAY\nSINGH/VIJAY/FDRL/vijays@okfederal",
      "amount": 3565.0,
      "transaction_type": "DEBIT",
      "bank_name": "UNION",
      "account_number": "672202058633731",
      "balance": -34086.34
    },
    {
      "transaction_date": "2024-01-17",
      "description": "UPIAR/893059580814/DR/Flipkart/FLIPKART/AXIS/flipkart@axisb\nank",
      "amount": 5840.0,
      "transaction_type": "DEBIT",
      "bank_name": "UNION",
      "account_number": "672202058633731",
      "balance": -28246.34
    },
    {
      "transaction_date": "2024-01-17",
      "description": "UPIAR/158293514894/DR/Zomato/ZOMATO/HDFC/zomato@hdfc\nbank",
      "amount": 559.0,
      "transaction_type": "DEBIT",
      "bank_name": "UNION",
      "account_number": "672202058633731",
      "balance": -27687.34
    },
    {
      "transaction_date": "2024-01-17",
      "description": "UPIAB/713513582072/CR/DEEPA\nMENON/DEEPA/BARB/deepam@okbob",
      "amount": 9480.0,
      "transaction_type": "CREDIT",
      "bank_name": "UNION",
      "account_number": "672202058633731",
      "balance": -37167.34
    },
    {
      "transaction_date": "2024-01-15",
      "description": "UPIAR/738552455250/DR/BookMyShow/BOOKMYSHOW/ICICI/b\nookmyshow@icici",
      "amount": 648.0,
      "transaction_type": "DEBIT",
      "bank_name": "UNION",
      "account_number": "672202058633731",
      "balance": -36519.34
    },
    {
      "transaction_date": "2024-01-15",
      "description": "UPIAB/600480480825/CR/VIJAY\nSINGH/VIJAY/FDRL/vijays@okfederal",
      "amount": 6903.0,
      "transaction_type": "CREDIT",
      "bank_name": "UNION",
      "account_number": "672202058633731",
      "balance": -43422.34
    },
    {
      "transaction_date": "2024-01-14",
      "description": "UPIAR/198085819447/DR/Reliance/RELIANCE/SBIN/reliance@sb\ni",
      "amount": 2905.0,
      "transaction_type": "DEBIT",
      "bank_name": "UNION",
      "account_number": "672202058633731",
      "balance": -40517.34
    },
    {
      "transaction_date": "2024-01-13",
      "description": "ATM WDL 271836\nKOCHI",
      "amount": 2000.0,
      "transaction_type": "DEBIT",
      "bank_name": "UNION",
      "account_number": "672202058633731",
      "balance": -38517.34
    },
    {
      "transaction_date": "2024-01-10",
      "description": "UPIAR/601394323420/DR/BookMyShow/BOOKMYSHOW/ICICI/b\nookmyshow@icici",
      "amount": 209.0,
      "transaction_type": "DEBIT",
      "bank_name": "UNION",
      "account_number": "672202058633731",
      "balance": -38308.34
    },
    {
      "transaction_date": "2024-01-09",
      "description": "UPIAR/832664823748/DR/BookMyShow/BOOKMYSHOW/ICICI/b\nookmyshow@icici",
      "amount": 769.0,
      "transaction_type": "DEBIT",
      "bank_name": "UNION",
      "account_number": "672202058633731",
      "balance": -37539.34
    },
    {
      "transaction_date": "2024-01-09",
      "description": "UPIAB/823970700962/CR/RAJESH\nNAIR/RAJESH/CNRB/rajeshn@okcanara",
      "amount": 4942.0,
      "transaction_type": "CREDIT",
      "bank_name": "UNION",
      "account_number": "672202058633731",
      "balance": -42481.34
    },
    {
      "transaction_date": "2024-01-07",
      "description": "UPIAR/230101382015/DR/PhonePe/PHONEPE/YESB/phonepe@\nybl",
      "amount": 780.0,
      "transaction_type": "DEBIT",
      "bank_name": "UNION",
      "account_number": "672202058633731",
      "balance": -41701.34
    },
    {
      "transaction_date": "2024-01-06",
      "description": "UPIAR/332812607940/DR/Zomato/ZOMATO/HDFC/zomato@hdfc\nbank",
      "amount": 776.0,
      "transaction_type": "DEBIT",
      "bank_name": "UNION",
      "account_number": "672202058633731",
      "balance": -40925.34
    },
    {
      "transaction_date": "2024-01-04",
      "description": "UPIAR/138626113279/DR/PhonePe/PHONEPE/YESB/phonepe@\nybl",
      "amount": 242.0,
      "transaction_type": "DEBIT",
      "bank_name": "UNION",
      "account_number": "672202058633731",
      "balance": -40683.34
    },
    {
      "transaction_date": "2024-01-04",
      "description": "UPIAR/584698120707/DR/Flipkart/FLIPKART/AXIS/flipkart@axisb\nank",
      "amount": 5004.0,
      "transaction_type": "DEBIT",
      "bank_name": "UNION",
      "account_number": "672202058633731",
      "balance": -35679.34
    },
    {
      "transaction_date": "2024-01-03",
      "description": "UPIAR/603670478431/DR/DMart/DMART/HDFC/dmart@hdfcbank",
      "amount": 1553.0,
      "transaction_type": "DEBIT",
      "bank_name": "UNION",
      "account_number": "672202058633731",
      "balance": -34126.34
    },
    {
      "transaction_date": "2024-01-03",
      "description": "ATM WDL 798827\nKOCHI",
      "amount": 5000.0,
      "transaction_type": "DEBIT",
      "bank_name": "UNION",
      "account_number": "672202058633731",
      "balance": -29126.34
    },
    {
      "transaction_date": "2024-01-01",
      "description": "NEFT:TRANSFER\nFDRLM8502770659",
      "amount": 16286.0,
      "transaction_type": "DEBIT",
      "bank_name": "UNION",
      "account_number": "672202058633731",
      "balance": -12840.34
    },
    {
      "transaction_date": "2023-12-31",
      "description": "UPIAR/965027670066/DR/Amazon/AMAZON/ICICI/amazon@icici",
      "amount": 2251.0,
      "transaction_type": "DEBIT",
      "bank_name": "UNION",
      "account_number": "672202058633731",
      "balance": -10589.34
    },
    {
      "transaction_date": "2023-12-31",
      "description": "NEFT:TRANSFER\nFDRLM8040086361",
      "amount": 13994.0,
      "transaction_type": "DEBIT",
      "bank_name": "UNION",
      "account_number": "672202058633731",
      "balance": 3404.66
    },
    {
      "transaction_date": "2023-12-30",
      "description": "UPIAR/279738187503/DR/PhonePe/PHONEPE/YESB/phonepe@\nybl",
      "amount": 403.0,
      "transaction_type": "DEBIT",
      "bank_name": "UNION",
      "account_number": "672202058633731",
      "balance": 3807.66
    },
    {
      "transaction_date": "2023-12-30",
      "description": "UPIAR/723468222241/DR/BPCL Fuel/BPCL/CNRB/bpcl@canara",
      "amount": 1345.0,
      "transaction_type": "DEBIT",
      "bank_name": "UNION",
      "account_number": "672202058633731",
      "balance": 5152.66
    },
    {
      "transaction_date": "2023-12-30",
      "description": "UPIAR/504828425061/DR/PhonePe/PHONEPE/YESB/phonepe@\nybl",
      "amount": 615.0,
      "transaction_type": "DEBIT",
      "bank_name": "UNION",
      "account_number": "672202058633731",
      "balance": 5767.66
    },
    {
      "transaction_date": "2023-12-29",
      "description": "UPIAR/235463317882/DR/PhonePe/PHONEPE/YESB/phonepe@\nybl",
      "amount": 106.0,
      "transaction_type": "DEBIT",
      "bank_name": "UNION",
      "account_number": "672202058633731",
      "balance": 5873.66
    },
    {
      "transaction_date": "2023-12-29",
      "description": "UPIAR/817859621280/DR/Zomato/ZOMATO/HDFC/zomato@hdfc\nbank",
      "amount": 599.0,
      "transaction_type": "DEBIT",
      "bank_name": "UNION",
      "account_number": "672202058633731",
      "balance": 6472.66
    },
    {
      "transaction_date": "2023-12-29",
      "description": "UPIAB/397520306235/CR/AMIT\nPATEL/AMIT/ICICI/amitp789@okicici",
      "amount": 1866.0,
      "transaction_type": "CREDIT",
      "bank_name": "UNION",
      "account_number": "672202058633731",
      "balance": 4606.66
    },
    {
      "transaction_date": "2023-12-28",
      "description": "NEFT:CREDIT RECEIVED\nFDRLM8324426014",
      "amount": 14841.0,
      "transaction_type": "CREDIT",
      "bank_name": "UNION",
      "account_number": "672202058633731",
      "balance": -10234.34
    },
    {
      "transaction_date": "2023-12-26",
      "description": "UPIAB/587453220479/CR/AMIT\nPATEL/AMIT/ICICI/amitp789@okicici",
      "amount": 7692.0,
      "transaction_type": "CREDIT",
      "bank_name": "UNION",
      "account_number": "672202058633731",
      "balance": -17926.34
    },
    {
      "transaction_date": "2023-12-24",
      "description": "UPIAB/620979362298/CR/RAHUL\nSHARMA/RAHUL/SBIN/rahul123@oksbi",
      "amount": 7406.0,
      "transaction_type": "CREDIT",
      "bank_name": "UNION",
      "account_number": "672202058633731",
      "balance": -25332.34
    },
    {
      "transaction_date": "2023-12-23",
      "description": "UPIAR/982355938322/DR/BPCL Fuel/BPCL/CNRB/bpcl@canara",
      "amount": 1125.0,
      "transaction_type": "DEBIT",
      "bank_name": "UNION",
      "account_number": "672202058633731",
      "balance": -24207.34
    },
    {
      "transaction_date": "2023-12-23",
      "description": "UPIAR/805942691883/DR/Amazon/AMAZON/ICICI/amazon@icici",
      "amount": 2052.0,
      "transaction_type": "DEBIT",
      "bank_name": "UNION",
      "account_number": "672202058633731",
      "balance": -22155.34
    },
    {
      "transaction_date": "2023-12-23",
      "description": "UPIAB/772240685699/CR/KAVITA\nVERMA/KAVITA/KLGB/kavitav@okklgb",
      "amount": 3548.0,
      "transaction_type": "CREDIT",
      "bank_name": "UNION",
      "account_number": "672202058633731",
      "balance": -25703.34
    },
    {
      "transaction_date": "2023-12-21",
      "description": "UPIAR/699278150019/DR/Google\nPlay/GOOGLEPLAY/UTIB/goog-payment@okaxis",
      "amount": 646.0,
      "transaction_type": "DEBIT",
      "bank_name": "UNION",
      "account_number": "672202058633731",
      "balance": -25057.34
    },
    {
      "transaction_date": "2023-12-21",
      "description": "UPIAB/873124313896/CR/KAVITA\nVERMA/KAVITA/KLGB/kavitav@okklgb",
      "amount": 4336.0,
      "transaction_type": "CREDIT",
      "bank_name": "UNION",
      "account_number": "672202058633731",
      "balance": -29393.34
    },
    {
      "transaction_date": "2023-12-21",
      "description": "UPIAR/777019806011/DR/Reliance/RELIANCE/SBIN/reliance@sb\ni",
      "amount": 702.0,
      "transaction_type": "DEBIT",
      "bank_name": "UNION",
      "account_number": "672202058633731",
      "balance": -28691.34
    },
    {
      "transaction_date": "2023-12-20",
      "description": "UPIAB/409991543061/CR/PRIYA\nKUMAR/PRIYA/HDFC/priyak456@okhdfcbank",
      "amount": 1009.0,
      "transaction_type": "CREDIT",
      "bank_name": "UNION",
      "account_number": "672202058633731",
      "balance": -29700.34
    },
    {
      "transaction_date": "2023-12-18",
      "description": "UPIAR/699836017990/DR/Zomato/ZOMATO/HDFC/zomato@hdfc\nbank",
      "amount": 548.0,
      "transaction_type": "DEBIT",
      "bank_name": "UNION",
      "account_number": "672202058633731",
      "balance": -29152.34
    },
    {
      "transaction_date": "2023-12-18",
      "description": "UPIAB/693162312645/CR/RAJESH\nNAIR/RAJESH/CNRB/rajeshn@okcanara",
      "amount": 9808.0,
      "transaction_type": "CREDIT",
      "bank_name": "UNION",
      "account_number": "672202058633731",
      "balance": -38960.34
    },
    {
      "transaction_date": "2023-12-17",
      "description": "NEFT:Int.Pd:01-10-2023 to 01-12-2023",
      "amount": 17.61,
      "transaction_type": "CREDIT",
      "bank_name": "UNION",
      "account_number": "672202058633731",
      "balance": -38977.95
    },
    {
      "transaction_date": "2023-12-17",
      "description": "UPIAR/851192260317/DR/Swiggy/SWIGGY/SBIN/swiggy@sbi",
      "amount": 562.0,
      "transaction_type": "DEBIT",
      "bank_name": "UNION",
      "account_number": "672202058633731",
      "balance": -38415.95
    },
    {
      "transaction_date": "2023-12-16",
      "description": "NEFT:Int.Pd:01-10-2023 to 01-12-2023",
      "amount": 47.57,
      "transaction_type": "CREDIT",
      "bank_name": "UNION",
      "account_number": "672202058633731",
      "balance": -38463.52
    },
    {
      "transaction_date": "2023-12-16",
      "description": "UPIAR/892032825502/DR/Google\nPlay/GOOGLEPLAY/UTIB/goog-payment@okaxis",
      "amount": 297.0,
      "transaction_type": "DEBIT",
      "bank_name": "UNION",
      "account_number": "672202058633731",
      "balance": -38166.52
    },
    {
      "transaction_date": "2023-12-15",
      "description": "UPIAR/972781558116/DR/Zomato/ZOMATO/HDFC/zomato@hdfc\nbank",
      "amount": 866.0,
      "transaction_type": "DEBIT",
      "bank_name": "UNION",
      "account_number": "672202058633731",
      "balance": -37300.52
    },
    {
      "transaction_date": "2023-12-14",
      "description": "ATM WDL 469178\nKOCHI",
      "amount": 5000.0,
      "transaction_type": "DEBIT",
      "bank_name": "UNION",
      "account_number": "672202058633731",
      "balance": -32300.52
    },
    {
      "transaction_date": "2023-12-14",
      "description": "UPIAB/220036090600/CR/KAVITA\nVERMA/KAVITA/KLGB/kavitav@okklgb",
      "amount": 6690.0,
      "transaction_type": "CREDIT",
      "bank_name": "UNION",
      "account_number": "672202058633731",
      "balance": -38990.52
    },
    {
      "transaction_date": "2023-12-13",
      "description": "UPIAR/125831794380/DR/PhonePe/PHONEPE/YESB/phonepe@\nybl",
      "amount": 707.0,
      "transaction_type": "DEBIT",
      "bank_name": "UNION",
      "account_number": "672202058633731",
      "balance": -38283.52
    },
    {
      "transaction_date": "2023-12-13",
      "description": "ATM WDL 659008\nKASARAGOD",
      "amount": 500.0,
      "transaction_type": "DEBIT",
      "bank_name": "UNION",
      "account_number": "672202058633731",
      "balance": -37783.52
    },
    {
      "transaction_date": "2023-12-13",
      "description": "NEFT:Int.Pd:01-10-2023 to 01-12-2023",
      "amount": 15.05,
      "transaction_type": "CREDIT",
      "bank_name": "UNION",
      "account_number": "672202058633731",
      "balance": -37798.57
    }
  ]
}